npi,organization_name,practice_address,city,state,zip,phone,authorized_official,official_title,organizational_subpart,parent_org,group_indicator,taxonomy_code,taxonomy_description,enumeration_date,days_since_enrollment,data_complete
1336051622,URGENT HELP CHELMSFORD PC,42 WASHINGTON ST,NORWELL,MA,02061,781-421-3503,Petter Etholm,Secretary and Treasurer,NO,,Standalone,261QU0200X,Urgent Care Center,2026-09-21,0,Yes
1568374817,OCTA PROMOTIONS LLC,6833 LAKEVIEW HAVEN DR APT 1434,HOUSTON,TX,77084,571-650-0469,Sunil John,Owner,NO,,Group — 2 locations (shared phone),261QU0200X,Urgent Care Center,2026-09-21,0,Yes
1245142538,LOPEZ HUSTO URGENT CARE PC,6332 S RAINBOW BLVD,LAS VEGAS,NV,89118,619-243-4901,Blake Lopez,Owner,NO,,Standalone,261QU0200X,Urgent Care Center,2026-09-21,0,Yes
1508778861,AAHIL SERVICES,66 THOMAS ST,CORAM,NY,11727,631-721-5211,Tufail Ahmed Anwar Khanam,Owner,NO,,Standalone,261QU0200X,Urgent Care Center,2026-09-21,0,Yes
1013829522,SAVVYSAVINGS CO LLC,2171 BRAGG ST,BROOKLYN,NY,11229,347-601-6136,Helen Alphons-Cooke,CEO,NO,,Standalone,261QU0200X,Urgent Care Center,2026-09-19,2,Yes
1700798295,ELEVATE HEALTH SERVICES LLC,1021 E LINCOLNWAY STE 10588,CHEYENNE,WY,82001,307-316-1096,Japinder Singh,Authorized Official,NO,,Group — 2 locations (shared phone),261QU0200X,Urgent Care Center,2026-09-19,3,Yes
1073425625,MEDIVANTA DIAGNOSTIC LAB LLC,458 BOYNTON AVE APT A2,SAN JOSE,CA,95117,945-403-5428,Sarpreet Singh,OWNER,NO,,Group — 5 locations (same owner),291U00000X,Clinical Medical Laboratory,2026-09-18,2,Yes
1427960061,LUMINEXA BILLING LLC,3707 POINCIANA DR APT 82,SANTA CLARA,CA,95051,202-494-7358,Sanjeev Bhoker,OWNER,NO,,Group — 3 locations (shared phone),291U00000X,Clinical Medical Laboratory,2026-09-18,2,Yes
1942112545,TAVORYN LLC,3707 POINCIANA DR APT 82,SANTA CLARA,CA,95051,979-365-4926,Bhanu Rana,OWNER,NO,,Group — 5 locations (shared phone),291U00000X,Clinical Medical Laboratory,2026-09-18,2,Yes
1942112644,OVANTRA LLC,3707 POINCIANA DR APT 82,SANTA CLARA,CA,95051,979-365-4926,Bhanu Rana,OWNER,NO,,Group — 5 locations (shared phone),291U00000X,Clinical Medical Laboratory,2026-09-18,2,Yes
1801708417,ORLENTRA LLC,3707 POINCIANA DR APT 82,SANTA CLARA,CA,95051,979-365-4926,Bhanu Rana,OWNER,NO,,Group — 5 locations (shared phone),291U00000X,Clinical Medical Laboratory,2026-09-18,2,Yes
1740192400,ZORVEX HEALTH REVENUE LLC,458 BOYNTON AVE APT A2,SAN JOSE,CA,95117,307-207-3695,Ajay Singh,OWNER,NO,,Group — 4 locations (shared phone),291U00000X,Clinical Medical Laboratory,2026-09-18,2,Yes
1194637850,VERIDOC REVENUE PARTNERS LLC,458 BOYNTON AVE APT A2,SAN JOSE,CA,95117,307-207-3695,Ajay Singh,OWNER,NO,,Group — 4 locations (shared phone),291U00000X,Clinical Medical Laboratory,2026-09-18,2,Yes
1750293395,TRUVANTA MEDICAL SERVICES LLC,458 BOYNTON AVE APT A2,SAN JOSE,CA,95117,717-268-9133,Sarpreet Singh,OWNER,NO,,Group — 4 locations (shared phone),291U00000X,Clinical Medical Laboratory,2026-09-18,2,Yes
1427960236,"TITAN FAIRHAVEN HOLDINGS, LLC",2400 N BELL AVE,DENTON,TX,76209,940-331-5353,Kevin Kaseff,Manager,NO,,Group — 2 locations (same owner),310400000X,Assisted Living Facility,2026-09-18,0,Yes
1760394464,KYNVERA LLC,3707 POINCIANA DR APT 82,SANTA CLARA,CA,95051,979-365-4926,Bhanu Rana,OWNER,NO,,Group — 5 locations (shared phone),291U00000X,Clinical Medical Laboratory,2026-09-18,2,Yes
1447162185,NEOGENE SCIENCES INC,9627 S DIXIE HWY STE 100,PINECREST,FL,33156,786-340-5576,Ruzanna Mkhitarian,owner,NO,,Standalone,291U00000X,Clinical Medical Laboratory,2026-09-18,2,Yes
1265344923,GRANDVIEW DIAGNOSTICS LLC,458 BOYNTON AVE APT A2,SAN JOSE,CA,95117,307-207-3695,Ajay Singh,OWNER,NO,,Group — 4 locations (shared phone),291U00000X,Clinical Medical Laboratory,2026-09-18,2,Yes
1821900465,CRYSALIS BIOMED LAB LLC,458 BOYNTON AVE APT A2,SAN JOSE,CA,95117,717-268-9133,Sarpreet Singh,OWNER,NO,,Group — 4 locations (shared phone),291U00000X,Clinical Medical Laboratory,2026-09-18,2,Yes
1407768047,CLINOVA REVENUE SERVICES LLC,3707 POINCIANA DR APT 82,SANTA CLARA,CA,95051,202-494-7358,Sanjeev Bhoker,OWNER,NO,,Group — 3 locations (shared phone),291U00000X,Clinical Medical Laboratory,2026-09-18,2,Yes
1962314500,BLUELEDGER MEDICAL BILLING LLC,3707 POINCIANA DR APT 82,SANTA CLARA,CA,95051,202-494-7358,Sanjeev Bhoker,OWNER,NO,,Group — 3 locations (shared phone),291U00000X,Clinical Medical Laboratory,2026-09-18,2,Yes
1033021795,AVYRA MEDICAL BILLING LLC,458 BOYNTON AVE APT A2,SAN JOSE,CA,95117,307-207-3695,Ajay Singh,OWNER,NO,,Group — 4 locations (shared phone),291U00000X,Clinical Medical Laboratory,2026-09-18,2,Yes
1295647832,FAOH PRIVATE HOME CARE LLC,2018 156TH AVE NE STE 100,BELLEVUE,WA,98007,206-887-4862,Violet Mwandenga,Owner,NO,,Standalone,251E00000X,Home Health,2026-09-18,1,Yes
1528970274,JSIR QUALITY HOME CARE LLC,12664 FISHER ST,ENGLEWOOD,CO,80112,303-228-9808,Jules Strachman,Owner,NO,,Standalone,251E00000X,Home Health,2026-09-18,0,Yes
1649182254,VIRELZA LLC,3707 POINCIANA DR APT 82,SANTA CLARA,CA,95051,979-365-4926,Bhanu Rana,OWNER,NO,,Group — 5 locations (shared phone),291U00000X,Clinical Medical Laboratory,2026-09-18,2,Yes
1578475265,PURE HEART IN-HOME SERVICES LLC,3592 BROADWAY STE 130,FORT MYERS,FL,33901,239-202-3547,Lakeyatta Hayward,Owner,NO,,Standalone,251E00000X,Home Health,2026-09-18,0,Yes
1700798493,SWAY INTERNATIONAL INC,1302 ADAMS FARM PKWY APT D,GREENSBORO,NC,27407,213-268-9542,Saghir Ahmed Spall,Owner,NO,,Standalone,261QU0200X,Urgent Care Center,2026-09-18,3,Yes
1861304487,LORVEN DIAGSERV,5304 HUNTER RIDGE LN,NORCROSS,GA,30092,470-797-6566,Sai Sawant,President,NO,,Group — 3 locations (shared phone),291U00000X,Clinical Medical Laboratory,2026-09-18,2,Yes
1194637876,HN SERVICES LLC,492 TYLER LN,CANTON,MI,48188,904-329-9532,Hassan Shahid,Director,NO,,Standalone,291U00000X,Clinical Medical Laboratory,2026-09-18,3,Yes
1376455089,TRUSTED HANDS STAFFING SOLUTIONS LLC,1260 MARYLAND AVE,HAGERSTOWN,MD,21740,240-469-0561,Megan Ellis,"Owner, Admin",NO,,Standalone,251E00000X,Home Health,2026-09-18,0,Yes
1346152949,QADSAN,286 W 2ND ST,DEER PARK,NY,11729,332-264-9947,Asfaan Asif,Owner,NO,,Standalone,261QU0200X,Urgent Care Center,2026-09-18,3,Yes
1437061082,PROMEDI LLC,85 W FAIRVIEW AVE,VALLEY STREAM,NY,11580,346-396-1252,Shakeel Ahmad,Owner,NO,,Group — 41 locations (shared phone),261QU0200X,Urgent Care Center,2026-09-18,3,Yes
1407768054,PRIMEPATH MEDICAL LLC,2020 N ACADEMY BLVD STE 283,COLORADO SPRINGS,CO,80909,719-679-7517,Manish Kumar Punati,Business Owner,NO,,Standalone,261QU0200X,Urgent Care Center,2026-09-18,3,Yes
1629980271,P & P GRIND LLC,89 MICHELLE LN,HIRAM,GA,30141,641-236-2313,Dawn Stephens,Owner,NO,,Standalone,261QU0200X,Urgent Care Center,2026-09-18,3,Yes
1356253181,BLUEVENTRA LLC,16886 HAMMON WOODS DR,HUMBLE,TX,77346,931-413-9502,Ramanpreet Kaur,oWNER,NO,,Group — 3 locations (shared phone),261QU0200X,Urgent Care Center,2026-09-17,4,Yes
1275445017,URGENT CARE OPERATIONS PC,500 LINCOLN ST,WORCESTER,MA,01605,774-420-2111,Zaka Shafiq,Center Director,NO,,Group — 4 locations (same owner),261QU0200X,Urgent Care Center,2026-09-17,4,Yes
1467364208,URGENT CARE OPERATIONS PC,348 GREENWOOD ST,WORCESTER,MA,01607,774-420-2103,Zaka Shafiq,Center Director,NO,,Group — 4 locations (same owner),261QU0200X,Urgent Care Center,2026-09-17,4,Yes
1013829936,METHODIST MEDICAL CENTER OF ILLINOIS,5401 N KNOXVILLE AVE STE 300,PEORIA,IL,61614,309-643-6104,Aron Klein,VP FINANCIAL SERVICES,YES,Carle Health - West Region,Part of group: Carle Health - West Region,261QE0700X,Dialysis / ESRD Treatment Facility,2026-09-17,3,Yes
1336051259,METHODIST MEDICAL CENTER OF ILLINOIS,5401 N KNOXVILLE AVE STE 104,PEORIA,IL,61614,309-643-6205,Aron Klein,VP FINANCIAL SERVICES,YES,Carle Health - West Region,Part of group: Carle Health - West Region,261QE0700X,Dialysis / ESRD Treatment Facility,2026-09-17,3,Yes
1336051168,HEALTH CLINICAL LAB LLC,6044 S 16TH ST STE 180,PHOENIX,AZ,85042,602-350-9547,Miguel Duran,owner,NO,,Group — 2 locations (shared phone),291U00000X,Clinical Medical Laboratory,2026-09-17,3,Yes
1023920980,HEALTH CLINICAL LAB LLC,6044 S 16TH ST STE 180,PHOENIX,AZ,85042,602-350-9547,Miguel Duran,OWNER,NO,,Group — 2 locations (shared phone),291U00000X,Clinical Medical Laboratory,2026-09-17,3,Yes
1295647030,URGENT CARE OPERATIONS PC,345 MAIN ST,TEWKSBURY,MA,01876,978-851-4683,Zaka Shafiq,Center Director,NO,,Group — 4 locations (same owner),261QU0200X,Urgent Care Center,2026-09-17,4,Yes
1245141134,DESTINY ASSISTED LIVING LLC,1315 RICHARDSON RD,LATHROP,CA,95330,209-699-2203,Navneet Grewal,Administrator,NO,,Standalone,310400000X,Assisted Living Facility,2026-09-17,0,Yes
1598677353,MAR 22 LLC,1500 N GRANT ST STE N,DENVER,CO,80203,303-219-4757,Mustafa K Abdel Rahman,CEO,NO,,Standalone,261QU0200X,Urgent Care Center,2026-09-17,4,Yes
1588576300,WELCOME HOME CARE LLP,3425 XENIA AVE N,CRYSTAL,MN,55422,612-267-2946,Layla Akapo,LALD/Owner,NO,,Standalone,310400000X,Assisted Living Facility,2026-09-17,1,Yes
1184536013,"OPA SENIOR LIVING, LLC",5729 E SAN JUAN DR,ORANGE,CA,92869,562-714-3383,Chet Khay,Administrator/CEO,NO,,Standalone,310400000X,Assisted Living Facility,2026-09-17,0,Yes
1629989546,TOP LEVEL URGENT CARE,16714 HILLSIDE AVE FL 4,JAMAICA,NY,11432,718-674-6232,Mohammed Rahman,PRESIDENT,YES,Briarwood Medical Services Pc,Part of group: Briarwood Medical Services Pc,261QU0200X,Urgent Care Center,2026-09-17,4,Yes
1770495608,"IHC-CINNAMINSON URBAN RENEWAL MT, LLC",605 US-130,CINNAMINSON,NJ,08077,856-202-3380,Christopher Wettig,Chief Financial Officer,NO,,Standalone,310400000X,Assisted Living Facility,2026-09-17,1,Yes
1043121940,SAFE SCREEN LAB EXPRESS,7859 CLEARVIEW CIR,RIVERDALE,GA,30296,404-282-8442,Ebony Mason,Owner / Operator,NO,,Standalone,291U00000X,Clinical Medical Laboratory,2026-09-17,3,Yes
1679484554,MAQ SURGERY CENTER,100 N WIGET LN STE 140,WALNUT CREEK,CA,94598,916-235-6802,Paul Schrupp,CEO,NO,,Group — 2 locations (shared phone),261QA1903X,Ambulatory Surgery Center,2026-09-17,2,Yes
1093626913,FAIRFIELD OSL,6131 E RIVER RD,FAIRFIELD,OH,45014,513-701-9218,Whitney Mettler,Director of Operations,YES,"Optimized Senior Living Group, Inc","Part of group: Optimized Senior Living Group, Inc",310400000X,Assisted Living Facility,2026-09-17,1,Yes
1801708797,"KARMA HOME CARE AGENCY, LLC",525 E BIG BEAVER RD STE 350,TROY,MI,48083,586-506-1986,Christine Goryoka,Owner,NO,,Standalone,251E00000X,Home Health,2026-09-17,1,Yes
1962314716,ALLIED KINGDOM AMBASSADORS LLC,11003 BEVERLYS FORD CT,SPOTSYLVANIA,VA,22551,571-919-5344,Thaddious Osby,CEO/Administrator,NO,,Standalone,251E00000X,Home Health,2026-09-17,2,Yes
1750293650,KHAL HORIZONS,29124 CANDLEWOOD LN,SOUTHFIELD,MI,48076,248-483-6705,Brandon Young,CEO,NO,,Standalone,251E00000X,Home Health,2026-09-17,1,Yes
1831001684,"CARITAS CARE SERVICES, LLC.",3175 S CONGRESS AVE STE 306A,PALM SPRINGS,FL,33461,561-260-1308,Agustin Morales,PRESIDENT/MEMBER,NO,,Standalone,251E00000X,Home Health,2026-09-17,1,Yes
1093627986,GEISHA ACTIVE WELLNESS LLC,3440 E RUSSELL RD STE 215,LAS VEGAS,NV,89120,702-214-4241,Yazmin Galindo,Member/Owner,NO,,Standalone,251E00000X,Home Health,2026-09-17,2,Yes
1386555209,PRIMARY SERVICES,2206 HANFRED LN STE 101,TUCKER,GA,30084,678-641-2446,Oscar Kyser,director,NO,,Standalone,251E00000X,Home Health,2026-09-17,1,Yes
1083526941,CGL LEARNING INSTITUTE LLC,1458 LIBERTY AVE,HILLSIDE,NJ,07205,,,,,,Standalone,251E00000X,Home Health,2026-09-17,1,Yes
1679485445,LOYAL HEARTS OF SERVICE,6274 BALTUSROL TRCE,FAIRBURN,GA,30213,470-800-3396,Oluwafunmilola Sulaimon,"DNP,PMHNP-BC",YES,Loyal Hearts Of Service Llc,Part of group: Loyal Hearts Of Service Llc,251E00000X,Home Health,2026-09-17,1,Yes
1669383642,"SUNRIDGE ASSISTED LIVING, LLC",839 LANDON DR,BULLHEAD CITY,AZ,86429,928-754-0700,Irini Gonzales,Administrator,NO,,Standalone,310400000X,Assisted Living Facility,2026-09-16,1,Yes
1548171507,BILLANCE MEDICAL BILLING LLC,458 BOYNTON AVE APT A2,SAN JOSE,CA,95117,081-825-4962,No Name Abhishek,OWNER,NO,,Group — 2 locations (shared phone),291U00000X,Clinical Medical Laboratory,2026-09-16,4,Yes
1245141282,VITUITY - URGENT CARE SERVICES PC,2295 FIELDSTONE DR STE 120,LINCOLN,CA,95648,510-350-2638,David Birdsall,Vice President,NO,,Standalone,261QU0200X,Urgent Care Center,2026-09-16,5,Yes
1285545285,PORTOLA MGMT BSD LLC,350 UNIVERSITY ST,SAN FRANCISCO,CA,94134,212-624-2776,Nadav Ichaki,owner,NO,,Standalone,310400000X,Assisted Living Facility,2026-09-16,1,Yes
1427969674,CORECARE RCM LLC,52 SOUTHSIDE AVE,SOMERVILLE,NJ,08876,908-764-1094,Muhammad Afzal,Owner,NO,,Standalone,261QU0200X,Urgent Care Center,2026-09-16,5,Yes
1689585531,NOURISHING HOME CARE LLC,136 BRADLEY BAY RD,LAKE CITY,SC,29560,843-598-4862,Glean Alston,Officer,NO,,Standalone,251E00000X,Home Health,2026-09-16,3,Yes
1558272419,GLADNESS & ILYA ADULT FAMILY HOME LLC,1724 SE 30TH PL,RENTON,WA,98055,425-757-7425,Ilya Gladkov,Provider/ Owner,NO,,Standalone,310400000X,Assisted Living Facility,2026-09-16,2,Yes
1790696730,MEADOW LAKES ASSISTED LIVING,4553 W AMANDA DR,WASILLA,AK,99623,907-414-9332,April April,Admin/Owner,NO,,Standalone,310400000X,Assisted Living Facility,2026-09-16,1,Yes
1265343222,SOUTH LINCOLN HOSPITAL DISTRICT,1445 UINTA DR,GREEN RIVER,WY,82935,307-872-4600,David Ryerse,CEO,NO,,Standalone,314000000X,Skilled Nursing Facility,2026-09-16,1,Yes
1679484638,REVIXA HEALTH LLC,458 BOYNTON AVE APT A2,SAN JOSE,CA,95117,081-825-4962,No Name Abhishek,owner,NO,,Group — 2 locations (shared phone),291U00000X,Clinical Medical Laboratory,2026-09-16,4,Yes
1538070537,PAPILLION GRAND LODGE OPERATING COMPANY LLC,6021 GRAND LODGE AVE,PAPILLION,NE,68133,917-745-7945,Yosef Emanuel,Prinicpal,NO,,Group — 4 locations (shared phone),310400000X,Assisted Living Facility,2026-09-16,2,Yes
1083525117,MAG ONE MEDICAL DIAGNOSTIC LLC,200 CHISHOLM PL STE 200,PLANO,TX,75075,517-615-1979,Abrar Ullah Baig,Owner,NO,,Group — 4 locations (shared phone),261QU0200X,Urgent Care Center,2026-09-16,5,Yes
1003727199,HS GENESIS RIVERA DE JESUS,"URB. VALLE PARAISO C8, LOS LLANOS",COAMO,PR,00769,939-243-4884,Genesis Rivera De Jesus,Directora,NO,,Standalone,251E00000X,Home Health,2026-09-16,3,Yes
1679484679,GRACIOUS GENERATIONS HOME CARE AGENCY,3730 N 10TH ST STE A,PHILADELPHIA,PA,19140,267-516-1741,Chatoya Haile,President,NO,,Standalone,251E00000X,Home Health,2026-09-16,3,Partial
1992616973,ZELVORA CLAIMS LLC,458 BOYNTON AVE APT A2,SAN JOSE,CA,95117,717-268-9133,Sarpreet Singh,CEO,NO,,Group — 4 locations (shared phone),291U00000X,Clinical Medical Laboratory,2026-09-16,4,Yes
1407767544,ARISE HOME HEALTH SERVICES,23278 W 88TH TER,LENEXA,KS,66227,816-305-1999,Bismark Nkansah,manager,NO,,Standalone,251E00000X,Home Health,2026-09-16,2,Yes
1326959271,ANGELIC ANGELS HOME HEALTHCARE,4545 CHRYSLER DR,DETROIT,MI,48201,586-943-3653,Angel Carter,CEO,NO,,Standalone,251E00000X,Home Health,2026-09-16,2,Yes
1366353229,EM BLOOD CARE SERVICES LLC,2303 LORAINE AVE S,LEHIGH ACRES,FL,33976,561-873-4043,Elena Martinez Barrios,MANAGER,NO,,Standalone,291U00000X,Clinical Medical Laboratory,2026-09-16,4,Yes
1417868407,VISION OF PEACE,2705 S 23RD ST,SAGINAW,MI,48601,248-818-6387,Victoria Scarborough,OWNER,NO,,Standalone,251E00000X,Home Health,2026-09-16,2,Yes
1659282770,CATALYST LABORATORY LLC,629 W CENTERVILLE RD STE 109,GARLAND,TX,75041,517-615-1979,Abrar Ullah Baig,Owner,NO,,Group — 4 locations (shared phone),261QU0200X,Urgent Care Center,2026-09-16,5,Yes
1962313114,SELF REGIONAL HEALTHCARE,911 S BROAD ST,CLINTON,SC,29325,864-725-4673,Matthew Logan,President & CEO,NO,,Standalone,261QU0200X,Urgent Care Center,2026-09-16,5,Yes
1225949225,PAPILLION COTTAGES OPERATING COMPANY LLC,6082 GRAND LODGE AVE,PAPILLION,NE,68133,917-745-7945,Yosef Emanuel,Principal,NO,,Group — 4 locations (shared phone),314000000X,Skilled Nursing Facility,2026-09-16,0,Yes
1730090895,"MAPLEWOOD AT CUYAHOGA FALLS, LLC",190 W BATH RD,CUYAHOGA FALLS,OH,44223,234-208-9872,James Doyle,General Counsel,NO,,Standalone,310400000X,Assisted Living Facility,2026-09-16,1,Yes
1720999782,ONE STOP SOLUTIONS LLC,48 COMMERCIAL RD # 243,LEOMINSTER,MA,01453,929-410-5754,Luis Rivera,ceo,NO,,Standalone,261QU0200X,Urgent Care Center,2026-09-16,5,Yes
1578474508,THE SURGERY CENTER,1423 2ND ST STE B,SANTA MONICA,CA,90401,310-230-5911,Obaida Batal,Owner,NO,,Standalone,261QA1903X,Ambulatory Surgery Center,2026-09-16,3,Yes
1932010063,LEGACY OF MAF HOME HEALTH LLC,622 S PARK ST,MADISON,WI,53715,608-940-7836,Mohamed Ahmed,Co-Owner,NO,,Standalone,251E00000X,Home Health,2026-09-16,3,Yes
1821909920,THE TENIC MEDICAL LLC,5900 BALCONES DR,AUSTIN,TX,78731,423-244-3442,Paul Roberson,ceo,NO,,Standalone,261QU0200X,Urgent Care Center,2026-09-16,5,Yes
1457262321,HIGHLAND HOME CARE KS LLC,10131 W 84TH ST,OVERLAND PARK,KS,66212,913-287-0333,Listone Mwamburi,Owner/Manager,NO,,Standalone,310400000X,Assisted Living Facility,2026-09-16,2,Yes
1649181645,BELLEVUE OPERATING COMPANY LLC,1702 HILLCREST DR,BELLEVUE,NE,68005,917-745-7945,Yosef Emanuel,Prinicpal,NO,,Group — 4 locations (shared phone),314000000X,Skilled Nursing Facility,2026-09-16,0,Yes
1417868399,JUST FOR COMFORT HOME HEALTHCARE LLC,23 FALMOUTH CT,MIDDLETOWN,CT,06457,757-531-5405,Mitchelle Williams,Chief Executive Officer,NO,,Standalone,251E00000X,Home Health,2026-09-16,2,Yes
1700797669,ELITEWAY SOLUTIONS LLC,11315 TULANE ST,NEW PORT RICHEY,FL,34654,862-200-4330,Azeem Pervez,CEO,NO,,Standalone,261QU0200X,Urgent Care Center,2026-09-16,5,Yes
1730090739,FIRETHORN WESTWOOD LANE OPCO LLC,13225 WESTWOOD LN,OMAHA,NE,68144,917-745-7945,Yosef Emanuel,Principal,NO,,Group — 4 locations (shared phone),314000000X,Skilled Nursing Facility,2026-09-16,0,Yes
1891606752,MERON HEALTH CARE AGENCY LLC,98 MACON CT,AURORA,CO,80010,720-434-5757,Frehiwot Gebremariam,administrator,NO,,Standalone,251E00000X,Home Health,2026-09-16,2,Yes
1710898853,DYNAMIC LABS LLC,629 W CENTERVILLE RD STE 109,GARLAND,TX,75041,517-615-1979,Abrar Ullah Baig,Owner,NO,,Group — 4 locations (shared phone),261QU0200X,Urgent Care Center,2026-09-16,5,Yes
1538070578,COLLABORATAM CARE LLC,7016 15TH AVE NW UNIT 103,SEATTLE,WA,98117,206-327-6101,Anne Matthiesen,Owner,NO,,Standalone,251E00000X,Home Health,2026-09-16,3,Yes
1366353591,JKS HOMECARE SOLUTIONS LLC,5502 CAMPUS DR,VIRGINIA BEACH,VA,23462,757-737-5125,Tymperia Freeman,Owner,NO,,Standalone,251E00000X,Home Health,2026-09-16,3,Yes
1578474524,DEARLY CARE GROUP LLC,3200 GREENFIELD RD STE 300,DEARBORN,MI,48120,313-301-1200,Demitria Epps,CEO,NO,,Standalone,251E00000X,Home Health,2026-09-16,2,Yes
1255242350,CONTREX MEDICAL LLC,5900 BALCONES DR,AUSTIN,TX,78731,423-243-3244,Amanda Amanda,CEO,NO,,Standalone,261QU0200X,Urgent Care Center,2026-09-16,5,Yes
1427969682,GROUP HEALTH COOPERATIVE OF SOUTH CENTRAL WISCONSIN,675 W WASHINGTON AVE,MADISON,WI,53703,608-251-4156,Bruce Quade,Chief Financial Officer,YES,Group Health Cooperative Of South Central Wisconsin,Part of group,261QU0200X,Urgent Care Center,2026-09-16,6,Yes
1154232288,ZUDIO MEDICAL DIAGNOSTIC LLC,8330 LYNDON B JOHNSON FWY # B225,DALLAS,TX,75243,517-615-1979,Abrar Ullah Baig,Owner,NO,,Group — 4 locations (shared phone),261QU0200X,Urgent Care Center,2026-09-16,5,Yes
1912818998,ARCLUME HEALTHCARE BILLING LLC,458 BOYNTON AVE APT A2,SAN JOSE,CA,95117,717-268-9133,Sarpreet Singh,CEO,NO,,Group — 4 locations (shared phone),291U00000X,Clinical Medical Laboratory,2026-09-16,4,Yes
1720999030,GOLDEN HANDS HEALTH & HOME SERVICES LLC,313 CHERRYSTONE CT,REISTERSTOWN,MD,21136,443-320-8019,Zania Stewart,Co-Owner / Authorized official,NO,,Standalone,251E00000X,Home Health,2026-09-15,3,Yes
1043121429,SECOND2NONE HOME HEALTH,12405 OLD HALLS FERRY RD,BLACK JACK,MO,63033,314-397-7107,Timira Saunders,Owner,NO,,Standalone,251E00000X,Home Health,2026-09-15,3,Yes
1275444762,SIGNATURE LIVING RCFE LLC,7315 POCKET RD,SACRAMENTO,CA,95831,916-812-0944,Edgar Enero,ceo,NO,,Group — 3 locations (shared phone),310400000X,Assisted Living Facility,2026-09-15,2,Yes
1528979002,"SIGNATURE LIVING ON SHADY RIVER CIRCLE, LLC",51 SHADY RIVER CIR,SACRAMENTO,CA,95831,916-812-0944,Edgar Enero,ceo,NO,,Group — 3 locations (shared phone),310400000X,Assisted Living Facility,2026-09-15,2,Yes
1962313130,MY OWN SUPPORTS SERVICES LLC,9912 PRINCE ROYAL PL,UPPER MARLBORO,MD,20774,301-377-1884,Sherley Mindron,Co-owner,NO,,Standalone,251E00000X,Home Health,2026-09-15,3,Yes
1346151511,SERENITY LAB SERVICES LLC,3189 ROESCH BLVD APT C,FAIRFIELD,OH,45014,855-589-9625,Laquisha Daniels,Owner,NO,,Standalone,291U00000X,Clinical Medical Laboratory,2026-09-15,6,Yes
1427969724,NEAL PREMIER DRUG TESTING,16501 NORTHCROSS DR STE B,HUNTERSVILLE,NC,28078,980-399-4292,Tanya Neal,Owner,NO,,Standalone,291U00000X,Clinical Medical Laboratory,2026-09-15,6,Yes
1891606166,"PRIME DIRECTIVE HEALTH SERVICES, INC.",3240 UNIVERSITY AVE STE 3A,MADISON,WI,53705,608-441-8620,Sean Morrison,President,NO,,Standalone,251E00000X,Home Health,2026-09-15,4,Yes
1245141530,EAST BAY LONGEVITY ASSISTED LIVING LLC,388 12TH ST,OAKLAND,CA,94607,510-808-7783,Alice Kuang,Administrator,NO,,Standalone,310400000X,Assisted Living Facility,2026-09-15,2,Yes
1861303034,ACP GLOBAL DIGITAL INC,7431 BOERNE CREEK DR,RICHMOND,TX,77407,343-296-3341,Peterson Patil,Manager,NO,,Group — 2 locations (shared phone),291U00000X,Clinical Medical Laboratory,2026-09-15,6,Yes
1558272914,"DASH BUSINESS, LLC",24821 HON AVE,LAGUNA HILLS,CA,92653,657-616-4527,Dianna Manalo,Licensee/Administrator,NO,,Standalone,310400000X,Assisted Living Facility,2026-09-15,2,Yes
1255242731,"CAPITAL SENIOR CARE, LLC",7005 WAVECREST WAY,SACRAMENTO,CA,95831,916-812-0944,Edgar Enero,ceo,NO,,Group — 3 locations (shared phone),310400000X,Assisted Living Facility,2026-09-15,2,Yes
1497666796,BURBANK VALLEY CARE LLC,2312 N SPARKS ST,BURBANK,CA,91504,818-968-8205,Arsen Agajanian,CEO,NO,,Standalone,310400000X,Assisted Living Facility,2026-09-15,2,Yes
1487565826,BE-UHEALTH LLC,4343 COOK AVE,SAINT LOUIS,MO,63113,314-637-4301,April Lumpkins,Owner,NO,,Standalone,251E00000X,Home Health,2026-09-15,3,Partial
1912818279,A1 ELDER CARE LLC,2538 E LARKSTONE DR,ORANGE,CA,92869,949-929-5318,Jitendra Shah,Licensee,NO,,Standalone,310400000X,Assisted Living Facility,2026-09-15,2,Yes
1396656690,THE FRANCES AND BRENDA GROUP LLC,400 W PEACHTREE ST NW,ATLANTA,GA,30308,347-451-2854,Marcus Williams,Owner,NO,,Standalone,310400000X,Assisted Living Facility,2026-09-15,3,Yes
1013828342,KAIRO MEDICAL EQUIPMENT LLC,28 GEARY ST STE 650-661,SAN FRANCISCO,CA,94108,307-291-6744,Hardeep Singh,CEO,NO,,Group — 2 locations (shared phone),261QU0200X,Urgent Care Center,2026-09-15,6,Yes
1750292074,MEDPAL LLC,1509 FINESTRA DR,MANTECA,CA,95337,661-344-2864,Tejpal Singh,PRESIDENT,NO,,Standalone,261QU0200X,Urgent Care Center,2026-09-15,6,Yes
1417868738,ATZ GROUP INC,4354 HEARTWOOD RD,OKEMOS,MI,48864,517-243-3157,Syed Ahmed,President,NO,,Standalone,251E00000X,Home Health,2026-09-15,3,Yes
1083525265,SONYA STAFFING,141 S BLACK HORSE PIKE,BLACKWOOD,NJ,08012,856-516-0198,Chinwe Ezeh,DON,NO,,Standalone,251E00000X,Home Health,2026-09-15,3,Yes
1679484927,NAPERVILLE HEALTH & WELLNESS PLLC,2272 95TH ST STE 100,NAPERVILLE,IL,60564,877-885-8784,Mohammed Siddiqui,Member,NO,,Standalone,261QU0200X,Urgent Care Center,2026-09-15,6,Yes
1841101268,AT HOME SENIOR CARE,4346 TIPPERARY PL,CHARLOTTE,NC,28215,704-619-2911,Jacqueline Brown,CEO,NO,,Standalone,251E00000X,Home Health,2026-09-15,3,Yes
1083525307,MERAKEY TOTAL HEALTH,27 E MOUNT AIRY AVE,PHILADELPHIA,PA,19119,215-258-6833,Derrick Yacovelli,CEO,NO,,Standalone,261QU0200X,Urgent Care Center,2026-09-15,6,Yes
1437060746,GLOBAL MEDICAL EQUIPMENT SERVICES LLC,2637 W DEVON AVE,CHICAGO,IL,60659,,,,,,Standalone,291U00000X,Clinical Medical Laboratory,2026-09-15,5,Yes
1386555738,EVERWELL CLINICAL LAB LLC,345 HOMESTEAD AVE UNIT 204,GREENWOOD,IN,46143,717-268-9132,Rajinder Singh,OWNER,NO,,Group — 9 locations (shared phone),291U00000X,Clinical Medical Laboratory,2026-09-15,6,Yes
1033020367,BEST MEDEQUIP LLC,5632 N DELBERT AVE # CA,FRESNO,CA,93722,410-837-0207,Suraj Kumar,OWNER,NO,,Standalone,291U00000X,Clinical Medical Laboratory,2026-09-15,5,Yes
1275444697,READY K HOME CARE LLC,2601 W 9TH ST,CHESTER,PA,19013,215-989-3708,Kia Sloan,CEO,NO,,Standalone,251E00000X,Home Health,2026-09-15,4,Yes
1588575823,RIVER OF LIFE HOME HEALTHCARE AGENCY LLC,400 E 20TH ST,CHESTER,PA,19013,267-716-0032,Lisha Long,Adminsitrator,NO,,Standalone,251E00000X,Home Health,2026-09-15,4,Yes
1114838380,BLUEPEAK REVENUE SOLUTIONS LLC,7407 LESADA DR APT 1C,WINDSOR MILL,MD,21244,343-296-3341,Melissa Daniel,Manager,NO,,Group — 2 locations (shared phone),261QU0200X,Urgent Care Center,2026-09-15,6,Yes
1194636597,ARAYA HOMES LLC,N346 TWINKLING STAR RD,WHITEWATER,WI,53190,920-728-4780,Kori Gainey,Owner,NO,,Standalone,310400000X,Assisted Living Facility,2026-09-15,3,Yes
1679484075,A HELPING HAND FOR YOU  LLC,201 COBBLESTONE LNDG,MT JULIET,TN,37122,615-330-3240,Lindsay Stacy,Owner,NO,,Standalone,251E00000X,Home Health,2026-09-15,4,Yes
1710898069,IRVING HEALTH AND WELLNESS PLLC,8200 N MACARTHUR BLVD STE 100,IRVING,TX,75063,972-891-8650,Steven Thompson,Chief Medical Officer,NO,,Standalone,261QU0200X,Urgent Care Center,2026-09-15,6,Yes
1215848668,CANYON STATE HOME HEALTH,609 S 5TH AVE STE J,SAFFORD,AZ,85546,928-322-3663,Brandon Bryce,Owner,NO,,Standalone,251E00000X,Home Health,2026-09-15,3,Yes
1689585903,LASTING MEMORIES CARE SERVICES,15240 N 142ND AVE UNIT 1139,SURPRISE,AZ,85379,623-260-8689,Lacotta Hoskins-Berry,Owner,NO,,Standalone,251E00000X,Home Health,2026-09-15,3,Yes
1841101151,TWINS SOCIAL SERVICES LLC,517 S FRANKLIN ST,HEMPSTEAD,NY,11550,516-469-7537,Taiye Ajayi,CEO,NO,,Standalone,251E00000X,Home Health,2026-09-15,4,Yes
1922919299,ALEX COMFORT LIVING LLC,4132 ATLANTA HIGHWAY,LOGANVILLE,GA,30052,470-756-0337,Macere Kaba,Administrator,NO,,Standalone,251E00000X,Home Health,2026-09-15,3,Yes
1285545640,AUTISM DIAGNOSTICS LAB INC,3805 E BELL RD STE 4100,PHOENIX,AZ,85032,888-650-0199,Freedy Bruce,Manager,NO,,Standalone,291U00000X,Clinical Medical Laboratory,2026-09-15,5,Yes
1306757760,ACCUPATH DIAGNOSTIC LABORATORIES INC,5005 S 40TH ST STE 112,PHOENIX,AZ,85040,888-650-9991,John Fedrick,Manager,NO,,Standalone,291U00000X,Clinical Medical Laboratory,2026-09-15,5,Yes
1578474953,HOMETOWN COMFORT CARE,407 S TEJON ST STE H,COLORADO SPRINGS,CO,80903,301-675-3731,Dawit Solmon,Owner,NO,,Standalone,251E00000X,Home Health,2026-09-15,3,Yes
1023929338,CATA HOME CARE LLC,501 SILVERSIDE RD STE 85,WILMINGTON,DE,19809,484-844-2490,Elliot Tabot,Owner,NO,,Standalone,251E00000X,Home Health,2026-09-15,3,Yes
1588575930,"ATRIUS HEALTH AMBULATORY SURGERY CENTER, LLC",1601 TRAPELO RD STE 250,WALTHAM,MA,02451,205-545-2572,Kevin Ghilani,Operations,NO,,Standalone,261QA1903X,Ambulatory Surgery Center,2026-09-15,5,Yes
1396656708,LA MESA ASC LLC,7339 EL CAJON BLVD STE JK,LA MESA,CA,91942,800-898-2020,Tom Chang,Owner,NO,,Standalone,261QA1903X,Ambulatory Surgery Center,2026-09-15,4,Yes
1255242624,FAMILY NEEDS HOME CARE LLC,3580 CUSHING DR,COLUMBUS,OH,43227,513-504-8461,Lasheena Thompson,Owner,NO,,Standalone,251E00000X,Home Health,2026-09-15,4,Partial
1295646529,KAMAKAKOA,45-090 NAMOKU ST,KANEOHE,HI,96744,,,,,,Standalone,314000000X,Skilled Nursing Facility,2026-09-15,1,Yes
1770494098,AA MEDICAL EQUIPMENT SERVICES LLC,2245 W FARWELL AVE APT 1B,CHICAGO,IL,60645,817-254-3823,Mohmed Aweesh Talati,MANAGER,NO,,Group — 2 locations (shared phone),291U00000X,Clinical Medical Laboratory,2026-09-15,5,Yes
1154232460,HB HOMECARE LLC,250 MERRIMACK ST APT 239,LAWRENCE,MA,01843,978-654-0360,Brainard Hinga,Ceo,NO,,Standalone,251E00000X,Home Health,2026-09-15,3,Yes
1164333472,MGM MEDICAL EQUIPMENT SERVICES LLC,2245 W FARWELL AVE APT 1B,CHICAGO,IL,60645,817-254-3897,Ayub Vali Talati,MANAGER,NO,,Standalone,291U00000X,Clinical Medical Laboratory,2026-09-15,5,Yes
1558272922,EVERWELL CLINICAL LAB LLC,345 HOMESTEAD AVE UNIT 204,GREENWOOD,IN,46143,717-268-9132,Rajinder Singh,OWNER,NO,,Group — 9 locations (shared phone),291U00000X,Clinical Medical Laboratory,2026-09-15,6,Yes
1457262701,MED MEDICAL EQUIPMENT SERVICE LLC,2637 W DEVON AVE,CHICAGO,IL,60659,817-254-3823,Mohmed Aweesh Talati,MANAGER,NO,,Group — 2 locations (shared phone),291U00000X,Clinical Medical Laboratory,2026-09-15,5,Yes
1306757711,T&C HOME HEALTHCARE SERVICES LLC,6914 W APPLETON AVE,MILWAUKEE,WI,53216,262-894-9124,Tarnesha Hughes,Ceo,NO,,Standalone,251E00000X,Home Health,2026-09-15,4,Yes
1821909110,AIS HEALTHCARE EQUIPMENT LLC,627 N YORK ST UNIT 133,ELMHURST,IL,60126,872-369-5674,Vanguru Lohith Reddy,MANAGER,NO,,Standalone,291U00000X,Clinical Medical Laboratory,2026-09-15,5,Yes
1861303182,TBM MEDICAL EQUIPMENT SERVICES LLC,2245 W FARWELL AVE APT 1B,CHICAGO,IL,60645,972-900-3786,Mohmed Aweesh Talati,MANAGER,NO,,Group — 3 locations (same owner),291U00000X,Clinical Medical Laboratory,2026-09-15,5,Yes
1174434781,"THE TRUE LOVE ALF, LLC",30230 SW 157TH AVE,HOMESTEAD,FL,33033,239-677-5646,Msytr Batista,PWNER,NO,,Standalone,310400000X,Assisted Living Facility,2026-09-14,3,Yes
1013828706,ANM NEVADA LLC,2410 FIRE MESA ST STE 130,LAS VEGAS,NV,89128,845-548-7800,Mordechai Schwab,CEO,NO,,Group — 3 locations (shared phone),251E00000X,Home Health,2026-09-14,5,Yes
1952212607,MANCHESTER CENTER FOR HEALTH AND REHABILITATION LLC,44 W WEBSTER ST,MANCHESTER,NH,03104,603-647-5900,Avraham Berger,Partner,NO,,Group — 2 locations (same owner),314000000X,Skilled Nursing Facility,2026-09-14,2,Yes
1831000504,EAGLE HOME HEALTHCARE LLC,859 WILLARD ST STE 400,QUINCY,MA,02169,617-693-7057,Doris Odion-Ukpebor,Owner,NO,,Standalone,251E00000X,Home Health,2026-09-14,4,Yes
1588575013,"WESLEY HOME ESTATE ASSISTED LIVING FACILITY, LLC",139 SW EAST DANVILLE CIR,PORT SAINT LUCIE,FL,34953,305-610-0941,Tracy Thornton-Wesley,Owner/Ceo,NO,,Standalone,251E00000X,Home Health,2026-09-14,4,Yes
1114838653,GAIL'S  ALF INC,811 E OSBORNE AVE,TAMPA,FL,33603,813-239-3322,Gail Coleman,Administrator,NO,,Standalone,310400000X,Assisted Living Facility,2026-09-14,4,Yes
1366353005,ABRAZO VITAL HOME CARE LLC,15450 NEW BARN RD STE 200,MIAMI LAKES,FL,33014,305-519-5681,Luis Rodriguez,owner,NO,,Standalone,251E00000X,Home Health,2026-09-14,4,Yes
1982515433,MEDIFLOW REVENUE SOLUTIONS LLC,345 HOMESTEAD AVE UNIT 204,GREENWOOD,IN,46143,717-268-9132,Rajinder Singh,OWNER,NO,,Group — 9 locations (shared phone),291U00000X,Clinical Medical Laboratory,2026-09-14,7,Yes
1073424610,"FOR THE LOVE OF ROZ, LLC",135 MARION OAKS GOLF WAY,OCALA,FL,34473,786-768-8720,Melissa Mackey,Owner,NO,,Standalone,251E00000X,Home Health,2026-09-14,4,Yes
1568373108,EHC YUMA ASC LLC,6325 E 26TH ST STE 1&2,YUMA,AZ,85365,520-262-0675,Kishlay Anand,Manager,NO,,Standalone,261QA1903X,Ambulatory Surgery Center,2026-09-14,5,Yes
1497666283,ELITECARE HEALTHSERVICES LLC,70 COUNTY ROAD 222,PACHUTA,MS,39347,404-883-1575,Lakita Rushing,CEO,YES,Elitecare Healthservices Llc,Part of group,251E00000X,Home Health,2026-09-14,4,Yes
1306757059,NASHUA CENTER FOR HEALTH AND REHABILITATION LLC,22 HUNT ST,NASHUA,NH,03060,603-889-5450,Avraham Berger,Partner,NO,,Group — 2 locations (same owner),314000000X,Skilled Nursing Facility,2026-09-14,2,Yes
1437060969,"PB & J FAMILY SERVICES, INC.",1101 LOPEZ RD SW,ALBUQUERQUE,NM,87105,505-877-7060,Jennifer Thompson,Executive Director,NO,,Standalone,251E00000X,Home Health,2026-09-14,5,Yes
1073424503,SUNNY DAYS SENIOR LIVING INC,6726 GROSS AVE,WEST HILLS,CA,91307,747-329-0202,Lilit Mkhitaryan,CEO,NO,,Standalone,310400000X,Assisted Living Facility,2026-09-14,3,Yes
1053222638,A SACRED HEART HEALTH,7246 MAIDSTONE PL,ELKRIDGE,MD,21075,240-755-2500,Olabisi Emenanjo,Owner,NO,,Standalone,251E00000X,Home Health,2026-09-14,4,Yes
1194636878,"BRISTOL VILLAGE, INC.",8455 CLARENCE CENTER RD,CLARENCE CENTER,NY,14032,716-406-9500,Jeffrey Bernacki,Controller,NO,,Standalone,310400000X,Assisted Living Facility,2026-09-14,4,Yes
1316858889,PAVILION HOME CARE LLC,590 SILVERLEAF TRL,BETHLEHEM,GA,30620,470-445-6838,Solomon Moyosola,ADMINISTRATOR,NO,,Standalone,251E00000X,Home Health,2026-09-14,4,Yes
1629989249,"MAS VENTURES VII, LLC DBA HEALTHCARE UNITED",113 FAIRVIEW POINTE DR,SIMPSONVILLE,SC,29681,843-476-4471,Mark Sullivan,Owner,NO,,Standalone,251E00000X,Home Health,2026-09-14,5,Yes
1467363044,HEAVEN SENT HOME NURSING CARE LLC,1225 CRANSTON ST,CRANSTON,RI,02920,347-641-7258,Cinthia Contreras,CEO,NO,,Standalone,251E00000X,Home Health,2026-09-14,5,Yes
1114838794,BELLAIRE POINTE LLC,12420 BELLAIRE BLVD,HOUSTON,TX,77072,832-255-6511,Mahvish Khan,CORPORATE DIRECTOR,NO,,Standalone,310400000X,Assisted Living Facility,2026-09-14,4,Yes
1417868969,HEALTHBRIDGE BILLING GROUP LLC,345 HOMESTEAD AVE UNIT 204,GREENWOOD,IN,46143,717-268-9132,Rajinder Singh,OWNER,NO,,Group — 9 locations (shared phone),291U00000X,Clinical Medical Laboratory,2026-09-14,7,Yes
1902717770,ZAABU HEALTHCARE & STAFFING LLC,22 OASIS WAY,PLYMOUTH,MA,02360,508-586-3738,Muwanda Humphrey Luswa,Business Development Manager,NO,,Standalone,251E00000X,Home Health,2026-09-14,4,Yes
1235040791,BLYTHE SENIOR ASSISTED LIVING,13030 BLYTHE ST,NORTH HOLLYWOOD,CA,91605,818-818-8005,Aram Muradyan,Owner/Administrator,NO,,Standalone,310400000X,Assisted Living Facility,2026-09-14,3,Yes
1649181314,TRUE ALLY INC,7901 4TH ST N STE 35735,ST PETERSBURG,FL,33702,657-600-6882,Ali Alvi,Owner,NO,,Standalone,291U00000X,Clinical Medical Laboratory,2026-09-14,6,Yes
1386555845,MERIDIAN HOME CARE LLC CO,535 E 9TH ST,INDIANAPOLIS,IN,46202,317-366-8176,Lee Smith,Partner,NO,,Standalone,251E00000X,Home Health,2026-09-14,4,Yes
1619888492,METRO LIFECARE SOLUTIONS,4314 ELLIOT AVE,MINNEAPOLIS,MN,55407,763-228-9541,Ahmed Mullah,Administrator,NO,,Standalone,251E00000X,Home Health,2026-09-14,4,Yes
1275444812,KYRGITT HOLDINGS LLC,700 TWELVE OAKS CENTER DR STE 224,WAYZATA,MN,55391,952-261-2358,Veronica Rono,CEO,NO,,Standalone,251E00000X,Home Health,2026-09-14,4,Yes
1326959941,GOLDEN GULLY HEALTHCARE LLC,3636 10TH AVE N,SAINT PETERSBURG,FL,33713,727-324-6915,Soon Burnam,Secretary,NO,,Group — 2 locations (shared phone),314000000X,Skilled Nursing Facility,2026-09-14,2,Yes
1336050962,SOLARIA COVE HEALTHCARE LLC,450 N MCDONALD AVE,DELAND,FL,32724,386-736-5800,Soon Burnam,Secretary,NO,,Group — 2 locations (shared phone),314000000X,Skilled Nursing Facility,2026-09-14,2,Yes
1811808447,"MONTELAGO MOUNTAIN, LLC",7528 HAYSTACK LOOP,RIVERSIDE,CA,92507,909-992-1080,Sylvie Boal,Compliance,NO,,Standalone,314000000X,Skilled Nursing Facility,2026-09-14,2,Yes
1306757141,GUIELLERMO TAYS LLC,5900 BALCONES DR STE 33564,AUSTIN,TX,78731,235-235-6212,Guillermo Tays,owner,NO,,Standalone,291U00000X,Clinical Medical Laboratory,2026-09-12,9,Yes
1023929866,MARIANA ESCAMILLA LLC,5900 BALCONES DR STE 33595,AUSTIN,TX,78731,242-340-2052,Mariana Escamilla,owner,NO,,Standalone,291U00000X,Clinical Medical Laboratory,2026-09-12,9,Yes
1346151172,PHLO ACADEMY UNION,716 GARIBALDI ST SW,ATLANTA,GA,30310,470-929-9142,Stephanie Stringer,owner,NO,,Standalone,291U00000X,Clinical Medical Laboratory,2026-09-12,8,Yes
1811808645,QMG HEALTHCARE & GROUP HOME LLC,957 QUAIL HUNT DR,RIVERDALE,GA,30296,470-778-8429,Quesovon Mewanu,Administrator/Owner,NO,,Standalone,251E00000X,Home Health,2026-09-12,6,Yes
1942111786,HANAN ELFALLAL LLC,5900 BALCONES DR STE 33569,AUSTIN,TX,78731,241-515-6141,Hanan Elfallal,owner,NO,,Standalone,291U00000X,Clinical Medical Laboratory,2026-09-12,9,Yes
1033020870,GUADALUPE GARZA LLC,5900 BALCONES DR STE 33567,AUSTIN,TX,78731,242-352-3562,Guadalupe Garza,owner,NO,,Standalone,291U00000X,Clinical Medical Laboratory,2026-09-12,9,Yes
1639089519,"PALM AVENUE BT, LP",215 E PALM AVE,TAMPA,FL,33602,813-223-2686,Lina Orozco,Assisted Living Director,NO,,Standalone,310400000X,Assisted Living Facility,2026-09-11,7,Yes
1235049099,BILLOVIX HEALTHCARE SOLUTIONS LLC,345 HOMESTEAD AVE UNIT 204,GREENWOOD,IN,46143,717-268-9132,Bachitar Singh,OWNER,NO,,Group — 9 locations (shared phone),291U00000X,Clinical Medical Laboratory,2026-09-11,10,Yes
1831009695,AXIORA REVENUE MANAGEMENT LLC,345 HOMESTEAD AVE UNIT 204,GREENWOOD,IN,46143,717-268-9132,Bachitar Singh,OWNER,NO,,Group — 9 locations (shared phone),291U00000X,Clinical Medical Laboratory,2026-09-11,10,Yes
1578473476,PPLLC,1795 WESTCHESTER DR,HIGH POINT,NC,27262,336-888-4600,Carolyn Mckinney,MDS coordinator,NO,,Standalone,314000000X,Skilled Nursing Facility,2026-09-11,5,Yes
1063322949,ORVANTA MEDICAL LLC,12714 NETTLECREEK PL,WOODBRIDGE,VA,22192,863-340-6717,Sadia Kamal,CEO,NO,,Group — 2 locations (same owner),291U00000X,Clinical Medical Laboratory,2026-09-11,10,Yes
1750291696,AVEECARE LLC,17602 N 47TH ST,PHOENIX,AZ,85032,602-576-0038,Calvin Nesvig,Founding Partner,NO,,Standalone,251E00000X,Home Health,2026-09-11,7,Yes
1780594614,DAUD DME LTD LLC,1669 N MORTON DR,SALT LAKE CITY,UT,84116,803-232-3151,John Kileen,Manager,NO,,Group — 9 locations (shared phone),261QU0200X,Urgent Care Center,2026-09-11,11,Yes
1649180597,THE FLOWER POT,287 KANSAS AVE,YPSILANTI,MI,48198,313-364-0514,Nia Buchanan,Founder,NO,,Standalone,251E00000X,Home Health,2026-09-11,7,Yes
1982514741,"FLOWER MOUND ENDOSCOPY CENTER, LLC",3101 CHURCHILL DR STE 115,FLOWER MOUND,TX,75022,410-290-6677,Zachary Jones,CEO,NO,,Standalone,261QA1903X,Ambulatory Surgery Center,2026-09-11,9,Yes
1144130063,GIFTED HANDS LLC,48 STATELINE RD. W,SOUTHAVEN,MS,38671,662-880-9846,Isaiah Newson-Wright,Owner,NO,,Standalone,251E00000X,Home Health,2026-09-11,7,Yes
1770493603,DAUD DME LTD LLC,1669 N MORTON DR,SALT LAKE CITY,UT,84116,803-232-3151,John Kileen,Manager,NO,,Group — 9 locations (shared phone),291U00000X,Clinical Medical Laboratory,2026-09-11,10,Yes
1174433015,HARMONY AT KENT,1435 E LEBANON RD,DOVER,DE,19901,302-505-1920,Jason Dynak,Licensing Coordinator,NO,,Standalone,310400000X,Assisted Living Facility,2026-09-11,6,Yes
1316857154,PURE CARE,7340 SCOT TER,EDEN PRAIRIE,MN,55346,612-735-1448,Zakriya Abdirahman,Co owner,NO,,Standalone,310400000X,Assisted Living Facility,2026-09-11,7,Yes
1366352262,VELOCITY DIAGNOSTIC & TESTING,1484 LAKE CITY INDUSTRIAL CT,LAKE CITY,GA,30260,470-491-2219,Amber Reed-Bunch,Managing Partner,NO,,Standalone,291U00000X,Clinical Medical Laboratory,2026-09-11,9,Yes
1235049008,CODONEXA DIAGNOSTIC LAB LLC,345 HOMESTEAD AVE UNIT 204,GREENWOOD,IN,46143,717-268-9132,Bachitar Singh,OWNER,NO,,Group — 9 locations (shared phone),291U00000X,Clinical Medical Laboratory,2026-09-11,10,Yes
1316857576,CARING FOR YOURS LLC,1560 HOLLOWAY RD UNIT A,HOLLAND,OH,43528,419-277-0487,Jeffery White,CEO/Owner,NO,,Standalone,251E00000X,Home Health,2026-09-10,9,Yes
1669382750,PACIFIC VIEW ADULT FAMILY HOME LLC,422 122ND ST S,TACOMA,WA,98444,253-341-8958,Sharon Karoki,Owner/ Provider,NO,,Standalone,310400000X,Assisted Living Facility,2026-09-10,8,Yes
1396655361,GEORGIA MISSION MANAGEMENT LLC,2390 CANDLER RD,DECATUR,GA,30032,404-547-2003,Robin White-Gunn,Administrator/Owner,NO,,Standalone,310400000X,Assisted Living Facility,2026-09-10,8,Yes
1194635151,"CONFIDEXA SOLUTIONS, LLC",7950 S MILITARY TRL STE 204,LAKE WORTH,FL,33463,877-442-6634,Patricia Calixte,Director,NO,,Standalone,291U00000X,Clinical Medical Laboratory,2026-09-10,10,Yes
1104736149,AMATTA MED CENTER INC,635 CAMBRIDGE CT,LONGWOOD,FL,32750,,,,,,Standalone,291U00000X,Clinical Medical Laboratory,2026-09-10,10,Yes
1902716145,GROWTH BRIDGE SPARKS PCH LLC,204 S GOODMAN ST,SPARKS,GA,31647,229-234-9775,Leslie Ofori,Administrator,NO,,Standalone,310400000X,Assisted Living Facility,2026-09-10,8,Yes
1871403857,RIDGELINE AT CASTLE ROCK LLC,1297 S PERRY ST,CASTLE ROCK,CO,80104,303-688-2500,Aaron Chesley,Manager,NO,,Group — 14 locations (same owner),314000000X,Skilled Nursing Facility,2026-09-10,6,Yes
1881504041,AJGENTRYRETAILERS LLC,5900 BALCONES DR STE 33616,AUSTIN,TX,78731,203-485-6820,Alex Gentry,owner,NO,,Standalone,291U00000X,Clinical Medical Laboratory,2026-09-10,11,Yes
1659281699,GBY CARES LLC,6880 HATHAWAY DR,LAS VEGAS,NV,89156,702-937-8848,Gayle Yangco,Owner,NO,,Standalone,310400000X,Assisted Living Facility,2026-09-10,8,Yes
1427968460,CASA SUBINA LLC,6519 SUN VIEW DR NW,ALBUQUERQUE,NM,87120,505-264-0759,Anita D'Antonio,Owner/operator,NO,,Standalone,310400000X,Assisted Living Facility,2026-09-10,8,Yes
1285544361,A-ONE SUPPLIES LLC,4827 ELM ST APT 3,SKOKIE,IL,60077,773-587-4510,Kareem Khan,OWNER,NO,,Group — 3 locations (shared phone),261QU0200X,Urgent Care Center,2026-09-10,11,Yes
1346150463,DONEWELL HEALTH SERVICES LLC,6898 CLEARHURST DR,COLUMBUS,OH,43229,646-464-4680,Lauretta Hammond,EXEC. DIRECTOR/CEO,NO,,Standalone,251E00000X,Home Health,2026-09-10,9,Partial
1831009083,ANDY S EXQUISITE THAI FOOD LLC,5900 BALCONES DR STE 33613,AUSTIN,TX,78731,202-385-2020,Veronica Al Qaabil,owner,NO,,Standalone,291U00000X,Clinical Medical Laboratory,2026-09-10,11,Yes
1649180696,OPEN HEARTS HOME HEALTH,2124 LOCUST ST,TEXARKANA,AR,71854,346-793-3460,Nyesha Washington,Owner,NO,,Standalone,251E00000X,Home Health,2026-09-10,8,Yes
1376453373,GRANDVEX COMMERCE LLC,4480 N SAN MIGUEL AVE,FRESNO,CA,93723,253-419-0948,Meena Kumari,Owner,NO,,Group — 23 locations (shared phone),261QU0200X,Urgent Care Center,2026-09-10,11,Yes
1861302879,VAN VISTA PLAZA LLLP,410 W 13TH ST,VANCOUVER,WA,98660,360-750-4665,Sheena Bah,Executive Director,NO,,Standalone,310400000X,Assisted Living Facility,2026-09-10,8,Yes
1336059443,FIRST LOVE SENIOR CARE,3443 DUNDEE LN,JACKSON,MS,39212,769-361-7524,Melinda Epps,Owner/Caregiver,NO,,Standalone,251E00000X,Home Health,2026-09-10,8,Yes
1083524201,BETTER DAYS HC LLC,618 E 15TH ST,ERIE,PA,16503,814-923-3721,Carlee Duck,Administrator,NO,,Standalone,251E00000X,Home Health,2026-09-10,9,Yes
1891605804,OMNEXA COMMERCE LLCS,4480 N SAN MIGUEL AVE,FRESNO,CA,93723,253-419-0948,Meena Kumari,Owner,NO,,Group — 23 locations (shared phone),261QU0200X,Urgent Care Center,2026-09-10,11,Yes
1356251359,VANSHU PRIME INC,4480 N SAN MIGUEL AVE,FRESNO,CA,93723,253-419-0948,Meena Kumari,Owner,NO,,Group — 23 locations (shared phone),261QU0200X,Urgent Care Center,2026-09-10,11,Yes
1992615991,WESTORA HOLDINGS LLC,4480 N SAN MIGUEL AVE,FRESNO,CA,93723,253-419-0948,Meena Kumari,Owner,NO,,Group — 23 locations (shared phone),261QU0200X,Urgent Care Center,2026-09-10,11,Yes
1659281723,"BRANCHES SUPPORT SERVICES, LLC",10636 MOUNTAIN SPRINGS DR,CHARLOTTE,NC,28278,803-373-1916,Sheila Johnson,Administrator,NO,,Standalone,251E00000X,Home Health,2026-09-10,8,Yes
1013827013,AXORA ENTERPRISES LLC,4480 N SAN MIGUEL AVE,FRESNO,CA,93723,253-419-0948,Meena Kumari,Owner,NO,,Group — 23 locations (shared phone),261QU0200X,Urgent Care Center,2026-09-10,11,Yes
1336059369,AERIS CONGREGATE LIVING,1213 N VALLEJO WAY,UPLAND,CA,91786,714-408-8996,Toby Miclat,LLC Member,NO,,Standalone,314000000X,Skilled Nursing Facility,2026-09-10,6,Yes
1326958596,GENTIX HEALTH CARE LLC,5900 BALCONES DR,AUSTIN,TX,78731,432-315-4720,Betty F,CEO,NO,,Group — 2 locations (shared phone),261QU0200X,Urgent Care Center,2026-09-10,11,Yes
1184534109,THIBAUD HEALTHCARE AGENCY LLC,103 PORTLAND ST,BROCKTON,MA,02302,857-701-3264,Gabelita Thibaud,CEO,NO,,Standalone,251E00000X,Home Health,2026-09-10,8,Yes
1134039381,JOSHUA LOSIER LLC,5900 BALCONES DR STE 33607,AUSTIN,TX,78731,252-362-5252,Joshua Losier,owner,NO,,Standalone,291U00000X,Clinical Medical Laboratory,2026-09-10,11,Yes
1396655486,"ARDEN COURTS 15950 MCGREGOR BOULEVARD, LLC",15950 MCGREGOR BLVD,FORT MYERS,FL,33908,239-454-1277,Natalia Hermansen,Executive Director,NO,,Standalone,310400000X,Assisted Living Facility,2026-09-10,7,Yes
1457261679,ANGELZ AMONG US,3178 HUNTING CREEK PASS,DOUGLASVILLE,GA,30135,404-454-2918,Shandreika Patton,CEO,NO,,Standalone,251E00000X,Home Health,2026-09-10,8,Yes
1922918036,UNPRO MED SUPPLIES LLC,4827 ELM ST APT 3,SKOKIE,IL,60077,773-587-4510,Kareem Khan,OWNER,NO,,Group — 3 locations (shared phone),261QU0200X,Urgent Care Center,2026-09-10,11,Yes
1639089899,GUHAR NEXGEN LLC,5900 BALCONES DR STE 33614,AUSTIN,TX,78731,252-356-2058,Kedria Guhar,owner,NO,,Standalone,291U00000X,Clinical Medical Laboratory,2026-09-10,11,Yes
1417867540,"LHC CLXXXVIII, LLC",10697 E DARTMOUTH AVE,AURORA,CO,80014,303-758-2000,Joshua Proffitt,President,NO,,Group — 2 locations (same owner),251E00000X,Home Health,2026-09-10,8,Yes
1730099979,BRITTNEY OSMUN LLC,5900 BALCONES DR STE 22702,AUSTIN,TX,78731,158-174-9114,Brittney Osmun,owner,NO,,Standalone,291U00000X,Clinical Medical Laboratory,2026-09-10,11,Yes
1518877612,PALATINE MEDICAL EQUIPMENT LLC,119 E PALATINE RD STE 103,PALATINE,IL,60067,224-805-1728,Mohammad Shah,Owner,NO,,Standalone,261QU0200X,Urgent Care Center,2026-09-10,11,Yes
1679483689,"CARE PLUS AND KIDS, LLC",110 N JERRY CLOWER BLVD STE H,YAZOO CITY,MS,39194,769-567-5594,Coretta Carter,Owner,NO,,Standalone,261QU0200X,Urgent Care Center,2026-09-10,11,Yes
1801706890,CLASSIC CARE LLC,2685 S RAINBOW BLVD STE 209,LAS VEGAS,NV,89146,702-342-9000,Maryknoll Torres,MANAGER,NO,,Standalone,251E00000X,Home Health,2026-09-10,9,Yes
1356251425,AUTO PARTS HUB LLC,5900 BALCONES DR STE 33667,AUSTIN,TX,78731,259-239-0234,Tesfaye Temesgen,owner,NO,,Standalone,291U00000X,Clinical Medical Laboratory,2026-09-10,11,Yes
1962312132,URGENT CARE OF DEARBORN PLLC,831 MONROE ST,DEARBORN,MI,48124,313-565-8950,Farah Mehdi,President,NO,,Standalone,261QU0200X,Urgent Care Center,2026-09-10,11,Yes
1982514139,AUBREY DYLAN LLC,5900 BALCONES DR STE 33565,AUSTIN,TX,78731,242-134-2352,Aubrey Palmer,owner,NO,,Standalone,291U00000X,Clinical Medical Laboratory,2026-09-10,11,Yes
1588574727,ARMANDO FUENTES LLC,5900 BALCONES DR STE 33554,AUSTIN,TX,78731,042-354-6412,Armando Fuentes,owner,NO,,Group — 2 locations (shared phone),291U00000X,Clinical Medical Laboratory,2026-09-10,11,Yes
1467362616,PRO MED TASKS,5900 BALCONES DR,AUSTIN,TX,78731,432-315-4720,Debra M,CEO,NO,,Group — 2 locations (shared phone),261QU0200X,Urgent Care Center,2026-09-10,11,Yes
1104736347,HEATHER MOSES LLC,5900 BALCONES DR STE 33562,AUSTIN,TX,78731,042-354-6412,Heather Moses,owner,NO,,Group — 2 locations (shared phone),291U00000X,Clinical Medical Laboratory,2026-09-10,11,Yes
1013827187,MISTER SHOE LLC,5900 BALCONES DR STE 33666,AUSTIN,TX,78731,253-524-1425,Patricia Jackson,owner,NO,,Standalone,291U00000X,Clinical Medical Laboratory,2026-09-10,11,Yes
1659281764,"NEW LIFE BALANCE, INC",6893 CHERRY RIDGE CIR,ROSEVILLE,CA,95678,916-786-0654,Nirmaljeet Kaur,OWNER,NO,,Standalone,310400000X,Assisted Living Facility,2026-09-10,7,Yes
1699685636,AD3 MALONE SENIOR HOME LLC,819 W SAN MIGUEL AVE,PHOENIX,AZ,85013,773-992-7554,Darryl Malone,Owner,NO,,Standalone,310400000X,Assisted Living Facility,2026-09-10,7,Yes
1447160478,SM SANTA CRUZ LIMITED PARTNERSHIP,160 JEWELL ST,SANTA CRUZ,CA,95060,971-804-4195,Steven Bae,VP of Org Development,NO,,Group — 2 locations (same owner),310400000X,Assisted Living Facility,2026-09-10,7,Yes
1053221291,SOLUXE SOLAR LLC,5900 BALCONES DR STE 22559,AUSTIN,TX,78731,423-546-4123,Andreal Davis,owner,NO,,Standalone,291U00000X,Clinical Medical Laboratory,2026-09-10,11,Yes
1649180738,AVIAN ADULT FAMILY HOME H LLC,9427 194TH ST E,GRAHAM,WA,98338,253-341-8938,Brigitte Karoki,Owner/Provider,NO,,Standalone,310400000X,Assisted Living Facility,2026-09-10,8,Yes
1265342372,MAXWELL SUPPLIES LLC,4827 ELM ST APT 3,SKOKIE,IL,60077,773-587-4510,Kareem Khan,OWNER,NO,,Group — 3 locations (shared phone),261QU0200X,Urgent Care Center,2026-09-10,11,Yes
1831009893,"JNC HOME CARE SOLUTIONS, LLC",639 PARAKEET CT,KISSIMMEE,FL,34759,863-605-6363,Jessica Canady,Owner / CEO,NO,,Standalone,251E00000X,Home Health,2026-09-10,8,Yes
1548170798,ONE PIECE CAKE SHOP LLC,5900 BALCONES DR STE 22782,AUSTIN,TX,78731,254-235-2243,Tiffany Lewis,owner,NO,,Standalone,291U00000X,Clinical Medical Laboratory,2026-09-10,11,Yes
1457261737,HEAVENLY GRACE HOME HEALTH INC,250 HOSPITAL CIR,WESTMINSTER,CA,92683,714-373-0123,Xuan Trieu,OWNER/ ADMINISTRATOR,NO,,Standalone,251E00000X,Home Health,2026-09-09,9,Yes
1679483010,PRIME ORBBIT LLC,3625 W BARSTOW AVE APT 109,FRESNO,CA,93711,253-419-0948,No Given Name Sushil,Owner,NO,,Group — 23 locations (shared phone),261QU0200X,Urgent Care Center,2026-09-09,12,Yes
1336059625,"LA PORTE AL, LLC",3304 MONROE ST,LA PORTE,IN,46350,206-501-6732,Alida Raynor,Clinical Compliance Nurse,NO,,Standalone,310400000X,Assisted Living Facility,2026-09-09,9,Yes
1780594010,DME EXPERT SOLUTIONS LLC,2020 N ACADEMY BLVD STE 256,COLORADO SPRINGS,CO,80909,888-517-6432,Mastani Shaik,Business Owner,NO,,Group — 2 locations (shared phone),261QU0200X,Urgent Care Center,2026-09-09,12,Yes
1396655627,COLORADO LAB TESTING LLC,2020 N ACADEMY BLVD STE 270,COLORADO SPRINGS,CO,80909,888-517-6432,Mastani Shaik,Business Owner,NO,,Group — 2 locations (shared phone),261QU0200X,Urgent Care Center,2026-09-09,12,Yes
1619887106,TRUE EAST HOME CARE LLC,1206 EVANS ST STE 27,GREENVILLE,NC,27834,252-702-8787,Indria Maye,Owner,NO,,Standalone,251E00000X,Home Health,2026-09-09,9,Yes
1114837499,MK & B GROUPS INC,4922 HILLSWICK DR,SUGAR LAND,TX,77479,346-396-1252,Adam Nelson,Managing Member,NO,,Group — 41 locations (shared phone),291U00000X,Clinical Medical Laboratory,2026-09-09,12,Yes
1740190925,1 HOME CARE SERVICES LLC,851 DUNLAWTON AVE STE 104,PORT ORANGE,FL,32127,877-277-3561,Amanda Calisti,CEO,NO,,Group — 2 locations (shared phone),251E00000X,Home Health,2026-09-09,9,Yes
1447160627,STRICKLAND MEDICAID CONSULTING GROUP,4450 SAINT CLAIR AVE,CLEVELAND,OH,44103,877-710-2071,Miesha Strickland,Principal Consulting Agent,NO,,Standalone,261QU0200X,Urgent Care Center,2026-09-09,12,Yes
1295645638,SN ALPHA NEXUX LLC,3625 W BARSTOW AVE APT 109,FRESNO,CA,93711,253-419-0948,No Given Name Sushil,Owner,NO,,Group — 23 locations (shared phone),261QU0200X,Urgent Care Center,2026-09-09,12,Yes
1235049677,S VISION GROUP INC,3625 W BARSTOW AVE APT 109,FRESNO,CA,93711,253-419-0948,No Given Name Sushil,Owner,NO,,Group — 23 locations (shared phone),261QU0200X,Urgent Care Center,2026-09-09,12,Yes
1245140672,S PRIMEWAVE CORPORATION,3625 W BARSTOW AVE APT 109,FRESNO,CA,93711,253-419-0948,No Given Name Sushil,Owner,NO,,Group — 23 locations (shared phone),261QU0200X,Urgent Care Center,2026-09-09,12,Yes
1417867755,HEALING PINES SENIOR LIVIING LLC,19733 HEMMINGWAY ST,WINNETKA,CA,91306,747-652-2385,Kristine Ghukasyan,Licensee,NO,,Standalone,310400000X,Assisted Living Facility,2026-09-09,8,Yes
1346150620,AR CARE SOLUTIONS LLC,250 WINFRED AVE,YONKERS,NY,10704,571-650-0469,Rehan Awan,owner,NO,,Group — 2 locations (shared phone),261QU0200X,Urgent Care Center,2026-09-09,12,Yes
1629988985,FIRSTLIGHT HOME CARE OF PASSAIC,1 MEADOWLANDS PLZ STE 200,EAST RUTHERFORD,NJ,07073,510-472-1226,Albert Obidah,OWNER,YES,First Light Home Care,Part of group: First Light Home Care,251E00000X,Home Health,2026-09-09,9,Yes
1972413193,GREENWARD HEALTH SERVICES LLC,409 PEARL ST,AUGUSTA,AR,72006,501-368-5566,Trandalier Wells,Owner/Administrator,NO,,Standalone,251E00000X,Home Health,2026-09-09,9,Yes
1023928231,HODL INVESTING LLC,1532 W BARBER LN,SYRACUSE,UT,84075,385-301-7886,Daryl Lenhart,President,NO,,Standalone,251E00000X,Home Health,2026-09-09,10,Yes
1841100112,BETTER TOGETHER CONSULTING INC.,50 BURLINGTON MALL RD STE G18,BURLINGTON,MA,01803,781-791-5800,Susan Ginsburg,Owner,NO,,Standalone,251E00000X,Home Health,2026-09-09,9,Yes
1366352635,JASIA CARE HOME,5171 ALAMOSA PARK DR,OCEANSIDE,CA,92057,858-837-1416,Mcjavedrouf Talukder,Licensee,NO,,Standalone,310400000X,Assisted Living Facility,2026-09-09,8,Yes
1184534364,AUTUMN RIDGE SENIOR LIVING LLC,7125 MAIN AVE,ORANGEVALE,CA,95662,951-775-4933,Navgeet Kaur,Licensee,NO,,Group — 2 locations (shared phone),310400000X,Assisted Living Facility,2026-09-09,8,Yes
1790695054,GENTLENEST,5097 COURVILLE ST,DETROIT,MI,48224,313-442-6793,Allayia Easley,Owner,NO,,Standalone,251E00000X,Home Health,2026-09-09,9,Yes
1336059757,PRIME HEALTH CARE AGENCY INC,10538 BIRD RIVER RD,BALTIMORE,MD,21220,443-600-1188,Charles Imariabe,director,NO,,Standalone,251E00000X,Home Health,2026-09-09,9,Yes
1063322402,GIGA HARBOR LLC,3625 W BARSTOW AVE APT 109,FRESNO,CA,93711,253-419-0948,No Given Name Sushil,Owner,NO,,Group — 23 locations (shared phone),261QU0200X,Urgent Care Center,2026-09-09,12,Yes
1598675795,GRAYSTONE HOME HEALTHCARE,3345 OLDE FALLS RD,ZANESVILLE,OH,43701,740-502-4960,Victoria Gray,Owner,NO,,Standalone,251E00000X,Home Health,2026-09-09,10,Yes
1053221465,NOVACORE LABS INC,28000 SOUTHFIELD RD STE 100B,LATHRUP VILLAGE,MI,48076,586-306-3543,Syed Fahad Hussain,OWNER,NO,,Standalone,291U00000X,Clinical Medical Laboratory,2026-09-09,12,Yes
1063322279,KIND LOVE HOME CARE,397 VICTORIA HEIGHTS DR,DALLAS,GA,30132,720-312-6286,Jermaine Franks,OWNER,NO,,Standalone,251E00000X,Home Health,2026-09-09,9,Yes
1639089840,REHOBOTH HOMECARE AGENCY,2020 BROWNING BEND CT,DACULA,GA,30019,862-224-0307,Peter Ojo,CEO,NO,,Standalone,251E00000X,Home Health,2026-09-09,9,Yes
1801706007,PRISM DIAGNOSTICS LLC,119 E PALATINE RD STE 107,PALATINE,IL,60067,888-910-0640,Sai Goutham Reddy Katta,Owner,NO,,Standalone,261QU0200X,Urgent Care Center,2026-09-09,12,Yes
1962312298,"KEARNEY SENIOR LIVING, LLC",617 22ND AVE,KEARNEY,NE,68845,308-856-2100,Taylor Jackson,Director of Quality and Compliance,NO,,Standalone,310400000X,Assisted Living Facility,2026-09-09,9,Yes
1043120330,CARING HANDS & HEARTS ALLIANCE LLC,141 W CENTRAL AVE STE 4,WINTER HAVEN,FL,33880,863-440-3125,Raquelita Dejesus,Owner/Operator,NO,,Standalone,251E00000X,Home Health,2026-09-09,9,Yes
1851201040,AMBER COURT OF BROOKLYN LLC,650 E 104TH ST,BROOKLYN,NY,11236,718-649-0700,George Berger,Administrator,NO,,Standalone,310400000X,Assisted Living Facility,2026-09-09,9,Yes
1164332516,BLOOM HOME HEALTHCARE LLC,7151 DELMAR BLVD,SAINT LOUIS,MO,63130,314-614-6145,Jeffrey Fu,Owner,NO,,Standalone,251E00000X,Home Health,2026-09-09,9,Partial
1760392005,VMD PRIMARY PROVIDERS CENTRAL KENTUCKY,325 W WALNUT ST STE 600,LEBANON,KY,40033,270-699-9500,Cheri Szokolay,Director Revenue Cycle,YES,Vmd Primary Providers Central Kentucky,Part of group,261QU0200X,Urgent Care Center,2026-09-09,12,Yes
1336059674,VMD PRIMARY PROVIDERS CENTRAL KENTUCKY,1000 S 12TH ST,MURRAY,KY,42071,270-759-9200,Cheri Szokolay,Director Revenue Cycle,YES,Vmd Primary Providers Central Kentucky,Part of group,261QU0200X,Urgent Care Center,2026-09-09,12,Yes
1952211294,DANFORTH ADULT CARE CTR ALP,19 DANFORTH ST,HOOSICK FALLS,NY,12090,518-686-5167,Liz Chapman,Bookkeeper,NO,,Standalone,310400000X,Assisted Living Facility,2026-09-09,9,Yes
1598675878,"TRUST NOW URGENT CARE, PLLC",14317 NORTHWEST BLVD,CORPUS CHRISTI,TX,78410,361-933-5150,Dorma Kohler,Administrator,NO,,Standalone,261QU0200X,Urgent Care Center,2026-09-09,12,Yes
1720998925,ACCURA DIAGNOSTICS INC,26091 SHERWOOD AVE STE 109,WARREN,MI,48091,586-210-0557,Sai Kumar Allakonda,Owner,NO,,Standalone,261QU0200X,Urgent Care Center,2026-09-09,12,Yes
1205746583,ADVANCED DIAGNOSTICS LABORATORY LLC,20129 NE 16TH PL,MIAMI,FL,33179,702-786-5334,Rachel Fakhouri,Owner,NO,,Standalone,291U00000X,Clinical Medical Laboratory,2026-09-09,11,Yes
1174433429,JIRMUK EXPRESS CARE CORP,6954 W TOUHY AVE STE 103L,NILES,IL,60714,307-452-0503,Mukesh Jiragale,CEO,NO,,Group — 2 locations (shared phone),261QU0200X,Urgent Care Center,2026-09-09,12,Yes
1447160957,HEALTHPOINT CLINICAL LABORATORY LLC,580 S DENTON TAP RD STE 250,COPPELL,TX,75019,346-822-5886,Moinpasha Mohammed,OWNER,NO,,Standalone,291U00000X,Clinical Medical Laboratory,2026-09-08,13,Yes
1417867953,NEXIUS HEALTH,183 HILLSIDE AVE APT 2,LEONIA,NJ,07605,551-451-9096,Kathleen Sung,Co-Founder,NO,,Standalone,291U00000X,Clinical Medical Laboratory,2026-09-08,13,Yes
1225947955,MIDALE URGENT CARE,6520 N IRWINDALE AVE STE 130,IRWINDALE,CA,91702,747-207-5258,Alexandru Midori,ceo,NO,,Standalone,261QU0200X,Urgent Care Center,2026-09-08,13,Yes
1518877133,ZENVORA MEDICAL BILLIG LLC,345 HOMESTEAD AVE UNIT 204,GREENWOOD,IN,46143,223-205-0229,Palwinder Singh,OWNER,NO,,Group — 7 locations (shared phone),291U00000X,Clinical Medical Laboratory,2026-09-08,13,Yes
1932019635,ZENTARA MEDCARE SERVICES LLC,345 HOMESTEAD AVE UNIT 204,GREENWOOD,IN,46143,717-268-9132,Tejinder Singh,OWNER,NO,,Group — 9 locations (shared phone),291U00000X,Clinical Medical Laboratory,2026-09-08,13,Yes
1083524763,"COMMUNITY HEALTH AIDE SERVICES, INC.",33 DOWNTOWN DR FL 3,MONSEY,NY,10952,845-425-6555,Kreindy Lobl,Compliance Director,NO,,Group — 2 locations (shared phone),251E00000X,Home Health,2026-09-08,11,Yes
1578473138,BREELAND HOME CARE,1910 S STAPLEY DR STE 221,MESA,AZ,85204,480-738-3887,Janae Daniels,CEO,NO,,Standalone,251E00000X,Home Health,2026-09-08,10,Yes
1033029582,BRIGHT RIGHT HOME CARE  LLC,993 LEXUS DR,LAWRENCEVILLE,GA,30045,678-267-0724,Edith Eziakor,Administrator 1,NO,,Standalone,251E00000X,Home Health,2026-09-08,10,Yes
1851201560,BLUE CIRCUIT LLC,3625 W BARSTOW AVE APT 109,FRESNO,CA,93711,253-419-0948,Sanjay Kumar,Owner,NO,,Group — 23 locations (shared phone),261QU0200X,Urgent Care Center,2026-09-08,13,Yes
1619887122,NORTHSTAR RESIDENTIAL CARE,2665 W WHITE PINE AVE,SAN BERNARDINO,CA,92407,909-904-1096,Yesenia Bonilla,CFO,NO,,Standalone,310400000X,Assisted Living Facility,2026-09-08,9,Yes
1588574107,ARDEN COURTS 1057 WILLA SPRINGS DRIVE LLC,1057 WILLA SPRINGS DR,WINTER SPRINGS,FL,32708,407-696-8400,Shana Mann,Executive Director,NO,,Standalone,310400000X,Assisted Living Facility,2026-09-08,9,Yes
1639089311,ZARIVIA CLAIMS LLC,345 HOMESTEAD AVE UNIT 204,GREENWOOD,IN,46143,223-205-0229,Bhupinder Singh,OWNER,NO,,Group — 7 locations (shared phone),291U00000X,Clinical Medical Laboratory,2026-09-08,13,Yes
1417867011,"WHOLESOME HAVEN, LLC",10034 VIEW CREST CT,SPRING VALLEY,CA,91977,818-749-6701,Gabriel Sanchez,Owner and Administrator,NO,,Standalone,310400000X,Assisted Living Facility,2026-09-08,9,Yes
1033029756,SUNNY WAY CONGREGATE LIVING,11452 SUNNY WAY,VICTORVILLE,CA,92392,714-623-0859,Anna De Los Reyes,Administrator Assistant- LVN,NO,,Standalone,314000000X,Skilled Nursing Facility,2026-09-08,8,Yes
1104736875,HALO WELLNESS & IV THERAPY INC,4462 BRETTON CT NW,ACWORTH,GA,30101,305-915-7205,Kayla Cullins,NHA Lead Certified Phlebotomist,NO,,Standalone,291U00000X,Clinical Medical Laboratory,2026-09-08,12,Yes
1922918606,REVIORA LAB LLC,345 HOMESTEAD AVE UNIT 204,GREENWOOD,IN,46143,223-205-0229,Bhupinder Singh,OWNER,NO,,Group — 7 locations (shared phone),291U00000X,Clinical Medical Laboratory,2026-09-08,13,Yes
1649180357,LUMETRA HEALTHCARE BILLING LLC,345 HOMESTEAD AVE UNIT 204,GREENWOOD,IN,46143,717-268-9132,Tejinder Singh,OWNER,NO,,Group — 9 locations (shared phone),291U00000X,Clinical Medical Laboratory,2026-09-08,13,Yes
1477463198,ELVARIS MEDICAL LLC,345 HOMESTEAD AVE UNIT 204,GREENWOOD,IN,46143,223-205-0229,Palwinder Singh,OWNER,NO,,Group — 7 locations (shared phone),291U00000X,Clinical Medical Laboratory,2026-09-08,13,Yes
1558271171,"CAMPHILL GHENT, INC.",2542 STATE ROUTE 66,CHATHAM,NY,12037,518-392-2760,David Clark,Accounting Manager,NO,,Group — 2 locations (same owner),310400000X,Assisted Living Facility,2026-09-08,10,Yes
1013827682,"WSL CRANSTON AL OP, LLC",55 OAKLAWN AVE,CRANSTON,RI,02920,401-903-3093,Jonathan Scharf,General Counsel,NO,,Standalone,310400000X,Assisted Living Facility,2026-09-08,10,Yes
1770493413,ANCHOR ALLIANCE CARE,4171 ROSE MARY DR,STERLING HEIGHTS,MI,48310,586-646-0035,Shah Noor,Owner,NO,,Standalone,251E00000X,Home Health,2026-09-08,10,Yes
1487564043,ALPHA BETA COMMUNITY SERVICES,355 SEARCHLIGHT DR,WINDER,GA,30680,423-328-4389,Grace Tettey,Director,NO,,Standalone,251E00000X,Home Health,2026-09-08,10,Yes
1952211625,DIGNITY HOME CARE LLC,7200 DEEP BRANCH RD,PEMBROKE,NC,28372,910-522-5340,Cynthia Dial,Director,NO,,Standalone,251E00000X,Home Health,2026-09-08,10,Yes
1669382255,GOOD START LIVING LLC,2209 KENNARD ST,MAPLEWOOD,MN,55109,614-584-1537,Foster Dzakah,President,NO,,Standalone,310400000X,Assisted Living Facility,2026-09-08,10,Yes
1154231868,VIREXA GROUP LLC,3625 W BARSTOW AVE APT 109,FRESNO,CA,93711,253-419-0948,Sanjay Kumar,Owner,NO,,Group — 23 locations (shared phone),261QU0200X,Urgent Care Center,2026-09-08,13,Yes
1063322675,1ST FAMILY 1ST HOME HEALTH LLC,5014 N KINGSHIGHWAY BLVD,SAINT LOUIS,MO,63115,636-893-2333,Harmauhny Faulkner,Executive Director,NO,,Standalone,251E00000X,Home Health,2026-09-08,10,Partial
1477463099,BLUE BIRD HOME HEALTH CARE SERVICES  LLC,1212 RED BANKS RD APT K1,GREENVILLE,NC,27858,252-917-9818,David Steed,Owner/Manager,NO,,Standalone,251E00000X,Home Health,2026-09-08,10,Yes
1508776295,"COMMUNITY HEALTH AIDE SERVICES, INC.",33 DOWNTOWN DR FL 3,MONSEY,NY,10952,845-425-6555,Kreindy Lobl,Compliance Director,NO,,Group — 2 locations (shared phone),251E00000X,Home Health,2026-09-08,11,Yes
1477463057,SERENE MEADOW HOMES LLC,1921 WHITMAN RD,CONCORD,CA,94518,925-289-9008,Sureshkumar Reddy,Administrator,NO,,Standalone,310400000X,Assisted Living Facility,2026-09-08,9,Yes
1295645919,SK GLOBAL VENTURES LLC,3625 W BARSTOW AVE APT 109,FRESNO,CA,93711,253-419-0948,Sanjay Kumar,Owner,NO,,Group — 23 locations (shared phone),261QU0200X,Urgent Care Center,2026-09-08,13,Yes
1184534802,SK PRIME VENTURES LLC,3625 W BARSTOW AVE APT 109,FRESNO,CA,93711,253-419-0948,Sanjay Kumar,Owner,NO,,Group — 23 locations (shared phone),261QU0200X,Urgent Care Center,2026-09-08,13,Yes
1508776014,CARE HORIZONS ASSISTED LIVING LLC,6630 CARE LN,CARMICHAEL,CA,95608,916-205-2273,Adriana Stir,Licensee,NO,,Standalone,310400000X,Assisted Living Facility,2026-09-08,9,Yes
1982514501,DBC MEDICAL SERVICES INC,1643 E OAKTON ST,DES PLAINES,IL,60018,773-358-1393,Raj Patel,PRESIDENT,NO,,Standalone,291U00000X,Clinical Medical Laboratory,2026-09-08,12,Yes
1891605515,QUANTAM FORGE LLC,3625 W BARSTOW AVE APT 109,FRESNO,CA,93711,253-419-0948,Sanjay Kumar,Owner,NO,,Group — 23 locations (shared phone),261QU0200X,Urgent Care Center,2026-09-08,13,Yes
1255241725,"ADAPTIVE SACO OPCO, LLC",392 MAIN ST,SACO,ME,04072,207-284-0900,Shawn Bertram,CEO,NO,,Standalone,310400000X,Assisted Living Facility,2026-09-08,10,Yes
1023928678,BEARING BLESSINGS HOME HEALTH CARE LLC,5705 LEE FARM LN STE C,SUFFOLK,VA,23435,757-335-7600,Essence Elliott,Administrator,NO,,Standalone,251E00000X,Home Health,2026-09-08,11,Yes
1841100468,ALVAREZ MEDICAL HOME SERVICES LLC,"CONDOMINIO QUINTA REAL, CALLE REY ALBERTO, APTO. 6107",TOA BAJA,PR,00949,787-475-3040,Angel Alvarez Melendez,Owner,NO,,Standalone,251E00000X,Home Health,2026-09-08,11,Yes
1023927795,DUREMEX LLC,10501 SOUTH DR APT 310,HOUSTON,TX,77099,346-396-1252,Faisal Khalid Bafana,Owner,NO,,Group — 41 locations (shared phone),291U00000X,Clinical Medical Laboratory,2026-09-07,14,Yes
1083523732,PALMS CARE LLC,1741 N PALM PARKE BLVD,CASA GRANDE,AZ,85122,480-258-2618,Gavin Edwards,Owner/Manager,NO,,Standalone,310400000X,Assisted Living Facility,2026-09-07,10,Yes
1104735844,BOSTON LESJAK LLC,5900 BALCONES DR STE 21566,AUSTIN,TX,78731,481-623-7123,Boston Lesjak,CEO,NO,,Standalone,291U00000X,Clinical Medical Laboratory,2026-09-07,14,Yes
1891604625,OCTNINE LLC,801 BOUSH ST STE 200,NORFOLK,VA,23510,213-674-3267,Taniya Smith,Owner/Member,NO,,Standalone,251E00000X,Home Health,2026-09-07,12,Yes
1780593426,THOMAS SCHMIDT LLC,5900 BALCONES DR STE 21296,AUSTIN,TX,78731,412-376-1728,Thomas Schmidt,Owner,NO,,Standalone,291U00000X,Clinical Medical Laboratory,2026-09-07,14,Yes
1699684340,TALINA MCDANIEL LLC,5900 BALCONES DR STE 20891,AUSTIN,TX,78731,419-273-1298,Talina Mcdaniel,owner,NO,,Standalone,291U00000X,Clinical Medical Laboratory,2026-09-07,14,Yes
1134038870,BRIAN MALONE LLC,5900 BALCONES DR STE 23016,AUSTIN,TX,78731,412-431-2312,Brian Malone,OWNER,NO,,Standalone,291U00000X,Clinical Medical Laboratory,2026-09-07,14,Yes
1851200679,HUGHES ADULT FAMILY CARE GROUP HOME LLC,3217 E CARACAS ST,TAMPA,FL,33610,616-375-6604,Evelyn Hughes,OWNER,NO,,Standalone,310400000X,Assisted Living Facility,2026-09-07,11,Yes
1437068137,HOPE AND LOVE HOME CARE LLC,6521 DEEP RUN CT,INDIANAPOLIS,IN,46268,317-827-1995,Lakeisha Waites,owner,NO,,Standalone,251E00000X,Home Health,2026-09-07,11,Yes
1609785351,STACY MCNEIL LLC,5900 BALCONES DR STE 14938,AUSTIN,TX,78731,241-412-4312,Stacy Mcneil,OWNER,NO,,Standalone,291U00000X,Clinical Medical Laboratory,2026-09-07,14,Yes
1295644953,SECOND LIFE DIAGNOSTICS INC,2710 REED RD STE 160,HOUSTON,TX,77051,646-617-3088,Georgy Tets,Chief Executive Officer,NO,,Standalone,291U00000X,Clinical Medical Laboratory,2026-09-07,14,Yes
1578472213,SAMANTHA CHACON LLC,5900 BALCONES DR STE 20556,AUSTIN,TX,78731,471-287-3231,Samantha Chacon,owner,NO,,Standalone,291U00000X,Clinical Medical Laboratory,2026-09-07,14,Yes
1770492415,GARDENING FUN LLC,5900 BALCONES DR STE 25210,AUSTIN,TX,78731,419-299-3784,Thomas Ntiense,owner,NO,,Standalone,291U00000X,Clinical Medical Laboratory,2026-09-07,14,Yes
1497664239,SABR THABAT GROUP LLC,1515 RHODE ISLAND AVE NE APT 201,WASHINGTON,DC,20018,771-245-7732,Audrey Galasso,Owner,NO,,Standalone,291U00000X,Clinical Medical Laboratory,2026-09-07,13,Yes
1275442915,RYAN ASHBY LLC,5900 BALCONES DR STE 17934,AUSTIN,TX,78731,412-313-1231,Ryan Ashby,OWNER,NO,,Standalone,291U00000X,Clinical Medical Laboratory,2026-09-07,14,Yes
1932018678,RUBY SCHROEDER LLC,5900 BALCONES DR STE 17508,AUSTIN,TX,78731,419-288-3911,Ruby Schroeder,OWNER,NO,,Standalone,291U00000X,Clinical Medical Laboratory,2026-09-07,14,Yes
1326957002,ANCHOR POINTE HEALTH LLC,1409 WASHINGTON AVE STE 212,SAINT LOUIS,MO,63103,469-326-8046,Abdirashid Samantar,Owner,NO,,Standalone,251E00000X,Home Health,2026-09-07,11,Partial
1912816638,AT SERENITY HOME CARE LLC,22854 WHISPERING BIRCH DR,CHUGIAK,AK,99567,808-382-3529,Marie De Leon,Designee,NO,,Standalone,310400000X,Assisted Living Facility,2026-09-07,10,Yes
1043129729,ORSU DIAGNOSTICS INC,627 N YORK ST,ELMHURST,IL,60126,346-771-1189,Taraka Pavan Kalyan Orsu,dme,NO,,Group — 5 locations (shared phone),261QU0200X,Urgent Care Center,2026-09-07,14,Yes
1336058080,JULIE LONG LLC,5900 BALCONES DR STE 15782,AUSTIN,TX,78731,412-412-4312,Julie Long,owner,NO,,Standalone,291U00000X,Clinical Medical Laboratory,2026-09-07,14,Yes
1962311613,CAREONE HOME CARE LIMITED LIABILITY COMPANY,6209 FLORAL PARK RD,BRANDYWINE,MD,20613,240-376-3322,Shalonda Gaines,owner,NO,,Standalone,251E00000X,Home Health,2026-09-07,11,Yes
1114836897,TPK HEALING CENTER INC,627 N YORK ST,ELMHURST,IL,60126,346-771-1189,Taraka Pavan Kalyan Orsu,Urgent Care,NO,,Group — 5 locations (shared phone),261QU0200X,Urgent Care Center,2026-09-07,14,Yes
1780593491,EVE & ALLEN HOME HELP CO. LLC.,21881 STRATFORD ST,OAK PARK,MI,48237,947-260-4435,Jonathan Mcmillon,Owner,NO,,Standalone,251E00000X,Home Health,2026-09-07,11,Yes
1346159142,FAMILY FEELS LLC,777 TERRAZZO DR,SAN JOSE,CA,95123,408-440-1631,David Devries,Owner,NO,,Standalone,314000000X,Skilled Nursing Facility,2026-09-05,11,Yes
1629987417,BETTYCOMMUNITYHOMECARESERVICES,4021 ANNEEWAKEE RD LOT 33B,DOUGLASVILLE,GA,30135,404-322-7049,Sherley Jean Louis,OWNER,NO,,Standalone,251E00000X,Home Health,2026-09-05,13,Yes
1861301665,HOPE INSIDE MOBILE TESTING,3721 BUNNLEVEL ERWIN RD,ERWIN,NC,28339,919-400-0731,Tiffani Pearsall,Owner,YES,Hope Inside Integrated Services,Part of group: Hope Inside Integrated Services,291U00000X,Clinical Medical Laboratory,2026-09-05,16,Yes
1689583486,GRACEFULL HANDS HOMECARE LLC,7301 N 16TH ST,PHOENIX,AZ,85020,602-513-7731,Bebecare Iragena,CEO,NO,,Standalone,251E00000X,Home Health,2026-09-05,13,Yes
1659280436,ENTRUSTED IN HOME CARE,107 E BUTLER RD STE F,MAULDIN,SC,29662,864-692-5012,Kelsie Ferguson,CEO,NO,,Standalone,251E00000X,Home Health,2026-09-05,14,Yes
1699684506,BEXAR COUNTY HOSPITAL DISTRICT,2121 SW 36TH ST,SAN ANTONIO,TX,78237,210-358-5043,Christopher Hurley,Executive Vice President/ CFO,YES,Bexar County Hospital District,Part of group,291U00000X,Clinical Medical Laboratory,2026-09-04,17,Yes
1053220038,BRACHA HOME CARE INC,401 OCEAN VIEW AVE,BROOKLYN,NY,11235,718-400-7800,Alex Silver,President,NO,,Standalone,251E00000X,Home Health,2026-09-04,15,Yes
1558270454,BEXAR COUNTY HOSPITAL DISTRICT,1055 ADA ST,SAN ANTONIO,TX,78223,210-358-5531,Christopher Hurley,Executive Vice President/ CFO,YES,Bexar County Hospital District,Part of group,291U00000X,Clinical Medical Laboratory,2026-09-04,17,Yes
1780593624,HOPE AND CARE LLC,29216 AZARA ST,MURRIETA,CA,92563,913-284-2284,Wasan Ghazwan,Administrator,NO,,Standalone,310400000X,Assisted Living Facility,2026-09-04,13,Yes
1730098674,SOUTHEAST HARBOR INC,20 W 5TH ST STE 206A,MONROE,MI,48161,985-999-6575,Marc Sinclair,Billing,NO,,Standalone,291U00000X,Clinical Medical Laboratory,2026-09-04,17,Yes
1073422986,BEXAR COUNTY HOSPITAL DISTRICT,701 S ZARZAMORA ST,SAN ANTONIO,TX,78207,210-358-7037,Christopher Hurley,Executive Vice President/ CFO,YES,Bexar County Hospital District,Part of group,291U00000X,Clinical Medical Laboratory,2026-09-04,17,Yes
1003725904,ANRAM CARE HOME LLC,116 DAPHNE CT,ANTIOCH,CA,94509,510-205-4216,Angie Ramandanes,ADMINISTRATOR/LICENSEE,NO,,Standalone,310400000X,Assisted Living Facility,2026-09-04,13,Yes
1699684639,GARDEN HEALTH LLC,14108 123RD AVE,JAMAICA,NY,11436,516-549-7748,Sultan Mahmood,President,NO,,Standalone,261QU0200X,Urgent Care Center,2026-09-04,17,Yes
1902715873,SPRINT DIAGNOSTICS INC,2333 WISCONSIN AVE # 6,DOWNERS GROVE,IL,60515,346-771-1189,Baig Mohammed Sayeed,DME,NO,,Group — 5 locations (shared phone),261QU0200X,Urgent Care Center,2026-09-04,17,Yes
1205745239,"PORTLAND SE 10948 OF CASCADIA, LLC",10948 SE BOISE ST,PORTLAND,OR,97266,503-760-1727,Owen Hammond,President,NO,,Group — 45 locations (same owner),314000000X,Skilled Nursing Facility,2026-09-04,13,Yes
1770492670,ELITECARE HEALTHSERVICES LLC,2806 E 4TH ST,WATERLOO,IA,50703,404-883-1575,Lakita Rushing,Administrati Director,YES,Elitecare Healthservices Llc,Part of group,251E00000X,Home Health,2026-09-04,14,Yes
1780593640,CURE MED SUPPLIES INC,2333 WISCONSIN AVE,DOWNERS GROVE,IL,60515,346-771-1189,Farhana Begum,DME,NO,,Group — 5 locations (shared phone),261QU0200X,Urgent Care Center,2026-09-04,17,Yes
1992614846,ONE FAITH HOME CARE LLC,3210 D ST,PHILADELPHIA,PA,19134,215-986-6123,Geraldo Rosado,Administrator,NO,,Standalone,251E00000X,Home Health,2026-09-04,15,Partial
1134038052,PARKVIEW CARING MANAGEMENT INC,106 S STREVELL AVE,MILES CITY,MT,59301,406-234-9289,Sherry Stoltz,Owner,NO,,Standalone,310400000X,Assisted Living Facility,2026-09-04,14,Yes
1679482558,AURORA MEDICAL SUPPLY LLC,2501 CHATHAM RD STE N,SPRINGFIELD,IL,62704,872-389-8042,Omar Assaf,Owner,NO,,Standalone,261QU0200X,Urgent Care Center,2026-09-04,17,Yes
1861301863,TREMPOX LLC,5900 BALCONES DR,AUSTIN,TX,78731,635-656-3215,Ali Khan,MANAGER,NO,,Standalone,251E00000X,Home Health,2026-09-04,14,Yes
1508775438,CROSSROADLABS LLC,513 RIDGE RD STE 3,MUNSTER,IN,46321,872-375-8142,Unknown Mohammed Shaibaz,OWNER/MANAGING MEMBER,NO,,Standalone,291U00000X,Clinical Medical Laboratory,2026-09-04,17,Yes
1740199504,BRIDGE HOME CARE LLC,3869 EDWIN ST,HAMTRAMCK,MI,48212,313-502-7891,Ahmed Alduais,OWNER,NO,,Standalone,251E00000X,Home Health,2026-09-04,14,Yes
1679482533,CASPIAN MEDICAL SERVICES INC,2333 WISCONSIN AVE,DOWNERS GROVE,IL,60515,346-771-1189,Farhana Begum,DME,NO,,Group — 5 locations (shared phone),261QU0200X,Urgent Care Center,2026-09-04,17,Yes
1700795622,OPEN ARMS YOUTH GROUP HOME LLC,3156 CUSTER ST,PHILADELPHIA,PA,19134,267-670-4028,Miatta Borkai,DIRECTOR,NO,,Group — 2 locations (shared phone),251E00000X,Home Health,2026-09-04,15,Partial
1679482608,"MYRTLE POINT OF CASCADIA, LLC",637 ASH ST,MYRTLE POINT,OR,97458,541-572-2066,Owen Hammond,President,NO,,Group — 45 locations (same owner),314000000X,Skilled Nursing Facility,2026-09-04,13,Yes
1740199652,BIO CONTINENTAL DIAGNOSTICS INC,4200 LATHAM ST STE C2,RIVERSIDE,CA,92501,773-828-7765,Unknown Naser Bin Ahmed,Managing Director,NO,,Standalone,291U00000X,Clinical Medical Laboratory,2026-09-04,16,Yes
1093624926,DOROTHY RENEE'S PLACE LLC,1425 N PRIEUR ST,NEW ORLEANS,LA,70116,310-728-7399,Tracy Williams,Manager,NO,,Standalone,310400000X,Assisted Living Facility,2026-09-04,14,Yes
1144139056,RESCUE91 HEALTHCARE SERVICES,1715 SPRINGFIELD ST,DAYTON,OH,45403,937-500-5371,Kelvin Afful,ceo,NO,,Standalone,251E00000X,Home Health,2026-09-04,15,Yes
1598674574,NEXTERA HEALTHCARE PLLC,585 SOUTH BLVD E,PONTIAC,MI,48341,303-501-2600,Danielle Culjat,Director of Clinicals Operations,NO,,Standalone,261QU0200X,Urgent Care Center,2026-09-04,17,Yes
1518876762,CALIFORNIA SHORES INC.,31822 SAN JUAN CREEK CIR,SAN JUAN CAPISTRANO,CA,92675,949-388-9219,Michael Zuehl,President,NO,,Standalone,310400000X,Assisted Living Facility,2026-09-03,14,Yes
1841109121,"PORTLAND SE 812 OF CASCADIA, LLC",812 SE 48TH AVE,PORTLAND,OR,97215,503-236-2624,Owen Hammond,President,NO,,Group — 45 locations (same owner),314000000X,Skilled Nursing Facility,2026-09-03,14,Yes
1255240537,"SPOKANE VALLEY WEST OF OLYMPUS, LLC",1308 N VERCLER RD,SPOKANE VALLEY,WA,99216,509-926-4533,Owen Hammond,President,NO,,Group — 45 locations (same owner),310400000X,Assisted Living Facility,2026-09-03,15,Yes
1518876630,HUDSON HERBALS LLC,2983 JOHN F KENNEDY BLVD STE 303,JERSEY CITY,NJ,07306,217-501-4376,Kuldeep Singh,OWNER,NO,,Standalone,261QU0200X,Urgent Care Center,2026-09-03,18,Yes
1922917285,PERFECT DIAGNOSTIC CENTER,5691 BOXWOOD DR,LORAIN,OH,44053,440-714-5557,Oscar Franco,CEO,NO,,Standalone,261QU0200X,Urgent Care Center,2026-09-03,18,Yes
1578472684,ADVANCED URGENT CARE,12319 N MOPAC EXPY STE 213,AUSTIN,TX,78758,346-396-1252,Silas Lockwood,Managing Member,NO,,Group — 41 locations (shared phone),261QU0200X,Urgent Care Center,2026-09-03,18,Yes
1861301095,LANU HEALTHCARE SERVICES LLC,1940 COOPER LAKES DR,GRAYSON,GA,30017,404-405-2667,Laila Ismail,Administrator,YES,Lanu Healthcare Services Llc,Part of group,251E00000X,Home Health,2026-09-03,15,Yes
1871402990,FEDELTU HOME CARE LLC,1165 DIXON DR APT 1,WATERLOO,IA,50701,507-990-3153,Delkontee Tutu,Administrator,NO,,Standalone,251E00000X,Home Health,2026-09-03,15,Yes
1639088925,"PREMIER SURGERY CENTER, LLC",11704 W CENTER RD STE 110,OMAHA,NE,68144,402-658-1828,Kent Dinucci,Medical Director,NO,,Standalone,261QA1903X,Ambulatory Surgery Center,2026-09-03,17,Yes
1497664502,EXPRESSCARE MEDICAL CENTER,633 SW JOHNSON AVE STE 112,BURLESON,TX,76028,346-396-1252,Clara Crestwood,Managing Member,NO,,Group — 41 locations (shared phone),261QU0200X,Urgent Care Center,2026-09-03,18,Yes
1740199082,SS BROWARD II COMMUNITY HC LLC,51 W SAMPLE RD,DEERFIELD BEACH,FL,33064,954-942-5530,Alicia Cepeda,Senior Legal/Risk Manager,NO,,Group — 42 locations (same owner),314000000X,Skilled Nursing Facility,2026-09-03,13,Yes
1285543546,RIGHT MEDICAL LLC,21 PARK PLACE ST,DAYTON,TX,77535,281-222-0536,Tammy Humphreys,CEO,NO,,Standalone,261QU0200X,Urgent Care Center,2026-09-03,18,Yes
1407765613,HADARA HEALTH & WELLNESS OF ELBERTON LLC,2117 DR GEORGE WARD RD,ELBERTON,GA,30635,706-283-3335,Chaim Hertzel,Manager,NO,,Standalone,314000000X,Skilled Nursing Facility,2026-09-03,13,Yes
1346159696,SS POLK IV COMMUNITY HC LLC,202 AVENUE O NE,WINTER HAVEN,FL,33881,863-293-3103,Alicia Cepeda,Senior Legal/Risk Manager,NO,,Group — 42 locations (same owner),314000000X,Skilled Nursing Facility,2026-09-03,13,Yes
1922917202,"PORTLAND NE 11325 OF CASCADIA, LLC",11325 NE WEIDLER ST,PORTLAND,OR,97220,503-231-0276,Owen Hammond,President,NO,,Group — 45 locations (same owner),314000000X,Skilled Nursing Facility,2026-09-03,14,Yes
1265341424,LABORATORIO CLINICO PROFESIONAL EMANUEL INC,38 MUNOZ RIVERA,SANTA ISABEL,PR,00757,787-301-1731,Gregorio Torres,PRESIDENT,YES,Laboratorio Clinico Profesional Emanuel Inc,Part of group,291U00000X,Clinical Medical Laboratory,2026-09-03,18,Yes
1710896923,ASHRAF MEDICAL GROUP PLLC,1862 PLEASANTVILLE RD,BRIARCLIFF MANOR,NY,10510,845-204-9260,Katelin Buice,billing admin/credentialing,YES,Ashraf Medical Group Pllc,Part of group,261QU0200X,Urgent Care Center,2026-09-03,18,Yes
1285543520,SS PINELLAS X COMMUNITY HC LLC,515 CHESAPEAKE DR,TARPON SPRINGS,FL,34689,727-934-4629,Alicia Cepeda,Senior Legal/Risk Manager,NO,,Group — 42 locations (same owner),314000000X,Skilled Nursing Facility,2026-09-03,13,Yes
1013826221,"GULFCOAST ANDROLOGY, LLC",7900 FANNIN ST STE 3100,HOUSTON,TX,77054,713-405-1370,Subodh Chauhan,Medical Director,NO,,Group — 2 locations (shared phone),291U00000X,Clinical Medical Laboratory,2026-09-03,18,Yes
1124937297,"DIAGNOSTIC PATHOLOGY MEDICAL GROUP, INC.",5520 RENO CORPORATE DR STE 105,RENO,NV,89511,775-799-5383,Molly Teron,Director RCM,YES,"Diagnostic Pathology Medical Group, Inc.",Part of group,291U00000X,Clinical Medical Laboratory,2026-09-03,17,Yes
1558270892,SS PINELLAS IX COMMUNITY HC LLC,718 22ND AVE S,ST PETERSBURG,FL,33705,727-894-5125,Alicia Cepeda,Senior Legal/Risk Manager,NO,,Group — 42 locations (same owner),314000000X,Skilled Nursing Facility,2026-09-03,13,Yes
1245149210,CEDAR BLOSSOM SENIOR LIVING INC,5592 PHILADELPHIA ST,CHINO,CA,91710,626-535-3137,Matthew Libucha,CEO,NO,,Standalone,310400000X,Assisted Living Facility,2026-09-03,14,Yes
1851200141,IS HEALTHCARE LLC,420 HICKORY TIMBER CT,ANTIOCH,TN,37013,615-596-5371,Idella Woodard,Clinical Director,NO,,Standalone,291U00000X,Clinical Medical Laboratory,2026-09-03,18,Yes
1023927191,FAMILY TRADITIONS CARE LLC,11206 POWDER MILL TRL,AUSTIN,TX,78750,512-956-8450,Lorissa Mccoy,Co-founder,NO,,Standalone,310400000X,Assisted Living Facility,2026-09-03,15,Yes
1184533291,REV HEALTHCARE SERVICES INC,1755 N BROWN RD # 221,LAWRENCEVILLE,GA,30043,470-589-9191,Ebi Zuofa,MD,NO,,Standalone,251E00000X,Home Health,2026-09-03,15,Yes
1679482947,"GRESHAM WEST OF CASCADIA, LLC",405 NE 5TH ST,GRESHAM,OR,97030,503-666-5600,Owen Hammond,President,NO,,Group — 45 locations (same owner),314000000X,Skilled Nursing Facility,2026-09-03,14,Yes
1689583965,VLB HOLDING LLC,9360 FALLS OF NEUSE RD STE 105,RALEIGH,NC,27615,919-928-2852,Kaupind Shah,DIRECTOR/ADMIN,NO,,Standalone,251E00000X,Home Health,2026-09-03,15,Yes
1326957671,SS LEE II COMMUNITY HC LLC,3250 WINKLER AVE EXT,FORT MYERS,FL,33916,239-939-4993,Alicia Cepeda,Senior Legal/Risk Manager,NO,,Group — 42 locations (same owner),314000000X,Skilled Nursing Facility,2026-09-03,13,Yes
1558270637,365 EMPOWERMENT SOLUTIONS,1712 S ATLANTA AVE,RUSSELLVILLE,AR,72802,479-438-1965,Samantha Schluterman,CEO/Co-Owner,NO,,Standalone,251E00000X,Home Health,2026-09-03,15,Yes
1720997869,PINNACLE HOME HEALTH GROUP LLC,6001 MENAUL BLVD NE # 1150,ALBUQUERQUE,NM,87110,832-739-1807,Stephanie Carrigan,CEO,NO,,Standalone,251E00000X,Home Health,2026-09-03,16,Yes
1538078605,CHESAPEAKE MOBILE LAB,1105 N POINT BLVD STE 331,BALTIMORE,MD,21224,410-517-7060,Michelle Blackston,Director,NO,,Standalone,291U00000X,Clinical Medical Laboratory,2026-09-03,18,Yes
1225947385,EVERGREEN CARE SOLUTIONS LLC,2312 210TH ST SE,BOTHELL,WA,98021,425-770-2516,Laura Romanschi,Administrator,NO,,Standalone,251E00000X,Home Health,2026-09-03,16,Yes
1043129257,PROVERBS IN ARIZONA LLC,1540 S 108TH WAY,CHANDLER,AZ,85286,480-703-0992,Zaki Shakir,Owner,NO,,Standalone,310400000X,Assisted Living Facility,2026-09-03,14,Yes
1134038235,MAXIMUM HOMECARE SERVICES LLC,107 CEDAR GROVE LN STE 105,SOMERSET,NJ,08873,732-500-4793,Nemata Kamara,ADMINISTRATOR,NO,,Standalone,251E00000X,Home Health,2026-09-03,16,Yes
1003725243,PERFECT PATTY'S LLC,6702 NW 52ND TER,GAINESVILLE,FL,32653,352-301-2781,Antoine Bryant,Owner,NO,,Standalone,251E00000X,Home Health,2026-09-03,15,Yes
1982513263,"LEBANON OF OLYMPUS, LLC",1401 S 12TH ST,LEBANON,OR,97355,541-259-1779,Owen Hammond,President,NO,,Group — 45 locations (same owner),310400000X,Assisted Living Facility,2026-09-03,15,Yes
1689583791,HARMONY HEALTH AT HOME LLC,26026 TELEGRAPH RD,SOUTHFIELD,MI,48033,248-329-4752,Joyce Gilbert,OWNER,NO,,Standalone,251E00000X,Home Health,2026-09-03,15,Yes
1699684886,ANGELIC HOME HEALTH INC,404 SPRING TRCE,O FALLON,MO,63368,636-485-1335,Dwayne Wilson,Owner,NO,,Standalone,251E00000X,Home Health,2026-09-03,15,Yes
1003725383,"JOHN DAY OF OLYMPUS, LLC",112 VALLEY VIEW DR,JOHN DAY,OR,97845,541-575-3533,Owen Hammond,President,NO,,Group — 45 locations (same owner),310400000X,Assisted Living Facility,2026-09-03,15,Yes
1235048513,"PORTLAND SE 6003 OF CASCADIA, LLC",6003 SE 136TH AVE,PORTLAND,OR,97236,971-978-1268,Owen Hammond,President,NO,,Group — 45 locations (same owner),314000000X,Skilled Nursing Facility,2026-09-03,14,Yes
1982513222,SS SARASOTA COMMUNITY HC LLC,1524 S EAST AVE,SARASOTA,FL,34239,941-365-2422,Alicia Cepeda,Senior Legal/Risk Manager,NO,,Group — 42 locations (same owner),314000000X,Skilled Nursing Facility,2026-09-03,13,Yes
1982513081,IMANI HEALTHCARE & SUPPORT SERVICES LLC,15647 W CHERYL DR,WADDELL,AZ,85355,602-849-6344,Tabitha Ndirangu,MANAGING MEMBER,NO,,Standalone,251E00000X,Home Health,2026-09-03,15,Yes
1932018298,AAK MEDICAL SOLUTIONS,21 PARK PLACE ST,DAYTON,TX,77535,281-797-0040,Randy Stroud,Manager,NO,,Standalone,261QU0200X,Urgent Care Center,2026-09-03,18,Yes
1912816208,"ASTRIN BIOSCIENCES, INC",1000 WESTGATE DR STE 1009,SAINT PAUL,MN,55114,651-771-0762,Jayant Parthasarathy,Chief Executive Officer (CEO),NO,,Standalone,291U00000X,Clinical Medical Laboratory,2026-09-03,18,Yes
1700795051,EVERCARE LLC,3116 HAMPTON AVE,SAINT LOUIS,MO,63139,314-924-7244,Linda Phan,Owner,NO,,Standalone,251E00000X,Home Health,2026-09-03,15,Partial
1760391973,"OMMMLAB, LLC",7900 FANNIN ST STE 3100,HOUSTON,TX,77054,713-405-1370,Subodh Chauhan,Medical Director,NO,,Group — 2 locations (shared phone),291U00000X,Clinical Medical Laboratory,2026-09-03,18,Yes
1720997885,OPTIMA HOMECARE SEVICES,7122 MONTOUR ST,PHILADELPHIA,PA,19111,267-320-5784,Bradlyn Blanton,CEO,YES,Optimal Outcomes Families Services,Part of group: Optimal Outcomes Families Services,251E00000X,Home Health,2026-09-03,16,Partial
1902715287,"BELLINGHAM OF OLYMPUS, LLC",1712 E MAPLEWOOD AVE,BELLINGHAM,WA,98225,360-647-1095,Owen Hammond,President,NO,,Group — 45 locations (same owner),310400000X,Assisted Living Facility,2026-09-03,15,Yes
1780593814,SIAMO HEALTH LLC,300 SW NOEL ST,LEES SUMMIT,MO,64063,845-548-7800,Mordechai Schwab,Administrator,NO,,Group — 3 locations (shared phone),251E00000X,Home Health,2026-09-03,15,Yes
1811806151,SS PASCO COMMUNITY HC LLC,13719 DALLAS DR,HUDSON,FL,34667,727-862-6795,Alicia Cepeda,Senior Legal/Risk Manager,NO,,Group — 42 locations (same owner),314000000X,Skilled Nursing Facility,2026-09-03,13,Yes
1265341549,"CLATSKANIE OF OLYMPUS, LLC",365 SW BELAIR DR,CLATSKANIE,OR,97016,503-728-2744,Owen Hammond,President,NO,,Group — 45 locations (same owner),310400000X,Assisted Living Facility,2026-09-03,15,Yes
1255240644,BIOMATRIX DIAGNOSTICS INC,1606 VICTORY BLVD,GLENDALE,CA,91201,818-696-2024,Bertha Vega,ceo,NO,,Standalone,291U00000X,Clinical Medical Laboratory,2026-09-02,18,Yes
1700795325,LABORATORIO CLINICO IRIZARRY GUASCH INC,4 CALLE INFANZON,CAMUY,PR,00627,787-898-5645,Nilsa Irizarry Guasch,Owner,NO,,Standalone,291U00000X,Clinical Medical Laboratory,2026-09-02,19,Yes
1235048638,"VITALCARING GROUP HOME HEALTH - TAHLEQUAH, LLC",200 HARRIS CIR STE A1,TAHLEQUAH,OK,74464,918-458-0663,Chris Walker,CFO/CAO,NO,,Group — 6 locations (same owner),251E00000X,Home Health,2026-09-02,17,Yes
1467361808,AXIOM TERRACE OF FRANKFORT LLC,40 SMITH ST,FRANKFORT,IL,60423,815-469-3156,Jennifer Spector,VP OF REVENUE CYCLE MANAGEMENT,NO,,Group — 5 locations (same owner),314000000X,Skilled Nursing Facility,2026-09-02,14,Yes
1649189952,SS PINELLAS III COMMUNITY HC LLC,4201 31ST ST S,ST PETERSBURG,FL,33712,727-867-1104,Alicia Cepeda,Senior Legal/Risk Manager,NO,,Group — 42 locations (same owner),314000000X,Skilled Nursing Facility,2026-09-02,14,Yes
1003725466,"STEPPING STONES PREMIER HOMECARE, LLC",120 N THOMAS ST,BAXLEY,GA,31513,912-278-0551,Janet Flounory,CEO/Agency Administrator,NO,,Standalone,251E00000X,Home Health,2026-09-02,16,Yes
1497664957,HOME OF NAIMA CARE INC,46 CHESTNUT ST APT 3,NORTH ATTLEBORO,MA,02760,347-386-1323,Fatou Jaiteh,Nurse Practitioner,NO,,Standalone,251E00000X,Home Health,2026-09-02,16,Yes
1376452763,SS POLK II COMMUNITY HC LLC,512 S 11TH ST,LAKE WALES,FL,33853,863-676-8502,Alicia Cepeda,Senior Legal/Risk Manager,NO,,Group — 42 locations (same owner),314000000X,Skilled Nursing Facility,2026-09-02,14,Yes
1982513297,SS HILLSBOROUGH II COMMUNITY HC LLC,2202 W OAK AVE,PLANT CITY,FL,33563,813-754-3761,Alicia Cepeda,Senior Legal/Risk Manager,NO,,Group — 42 locations (same owner),314000000X,Skilled Nursing Facility,2026-09-02,14,Yes
1982513206,EDINA HEALTH INC,1935 COUNTY ROAD B2 W STE 130,ROSEVILLE,MN,55113,612-275-1224,Abdulkadir Ali,President,NO,,Standalone,310400000X,Assisted Living Facility,2026-09-02,16,Yes
1164331559,"VITALCARING GROUP HOME HEALTH - TULSA, LLC",4520 S HARVARD AVE STE 200B,TULSA,OK,74135,918-425-4000,Chris Walker,CFO/CAO,NO,,Group — 6 locations (same owner),251E00000X,Home Health,2026-09-02,17,Yes
1134038433,SS POLK III COMMUNITY HC LLC,610 E BELLA VISTA ST,LAKELAND,FL,33805,863-688-8591,Alicia Cepeda,Senior Legal/Risk Manager,NO,,Group — 42 locations (same owner),314000000X,Skilled Nursing Facility,2026-09-02,14,Yes
1528977832,SS HILLSBOROUGH I COMMUNITY HC LLC,15002 HUTCHISON RD,TAMPA,FL,33625,813-960-1969,Alicia Cepeda,Senior Legal/Risk Manager,NO,,Group — 42 locations (same owner),314000000X,Skilled Nursing Facility,2026-09-02,14,Yes
1912816406,INVERNESS TERRA SENIOR LIVING OF PALM COAST LLC,62 BIRCHWOOD DR,PALM COAST,FL,32137,386-302-3456,Montanna Brumfield,Owner,NO,,Standalone,310400000X,Assisted Living Facility,2026-09-02,15,Yes
1992614382,"VITALCARING GROUP HOME HEALTH - VINITA, LLC",8150 N CENTRAL EXPY STE 1800,DALLAS,TX,75206,469-839-3777,Chris Walker,CFO/CAO,NO,,Group — 6 locations (same owner),251E00000X,Home Health,2026-09-02,17,Yes
1235048547,SS PALM BEACH II COMMUNITY HC LLC,301 NORTHPOINT PKWY,WEST PALM BEACH,FL,33407,561-712-1717,Alicia Cepeda,Senior Legal/Risk Manager,NO,,Group — 42 locations (same owner),314000000X,Skilled Nursing Facility,2026-09-02,14,Yes
1699684902,SS HILLSBOROUGH III COMMUNITY HC LLC,4411 N HABANA AVE,TAMPA,FL,33614,813-872-2771,Alicia Cepeda,Senior Legal/Risk Manager,NO,,Group — 42 locations (same owner),314000000X,Skilled Nursing Facility,2026-09-02,14,Yes
1295644680,SS PINELLAS I COMMUNITY HC LLC,7101 DR MARTIN LUTHER KING JR ST N,ST PETERSBURG,FL,33702,727-527-7231,Alicia Cepeda,Senior Legal/Risk Manager,NO,,Group — 42 locations (same owner),314000000X,Skilled Nursing Facility,2026-09-02,14,Yes
1134038458,SS OKALOOSA COMMUNITY HC LLC,114 3RD ST SE,FORT WALTON BEACH,FL,32548,850-243-6134,Alicia Cepeda,Senior Legal/Risk Manager,NO,,Group — 42 locations (same owner),314000000X,Skilled Nursing Facility,2026-09-02,14,Yes
1326957630,SS PINELLAS VI COMMUNITY HC LLC,321 13TH AVE N,ST PETERSBURG,FL,33701,727-822-3030,Alicia Cepeda,Senior Legal/Risk Manager,NO,,Group — 42 locations (same owner),314000000X,Skilled Nursing Facility,2026-09-02,14,Yes
1861301350,ADVINIACARE RESPIRATORY & REHABILITATION AT COVENTRY LLC,10 WOODLAND DR,COVENTRY,RI,02816,908-414-8026,Jennifer Spector,VP OF REVENUE CYCLE MANAGEMENT,NO,,Group — 3 locations (shared phone),314000000X,Skilled Nursing Facility,2026-09-02,14,Yes
1730098237,ADVINIACARE AT WARREN LLC,642 METACOM AVE,WARREN,RI,02885,908-414-8026,Jennifer Spector,VP OF REVENUE CYCLE MANAGEMENT,NO,,Group — 3 locations (shared phone),314000000X,Skilled Nursing Facility,2026-09-02,14,Yes
1356250740,P4 CLINICAL LABS LLC,8235 CHRISTIANA AVE,SKOKIE,IL,60076,224-337-1000,Etai Sooliman,CEO,NO,,Standalone,291U00000X,Clinical Medical Laboratory,2026-09-02,18,Yes
1417866815,"VCG KANSAS, LLC",6376 COLLEGE BLVD,OVERLAND PARK,KS,66211,913-901-0440,Chris Walker,CFO/CAO,NO,,Group — 2 locations (shared phone),251E00000X,Home Health,2026-09-02,16,Yes
1194634683,ADVINIACARE AT GREENVILLE LLC,735 PUTNAM PIKE,GREENVILLE,RI,02828,908-414-8026,Jennifer Spector,VP OF REVENUE CYCLE MANAGEMENT,NO,,Group — 3 locations (shared phone),314000000X,Skilled Nursing Facility,2026-09-02,14,Yes
1508775842,AAFIYAH HOME HEALTH SERVICES,10205 EGRET CT,FREDERICKSBURG,VA,22408,571-466-6276,Georgina Owusu-Appiah,DIRECTOR OF NURSING,NO,,Standalone,251E00000X,Home Health,2026-09-02,17,Yes
1043129364,SS HERNANDO COMMUNITY HC LLC,7045 EVERGREEN WOODS TRL,SPRING HILL,FL,34608,352-596-8371,Alicia Cepeda,Senior Legal/Risk Manager,NO,,Group — 42 locations (same owner),314000000X,Skilled Nursing Facility,2026-09-02,14,Yes
1154230506,AXIOM TERRACE OF CRESTWOOD LLC,13301 CENTRAL AVE,CRESTWOOD,IL,60418,708-597-5251,Jennifer Spector,VP OF REVENUE CYCLE MANAGEMENT,NO,,Group — 5 locations (same owner),314000000X,Skilled Nursing Facility,2026-09-02,14,Yes
1073422515,UNIFIED AID ENTERPRISE LLC,255 RACETRACK RD STE 10,MCDONOUGH,GA,30252,706-750-7621,Cheztabnika Armand,CEO,NO,,Standalone,251E00000X,Home Health,2026-09-02,16,Yes
1982513388,"VCG KANSAS, LLC",6376 COLLEGE BLVD STE A,OVERLAND PARK,KS,66211,913-901-0440,Chris Walker,CFO/CAO,NO,,Group — 2 locations (shared phone),251E00000X,Home Health,2026-09-02,16,Yes
1740199124,"VITALCARING GROUP HOME HEALTH - LAWTON, LLC",5366 NW CACHE RD STE 2A,LAWTON,OK,73505,580-353-0377,Chris Walker,CFO/CAO,NO,,Group — 6 locations (same owner),251E00000X,Home Health,2026-09-02,17,Yes
1831008234,A HEALTH SOLUTION LLC,6320 RUCKER RD STE K,INDIANAPOLIS,IN,46220,317-975-1183,Frankietta Mckenzie,Administrator,NO,,Standalone,251E00000X,Home Health,2026-09-02,16,Yes
1164331583,NORTH FLEX LABS LLC,15506 S CONDUIT AVE,JAMAICA,NY,11434,346-396-1252,Arslan Minhas,Managing Member,NO,,Group — 41 locations (shared phone),291U00000X,Clinical Medical Laboratory,2026-09-02,19,Yes
1972412369,LL NURSING SERVICES LLC,2022 10TH AVE,COLUMBUS,GA,31901,229-942-4355,Laswanda Hightower,owner,NO,,Standalone,251E00000X,Home Health,2026-09-02,16,Yes
1982513347,MERCER COUNTY JOINT TOWNSHIP COMMUNITY HOSPITAL,950 S MAIN ST STE B,CELINA,OH,45822,419-586-1611,Jon Dingledine,CEO,YES,Mercer County Joint Township Community Hospital,Part of group,291U00000X,Clinical Medical Laboratory,2026-09-02,19,Yes
1326957770,INFINITY AGENCY LLC,319 W NORTHERN BLVD,TARBORO,NC,27886,252-343-7002,Edward Powell,CEO,NO,,Standalone,291U00000X,Clinical Medical Laboratory,2026-09-02,19,Yes
1114836418,SS SEMINOLE COMMUNITY HC LLC,950 S MELLONVILLE AVE,SANFORD,FL,32771,407-322-8566,Alicia Cepeda,Senior Legal/Risk Manager,NO,,Group — 42 locations (same owner),314000000X,Skilled Nursing Facility,2026-09-02,14,Yes
1821907148,"NEED TO KNOW TESTING, LLC",625 S ADAMS AVE,CAMDEN,AR,71701,870-807-6904,Kierra Tyson,Owner/Operator,NO,,Standalone,291U00000X,Clinical Medical Laboratory,2026-09-02,18,Yes
1992614200,SS PINELLAS IV COMMUNITY HC LLC,1414 59TH ST S,GULFPORT,FL,33707,727-344-4608,Alicia Cepeda,Senior Legal/Risk Manager,NO,,Group — 42 locations (same owner),314000000X,Skilled Nursing Facility,2026-09-02,14,Yes
1326957622,SS PINELLAS II COMMUNITY HC LLC,3456 21ST AVE S,ST PETERSBURG,FL,33711,727-327-1988,Alicia Cepeda,Senior Legal/Risk Manager,NO,,Group — 42 locations (same owner),314000000X,Skilled Nursing Facility,2026-09-02,14,Yes
1043129356,SS PINELLAS VII COMMUNITY HC LLC,550 62ND ST S,ST PETERSBURG,FL,33707,727-347-6151,Alicia Cepeda,Senior Legal/Risk Manager,NO,,Group — 42 locations (same owner),314000000X,Skilled Nursing Facility,2026-09-02,14,Yes
1306755624,SS DUVAL COMMUNITY HC LLC,7723 JASPER AVE,JACKSONVILLE,FL,32211,904-725-8044,Alicia Cepeda,Senior Legal/Risk Manager,NO,,Group — 42 locations (same owner),314000000X,Skilled Nursing Facility,2026-09-02,14,Yes
1558270850,SS BREVARD COMMUNITY HC LLC,1705 JESS PARRISH CT,TITUSVILLE,FL,32796,321-269-5720,Alicia Cepeda,Senior Legal/Risk Manager,NO,,Group — 42 locations (same owner),314000000X,Skilled Nursing Facility,2026-09-02,14,Yes
1740199066,SS BROWARD I COMMUNITY HC LLC,401 E SAMPLE RD,DEERFIELD BEACH,FL,33064,954-941-4100,Alicia Cepeda,Senior Legal/Risk Manager,NO,,Group — 42 locations (same owner),314000000X,Skilled Nursing Facility,2026-09-02,14,Yes
1770492167,BEXAR COUNTY HOSPITAL DISTRICT,302 W RECTOR ST,SAN ANTONIO,TX,78216,210-358-0800,Christopher Hurley,Executive Vice President/CFO,YES,Bexar County Hospital District,Part of group,291U00000X,Clinical Medical Laboratory,2026-09-02,19,Yes
1386553733,TIFFANY'S PRECISION HEALTH SERVICES,6575 WEST LOOP S STE 500,BELLAIRE,TX,77401,832-736-5938,Tiffany Brazier,Owner,NO,,Standalone,291U00000X,Clinical Medical Laboratory,2026-09-02,19,Yes
1871402339,VINTAGE HOME HEALTH CARE LLC,306 W REDWOOD ST # 4680,BALTIMORE,MD,21201,202-498-6182,James Smith,Partner,NO,,Standalone,251E00000X,Home Health,2026-09-02,16,Yes
1144139593,DERRICKS PLACE,523 LINCOLN ST,QUINCY,FL,32351,850-518-8080,Kenderricka Pruitt,Owner,NO,,Standalone,251E00000X,Home Health,2026-09-02,16,Yes
1740199355,"PASCOAG HEALTH CENTER, INC.",588 PAWTUCKET AVE,PAWTUCKET,RI,02860,401-751-3800,Michael Bigney,CFO,NO,,Standalone,314000000X,Skilled Nursing Facility,2026-09-02,15,Yes
1619886926,SS MANATEE COMMUNITY HC LLC,1902 59TH ST W,BRADENTON,FL,34209,941-761-1000,Alicia Cepeda,Senior Legal/Risk Manager,NO,,Group — 42 locations (same owner),314000000X,Skilled Nursing Facility,2026-09-02,14,Yes
1801705116,SS PALM BEACH I COMMUNITY HC LLC,755 MEADOWS RD,BOCA RATON,FL,33486,561-391-5200,Alicia Cepeda,Senior Legal/Risk Manager,NO,,Group — 42 locations (same owner),314000000X,Skilled Nursing Facility,2026-09-02,14,Yes
1760391064,SS POLK I COMMUNITY HC LLC,2055 E GEORGIA ST,BARTOW,FL,33830,863-533-0578,Alicia Cepeda,Senior Legal/Risk Manager,NO,,Group — 42 locations (same owner),314000000X,Skilled Nursing Facility,2026-09-02,14,Yes
1508775974,NARA MEDICAL SUPPLIES,3024 GRANDY AVE,NORFOLK,VA,23509,645-527-3844,Margaret Kirk,ceo,NO,,Group — 6 locations (same owner),291U00000X,Clinical Medical Laboratory,2026-09-02,19,Yes
1790694099,SS PINELLAS VIII COMMUNITY HC LLC,1111 S HIGHLAND AVE,CLEARWATER,FL,33756,727-446-0581,Alicia Cepeda,Senior Legal/Risk Manager,NO,,Group — 42 locations (same owner),314000000X,Skilled Nursing Facility,2026-09-02,14,Yes
1477462968,NOVERIXY LLC,5900 BALCONES DR,AUSTIN,TX,78731,653-543-5635,Lucas Bama,CEO,NO,,Standalone,261QU0200X,Urgent Care Center,2026-09-02,19,Yes
1669381075,WESTSIDE HOME CARE LLC,151 FRIES MILL RD STE 101,BLACKWOOD,NJ,08012,201-377-0880,Sean Stumbo,Owner,NO,,Standalone,251E00000X,Home Health,2026-09-02,16,Yes
1164331476,SS LEE I COMMUNITY HC LLC,2629 DEL PRADO BLVD S,CAPE CORAL,FL,33904,239-574-4434,Alicia Cepeda,Senior Legal/Risk Manager,NO,,Group — 42 locations (same owner),314000000X,Skilled Nursing Facility,2026-09-02,14,Yes
1073422382,SS PINELLAS V COMMUNITY HC LLC,1270 TURNER ST,CLEARWATER,FL,33756,727-443-7639,Alicia Cepeda,Senior Legal/Risk Manager,NO,,Group — 42 locations (same owner),314000000X,Skilled Nursing Facility,2026-09-02,14,Yes
1881503225,"MK HEALTHCARE, LLC",7220 W UNIVERSITY AVE STE A,GAINESVILLE,FL,32607,352-765-9270,Jonathan Gray,Operations Director/Owner,NO,,Standalone,251E00000X,Home Health,2026-09-02,16,Yes
1437068806,NEXVION LAB LLC,10501 SOUTH DR APT 310,HOUSTON,TX,77099,346-396-1252,Faisal Khalid Bafana,Owner,NO,,Group — 41 locations (shared phone),261QU0200X,Urgent Care Center,2026-09-02,19,Yes
1629987029,BEXAR COUNTY HOSPITAL DISTRICT,903 W MARTIN ST,SAN ANTONIO,TX,78207,210-358-3528,Christopher Hurley,Executive Vice President/CFO,YES,Bexar County Hospital District,Part of group,291U00000X,Clinical Medical Laboratory,2026-09-02,19,Yes
1407764236,PEARL OF NORTH AURORA LLC,212 AIRPORT RD,NORTH AURORA,IL,60542,630-896-7778,Eitan Zeffren,Medicare Authorized Official,NO,,Group — 4 locations (same owner),314000000X,Skilled Nursing Facility,2026-09-01,15,Yes
1154239960,JACKSON LABORATORY LLC,290 DIETZ DR,GREENWOOD,IN,46143,223-205-0229,Bhupinder Singh,owner,NO,,Group — 7 locations (shared phone),291U00000X,Clinical Medical Laboratory,2026-09-01,20,Yes
1881503449,MAPLE LIFE SENIOR LIVING LLC,4802 BRISA DR,PALMDALE,CA,93551,661-206-7562,Merlyn Estrada,CEO,NO,,Standalone,310400000X,Assisted Living Facility,2026-09-01,16,Yes
1437067063,WESLEY HOUSE TERRELL LLC,150 POETRY ROAD,TERRELL,TX,75160,903-537-4522,Josh Jordan,Managing Member,NO,,Standalone,310400000X,Assisted Living Facility,2026-09-01,17,Yes
1205744943,AMERICAN GENOMICS,2453 GRAND CANAL BLVD STE 101,STOCKTON,CA,95207,818-325-9633,Svetlana Shabdeen,Director of Operations,NO,,Standalone,291U00000X,Clinical Medical Laboratory,2026-09-01,19,Yes
1447168158,EASE IN CARE LLC,2614 WYCLIFFE RD,PARKVILLE,MD,21234,240-440-7721,Nicole Laurent,Owner,NO,,Standalone,251E00000X,Home Health,2026-09-01,17,Yes
1811805625,FEEL THE CARE AGENCY,51175 PLYMOUTH LAKE DR,PLYMOUTH,MI,48170,734-447-4071,Muhammad Othman,CEO,NO,,Standalone,251E00000X,Home Health,2026-09-01,17,Yes
1831007434,EMMA HOME HEALTH SERVICES,2101 S GOULD ST FL 2,PHILADELPHIA,PA,19142,267-670-4028,Miatta Borkai,PRESIDENT,NO,,Group — 2 locations (shared phone),251E00000X,Home Health,2026-09-01,18,Partial
1437067030,EVERGREEN EQUIPMENT SUPPLIES LLC,12714 NETTLECREEK PL,WOODBRIDGE,VA,22192,737-305-6291,Bareera Sadiq,CEO,NO,,Group — 2 locations (shared phone),291U00000X,Clinical Medical Laboratory,2026-09-01,20,Yes
1558279372,JEEWANI CARE LLC,15000 WEST AIRPORT BLVD UNIT 211,SUGARLAND,TX,77498,643-241-2443,Jeewan Salman,Manager,NO,,Standalone,261QU0200X,Urgent Care Center,2026-09-01,20,Yes
1710895511,ZOTECH CARE LLC,290 DIETZ DR,GREENWOOD,IN,46143,223-205-0229,Bhupinder Singh,owner,NO,,Group — 7 locations (shared phone),291U00000X,Clinical Medical Laboratory,2026-09-01,20,Yes
1518875319,GREEN HEALTH SERVICES INC,206 SHEARWATER CT W,JERSEY CITY,NJ,07305,609-760-6144,Angela Chukwu,Director/Co-owner,NO,,Standalone,251E00000X,Home Health,2026-09-01,17,Yes
1669380408,ELITECARE LOVELY CONGREGATE,1912 MARLOWE ST,THOUSAND OAKS,CA,91360,805-312-9058,Cilva Toume,Owner/Administrator,NO,,Standalone,314000000X,Skilled Nursing Facility,2026-09-01,15,Yes
1336057934,TRIJOY HOME CARE MANAGEMENT GROUP,2400 HERODIAN WAY SE STE 220,SMYRNA,GA,30080,678-451-8974,Sandra Winfield,Owner/Executive Director,NO,,Standalone,251E00000X,Home Health,2026-09-01,17,Yes
1669380481,EMPOWERED LIVING HOME HEALTH LLC,991 BULEN AVE,COLUMBUS,OH,43206,614-477-2505,Bryan Robinson,Owner,NO,,Standalone,251E00000X,Home Health,2026-09-01,18,Partial
1013825793,"TOTAL MD PHYSICIANS GROUP, PLLC",12000 WESTHEIMER RD STE 100,HOUSTON,TX,77077,888-736-5052,Andrew Sek,CTO,YES,"Total Md Physicians Group, Pllc",Part of group,291U00000X,Clinical Medical Laboratory,2026-09-01,20,Yes
1568371128,PINNACLE MEDICAL EQUIPMENT LLC,3480 GRANADA AVE APT 196,SANTA CLARA,CA,95051,307-291-6744,Harvinder Singh,Owner,NO,,Group — 2 locations (shared phone),261QU0200X,Urgent Care Center,2026-09-01,20,Yes
1790693349,COMFORT LONGEVITY KINDER L.L.C.,3802 NW 202ND ST,MIAMI GARDENS,FL,33055,786-285-6564,Lane Kendrick,Owner,NO,,Group — 2 locations (shared phone),251E00000X,Home Health,2026-09-01,17,Yes
1699683383,VERTEX LOGIC LLC,4480 N SAN MIGUEL AVE,FRESNO,CA,93723,253-419-0948,Amandeep Singh,Owner,NO,,Group — 23 locations (shared phone),261QU0200X,Urgent Care Center,2026-09-01,20,Yes
1770491466,CORE VENTURE LLC,4480 N SAN MIGUEL AVE,FRESNO,CA,93723,253-419-0948,Amandeep Singh,Owner,NO,,Group — 23 locations (shared phone),261QU0200X,Urgent Care Center,2026-09-01,20,Yes
1720996317,HEALTH LINE MEDICAL SUPPLIES LLC,7300 OLD POHICK WAY,LORTON,VA,22079,737-305-6291,Sadia Kamal,CEO,NO,,Group — 2 locations (shared phone),291U00000X,Clinical Medical Laboratory,2026-09-01,20,Yes
1093623613,DIVINE SENIOR CARE INC.,2000 BROMMER ST,SANTA CRUZ,CA,95062,831-476-6366,Anshu Gupta,Administrator,NO,,Standalone,310400000X,Assisted Living Facility,2026-09-01,16,Yes
1336057975,GOLDEN HEALTH AT HOME PERSONAL CARE SERVICES LLC,9745 E HAMPTON AVE UNIT 1080,MESA,AZ,85209,480-735-4860,Tanesha Gilbert,PARTNER,NO,,Standalone,251E00000X,Home Health,2026-09-01,17,Yes
1972411627,LABORATORIO CLINICO COLLAZO LLC,PR 818 KM 0.3,COROZAL,PR,00783,787-989-3138,Yesenia Collazo,OWNER,NO,,Standalone,291U00000X,Clinical Medical Laboratory,2026-09-01,20,Yes
1013825637,VELORA EQUIPMENT LLC,1478 ENVEE DR,BOLINGBROOK,IL,60490,307-302-1390,Mirza Imran Beg,Owner,NO,,Standalone,261QU0200X,Urgent Care Center,2026-09-01,20,Yes
1710895495,BRIGHTORA GROUP LLC,4480 N SAN MIGUEL AVE,FRESNO,CA,93723,253-419-0948,Amandeep Singh,Owner,NO,,Group — 23 locations (shared phone),261QU0200X,Urgent Care Center,2026-09-01,20,Yes
1386552073,AUREVIA COMMERCE LLC,4480 N SAN MIGUEL AVE,FRESNO,CA,93723,253-419-0948,Amandeep Singh,Owner,NO,,Group — 23 locations (shared phone),261QU0200X,Urgent Care Center,2026-09-01,20,Yes
1780592394,CORE CLINICAL INC,5000 LANKERSHIM BLVD # 110,NORTH HOLLYWOOD,CA,91601,626-648-1765,Raisa Aytayan,CEO,NO,,Standalone,291U00000X,Clinical Medical Laboratory,2026-09-01,19,Yes
1881502581,ALPHA NEXUS INC,4480 N SAN MIGUEL AVE,FRESNO,CA,93723,253-419-0948,Amandeep Singh,Owner,NO,,Group — 23 locations (shared phone),261QU0200X,Urgent Care Center,2026-09-01,20,Yes
1245148071,PEARL OF DES PLAINES LLC,1750 ELMHURST RD,DES PLAINES,IL,60018,847-228-1500,Eitan Zeffren,Medicare Authorized Official,NO,,Group — 4 locations (same owner),314000000X,Skilled Nursing Facility,2026-09-01,15,Yes
1891604435,A AND R MEDICAL SUPPLY,728 NW 79TH ST,MIAMI,FL,33150,634-241-2861,Jeremy Valentino,Manager,NO,,Standalone,261QU0200X,Urgent Care Center,2026-09-01,20,Yes
1104734946,"LONGS RESIDENTIAL CARE CENTER, INC.",5760 DENNY HWY,SALUDA,SC,29138,864-445-7901,Mary Long,Administrator,NO,,Standalone,310400000X,Assisted Living Facility,2026-09-01,17,Yes
1700794591,BRYNEXA MEDICAL BILLING LLC,290 DIETZ DR,GREENWOOD,IN,46143,223-205-0229,Bhupinder Singh,owner,NO,,Group — 7 locations (shared phone),291U00000X,Clinical Medical Laboratory,2026-09-01,20,Yes
1689582793,"JACKSON SPECIALTY CARE GROUP, LLC",4550 N POINT PKWY STE 200,ALPHARETTA,GA,30022,770-560-2404,Carey Jackson,CEO,NO,,Standalone,251E00000X,Home Health,2026-08-31,18,Yes
1700794757,"ADVENTIST HEALTH PARTNERS, INC",3046 E NEW YORK ST,AURORA,IL,60502,630-856-7510,Kyle Glass,"VP, CFO",NO,,Standalone,261QU0200X,Urgent Care Center,2026-08-31,21,Yes
1134037922,"SCF PROVIDING CARE SERVICES, INC.",110 CAUSEY AVE UNIT 763,MILFORD,DE,19963,302-770-1790,Shantel Spittle,Owner,NO,,Standalone,251E00000X,Home Health,2026-08-31,18,Yes
1265340335,CRYSTAL HEALTH CARE SERVICES GROUP HOME,245 GIBBSBORO RD,CLEMENTON,NJ,08021,267-974-6150,Pascal Osuji,Executive Director,YES,Crystal Health Care Services,Part of group: Crystal Health Care Services,251E00000X,Home Health,2026-08-31,18,Yes
1932017878,"BEWELL TESTING & SCREENING, PLLC",10 CABARRUS AVE E STE 215,CONCORD,NC,28025,980-699-3773,Ebony Rooks,Clinical Director,NO,,Standalone,291U00000X,Clinical Medical Laboratory,2026-08-31,21,Yes
1356259386,PARK AVENUE REHABILITATION & HEALTHCARE CENTER LLC,14714 PARK AVENUE EXT,MEADVILLE,PA,16335,814-337-4228,Aaron Szydlo,Medicare Authorized Official,NO,,Group — 5 locations (same owner),314000000X,Skilled Nursing Facility,2026-08-31,16,Yes
1831007863,WOODLAND PARK REHABILITATION & HEALTHCARE CENTER LLC,18889 CROGHAN PIKE,ORBISONIA,PA,17243,814-447-0300,Aaron Szydlo,Medicare Authorized Official,NO,,Group — 5 locations (same owner),314000000X,Skilled Nursing Facility,2026-08-31,16,Yes
1104734201,BLISSFUL HEART HOME CARE LLC,2504 W GARY WAY,PHOENIX,AZ,85041,508-310-3139,Alberta Amoah Afari,RN,NO,,Standalone,251E00000X,Home Health,2026-08-31,18,Yes
1609784784,BUCHANAN AL OPERATOR LLC,809 CAROLL ST,BUCHANAN,MI,49107,574-261-1124,Todd Dockerty,COO,NO,,Standalone,310400000X,Assisted Living Facility,2026-08-31,18,Yes
1770491722,HEARTIVA HOME HEALTH CARE PLLC,14320 CAPITAL DR,PLAINFIELD,IL,60544,331-215-9870,Nneka Jones,ADMINISTRATOR / DON,NO,,Standalone,251E00000X,Home Health,2026-08-31,18,Yes
1336057363,DEER DALE HEALTHCARE LLC,407 N 8TH ST,MOUNT HOREB,WI,53572,608-437-5511,Soon Burnam,Secretary,NO,,Group — 25 locations (same owner),314000000X,Skilled Nursing Facility,2026-08-31,17,Yes
1134037385,STERLING MOLECULAR CORPORATION,9933 FRANKLIN AVE STE A,FRANKLIN PARK,IL,60131,312-638-1278,Faisal Niaz,Vice President,NO,,Standalone,291U00000X,Clinical Medical Laboratory,2026-08-31,20,Yes
1407764384,"NHI OPCO PADUCAH KY, LLC",5645 WATERFRONT WAY,PADUCAH,KY,42001,270-448-7777,Kevin Pascoe,EXECUTIVE VICE PRESIDENT,NO,,Standalone,310400000X,Assisted Living Facility,2026-08-31,18,Yes
1568370559,STERLING DME SOLUTIONS LLC,25 N WINFIELD RD STE 500,WINFIELD,IL,60190,206-302-6895,Kamran Kha,Manager,NO,,Standalone,261QU0200X,Urgent Care Center,2026-08-31,21,Yes
1093623043,ONYX JJ OPCO LLC,205 E JOHNSON HWY,NORRISTOWN,PA,19401,610-275-6410,Avrohom Brown,Manager,NO,,Group — 2 locations (same owner),314000000X,Skilled Nursing Facility,2026-08-31,17,Yes
1801704887,PLACE OF JOY LLC,11600 NORWAY ST NW,COON RAPIDS,MN,55448,612-860-2906,Lucy Chari,AUTHORIZED AGENT,NO,,Standalone,310400000X,Assisted Living Facility,2026-08-31,18,Yes
1629986591,HILLSDALE PARK REHABILITATION & HEALTHCARE CENTER LLC,383 MOUNTAIN VIEW DR,MARION CENTER,PA,15759,814-743-6613,Aaron Szydlo,Medicare Authorized Official,NO,,Group — 5 locations (same owner),314000000X,Skilled Nursing Facility,2026-08-31,16,Yes
1023926995,"PRECISION HOME HEALTHCARE, LLC",5825 HAWK LN,SUFFOLK,VA,23432,757-394-0514,Shawnte' Booker,CEO/ Owner,NO,,Standalone,251E00000X,Home Health,2026-08-31,19,Yes
1205744117,"PASSIONATE HEALTHCARE SERVICES, LLC",705 1ST AVE SW,CONYERS,GA,30012,404-585-7102,Sierra Johnson,CEO/ Managing Director,NO,,Standalone,251E00000X,Home Health,2026-08-31,18,Yes
1194633131,IVY JJ OPCO LLC,2004 OLD ARCH RD,NORRISTOWN,PA,19401,610-277-0380,Avrohom Brown,Manager,NO,,Group — 2 locations (same owner),314000000X,Skilled Nursing Facility,2026-08-31,17,Yes
1811805849,HUNTINGDON PARK REHABILITATION & HEALTHCARE CENTER LLC,1229 WARM SPRINGS AVE,HUNTINGDON,PA,16652,814-643-4210,Aaron Szydlo,Medicare Authorized Official,NO,,Group — 5 locations (same owner),314000000X,Skilled Nursing Facility,2026-08-31,16,Yes
1679481857,EXECUTIVE HOME CARE LLC,5890 LIVE OAK DR,TOLEDO,OH,43613,419-345-1931,Bryonne Dejesus Lupica,CEO,NO,,Standalone,251E00000X,Home Health,2026-08-31,19,Yes
1386552438,AZARA LABS WEST PALM LLC,4601 N CONGRESS AVE,WEST PALM BEACH,FL,33407,931-771-2521,Azmi Elqutob,Authorized Official,NO,,Standalone,291U00000X,Clinical Medical Laboratory,2026-08-31,20,Yes
1942118872,EZ INSPECTION,5020 FM 1960 RD W,HOUSTON,TX,77069,835-658-9654,Ehtisham Thanvi,CEO,NO,,Standalone,291U00000X,Clinical Medical Laboratory,2026-08-31,21,Yes
1003724014,HEARTHSIDE REHABILITATION & HEALTHCARE CENTER LLC,450 WAUPELANI DR,STATE COLLEGE,PA,16801,814-237-0630,Aaron Szydlo,Medicare Authorized Official,NO,,Group — 5 locations (same owner),314000000X,Skilled Nursing Facility,2026-08-31,16,Yes
1750299756,AXION DIAGNOSTICS LLC,2300 SE MONTEREY RD,STUART,FL,34996,772-244-4534,Shirley Kohl,OWNER,NO,,Standalone,291U00000X,Clinical Medical Laboratory,2026-08-31,20,Yes
1255249330,SABRE MANAGEMENT SOLUTIONS,2 MARTHA LN,SMITHTOWN,NY,11787,833-407-7463,Sharon Gobbi,CEO,NO,,Standalone,251E00000X,Home Health,2026-08-31,19,Yes
1700794864,"HEART AND VASCULAR GROUP ASC, LLC",389 EDWIN DR STE 101,VIRGINIA BEACH,VA,23462,757-963-7729,Michael Gen,Doctor,NO,,Standalone,261QA1903X,Ambulatory Surgery Center,2026-08-31,20,Yes
1144138108,WINNEBAGO TRIBE OF NEBRASKA,225 BLUFF ST,WINNEBAGO,NE,68071,402-745-3950,Beth Wewel,CFO,NO,,Standalone,261QE0700X,Dialysis / ESRD Treatment Facility,2026-08-31,20,Yes
1669380507,GUARDIAN ANGELS STRUCTURED SENIOR LIVING,29538 BRYANS MNR,KATY,TX,77494,832-651-2253,Douglas Taylor,Owner,NO,,Standalone,310400000X,Assisted Living Facility,2026-08-31,18,Yes
1679481741,CARE SYNC SOLUTION LLC,1021 E LINCOLNWAY STE 10579,CHEYENNE,WY,82001,307-316-1096,Ranjeet Kaur,Authorized Official,NO,,Group — 2 locations (shared phone),261QU0200X,Urgent Care Center,2026-08-31,22,Yes
1689582512,BLUWOOD RESIDENTIAL SOLUTIONS LLC,10211 THORNLEAF LN,HOUSTON,TX,77070,281-825-3400,Michele Noel,COO,NO,,Standalone,310400000X,Assisted Living Facility,2026-08-31,18,Yes
1609784461,WATERS CARE LLC,1802 PATRICK RD,MEMPHIS,TN,38114,901-779-0879,Jennifer Waters,Owner,NO,,Standalone,310400000X,Assisted Living Facility,2026-08-31,18,Yes
1699683839,SUPPORTIVE ARMS L.L.C.,3711 CORTEZ RD W STE 170,BRADENTON,FL,34210,941-226-1149,Karen Williams,Owner/Administrator,YES,Supportive Arms L.L.C.,Part of group,251E00000X,Home Health,2026-08-29,20,Yes
1316855547,ANCHOR COAST DIRECT CARE,14510 LEMOYNE BLVD APT 1604,BILOXI,MS,39532,318-359-9800,Brittany Foret,Owner,NO,,Standalone,251E00000X,Home Health,2026-08-29,20,Yes
1437067659,A COMPASSIONATE CARE ASSISTED LIVING RESIDENCE LLC,2646 YARMOUTH DR,WELLINGTON,FL,33414,561-329-7227,Valrie Binns,ADMINISTRATOR,NO,,Standalone,310400000X,Assisted Living Facility,2026-08-29,19,Yes
1114835311,MEDIORA ELEVUS DIVERSIFIED,388 CANTERBURY RD,BUSHKILL,PA,18324,,,,,,Standalone,251E00000X,Home Health,2026-08-29,21,Partial
1710895958,"GOLDEN GRACE HOMECARE SERVICES, LLC",10812 DRAGONWOOD DR,TAMPA,FL,33647,813-894-3102,Amanda Kalish,OWNER/ADMINISTRATOR,NO,,Standalone,251E00000X,Home Health,2026-08-29,20,Yes
1770491078,AMATA'S LOVING & CARE HOME INC,5667 N TRACY AVE,FRESNO,CA,93722,559-612-0311,Rita Sarkisyan,CEO,NO,,Standalone,310400000X,Assisted Living Facility,2026-08-29,19,Yes
1396653515,AMIABLE HOME CARE LLC,333 MILLWOOD RD,LAVON,TX,75166,214-730-1088,Ijeoma Oledibe,Director,NO,,Standalone,310400000X,Assisted Living Facility,2026-08-29,20,Yes
1255249553,PULSE MEDICAL LAB LLC,1403 COURTNEY PL APT A,CLEBURNE,TX,76033,682-319-8610,John Davis,Director,NO,,Standalone,291U00000X,Clinical Medical Laboratory,2026-08-29,23,Yes
1881502185,DEBRA'S TIMELESS LOVE COMPANION CARE LLC,5542 MAYO ST,HOLLYWOOD,FL,33021,786-654-8743,Debra King,MANAGER,NO,,Standalone,251E00000X,Home Health,2026-08-29,20,Yes
1558279976,BRIDGEWAY PARK SUPERIOR LLC,8100 GEDDES RD,SUPERIOR TOWNSHIP,MI,48198,734-484-4740,Jessica Velchansky,Executive Operations Specialist,NO,,Group — 2 locations (same owner),310400000X,Assisted Living Facility,2026-08-28,21,Yes
1881502136,SMALL SWEET HOME ALF INC.,25425 SW 126TH CT,HOMESTEAD,FL,33032,786-601-7395,Tania Diaz,Owner,NO,,Standalone,310400000X,Assisted Living Facility,2026-08-28,20,Yes
1780592121,"PAIN CENTERS OF MINNESOTA - CHASKA, LLC",2800 COUNTY ROAD 42 W STE 200,BURNSVILLE,MN,55337,763-201-8191,Sarah Klaphake,Chief Operating Officer,NO,,Standalone,261QA1903X,Ambulatory Surgery Center,2026-08-28,23,Yes
1447168794,GOLDEN AGE AT RODEO DRIVE,2891 RODEO DR,KISSIMMEE,FL,34746,407-495-8446,Marie Lawrence,Administrator,NO,,Standalone,310400000X,Assisted Living Facility,2026-08-28,20,Yes
1811805187,VILLAGE AT THE HARBOR,543 SPRING ST,FRIDAY HARBOR,WA,98250,360-378-7144,Stephen Wambsganss,Finance Director/Treasurer,YES,San Juan County Public Hospital District No 1,Part of group: San Juan County Public Hospital District No 1,310400000X,Assisted Living Facility,2026-08-28,21,Yes
1114835428,BIOPRECISION LABORATORY INC,9795 CABRINI DR STE 107,BURBANK,CA,91504,747-297-0009,Daria Svatunova,CEO,NO,,Standalone,291U00000X,Clinical Medical Laboratory,2026-08-28,23,Yes
1801704226,FENNVILLE AL OPERATOR LLC,2464 55TH ST,FENNVILLE,MI,49408,269-561-4663,Jessica Velchansky,Executive Operations Specialist,NO,,Group — 2 locations (same owner),310400000X,Assisted Living Facility,2026-08-28,21,Yes
1235047556,CHIANTI GRACE LLC,9063 CHIANTI CIR,STOCKTON,CA,95212,209-451-4528,Maricar Laurel,LICENSEE / OWNER,NO,,Standalone,310400000X,Assisted Living Facility,2026-08-28,20,Yes
1265340574,NATALIE LAB LLC,1431 ELIZABETH AVE STE 8,CHARLOTTE,NC,28204,980-298-3516,Natalie Carelock,Owner/Authorized Official,NO,,Standalone,291U00000X,Clinical Medical Laboratory,2026-08-28,24,Yes
1346158789,ELITECARE HUB LLC,8285 116TH ST # 1C,RICHMOND HILL,NY,11418,253-419-0948,Sohail Sardar,Owner,NO,,Group — 23 locations (shared phone),261QU0200X,Urgent Care Center,2026-08-28,24,Yes
1083522445,APEX HOME CARE SERVICES OF PA LLC,922 N 3RD ST,HARRISBURG,PA,17102,617-784-6396,Ameya Dorsatwar,OWNER,NO,,Standalone,251E00000X,Home Health,2026-08-28,22,Yes
1750299244,ASPEN SERENITY HOME LLC,326 CANTERBURY CT,UPLAND,CA,91784,424-744-0604,Ali Alktaifi,Owner,NO,,Standalone,310400000X,Assisted Living Facility,2026-08-28,20,Yes
1164330585,"LEGACY OF THE MEADOWS, LLC",119 E 2ND ST,DE WITT,IA,52742,563-676-0020,Gayle Holquist,Administrator and Owner,NO,,Standalone,310400000X,Assisted Living Facility,2026-08-28,21,Yes
1588572804,GILBERTS HANDS LLC,4434 GEARHART RD APT 5103,TALLAHASSEE,FL,32303,813-481-2040,Constance Pierre-Barfield,Owner,NO,,Standalone,251E00000X,Home Health,2026-08-28,21,Yes
1619885027,BELLAMY GOLDEN CARE,5756 MULDROW RD,SACRAMENTO,CA,95841,916-600-7850,Anthony Bellamy,ADMINISTRATIV,NO,,Standalone,310400000X,Assisted Living Facility,2026-08-28,20,Yes
1609784016,PEBBLES GREEN INC,226 PATRIOTS WAY # 226,SCOTCH PLAINS,NJ,07076,973-943-2077,Tameka Allen,Director,NO,,Standalone,251E00000X,Home Health,2026-08-28,21,Yes
1548178916,EDGEHEALTH LABORATORIES LLC,7066 LAKEVIEW HAVEN DR STE 100,HOUSTON,TX,77095,314-448-8130,Ashok Kumar Chittibomma,Owner,NO,,Standalone,261QU0200X,Urgent Care Center,2026-08-28,24,Yes
1740198159,KSC CARE,13827 N 41ST PL,PHOENIX,AZ,85032,602-803-9575,Ruslan Razinn,Owner/Operator,NO,,Standalone,310400000X,Assisted Living Facility,2026-08-28,20,Yes
1982512216,NOVEXA NETWORKS LLC,1201 EAST BLVD APT 2316,PLANO,TX,75074,336-207-6254,Sidney Wheatley,CEO,NO,,Standalone,261QU0200X,Urgent Care Center,2026-08-28,24,Yes
1588571061,INSTAMOBILE CARE TN PLLC,116 AGNES RD STE 200,KNOXVILLE,TN,37919,385-207-9919,Greg Baird,President,NO,,Standalone,261QU0200X,Urgent Care Center,2026-08-27,26,Yes
1417864042,SENTRY-HARRISON LLC,8051 DAISY VESTRY ROAD,BILOXI,MS,39532,228-466-0843,Collin Cheek,President,NO,,Standalone,314000000X,Skilled Nursing Facility,2026-08-27,20,Yes
1043127574,ATRIUM HEALTH ENDOSCOPY CENTERS LLC,1225 HARDING PL STE 5200,CHARLOTTE,NC,28204,704-355-4178,Rodney Ball,Treasurer,YES,Atrium Health Endoscopy Centers Llc,Part of group,261QA1903X,Ambulatory Surgery Center,2026-08-27,24,Yes
1477460129,OPEN ARMS HAVEN LLC,250 E 5TH ST FL 15,CINCINNATI,OH,45202,513-439-8313,Tornisha Foster,Owner,NO,,Standalone,251E00000X,Home Health,2026-08-27,23,Yes
1285542746,ELITE DME SERVICES INC,12 W 18TH ST,DEER PARK,NY,11729,945-760-3896,Syed Ashraf Fatmi,President,NO,,Standalone,261QU0200X,Urgent Care Center,2026-08-27,25,Yes
1538076039,ASHRAF MEDICAL GROUP PLLC,3144 E MAIN ST,MOHEGAN LAKE,NY,10547,845-204-9260,Katelin Buice,BILLING ADMIN/ CREDENTIALING,YES,Ashraf Medical Group Pllc,Part of group,261QU0200X,Urgent Care Center,2026-08-27,25,Yes
1679480149,PATIENTS FIRST LAKE ELLA MEDICAL CENTER P A,4441 BAYOU BLVD,PENSACOLA,FL,32503,850-332-4246,Shandi Faulk,VP of Billing Operations,NO,,Standalone,261QU0200X,Urgent Care Center,2026-08-27,25,Yes
1578470068,ASHRAF MEDICAL GROUP PLLC,696 DUTCHESS TPKE,POUGHKEEPSIE,NY,12603,845-204-9260,Katelin Buice,Billing Amin/ Credentialing,YES,Ashraf Medical Group Pllc,Part of group,261QU0200X,Urgent Care Center,2026-08-27,25,Yes
1457269938,UNITED SPORTFITS LLC,99 WALL ST STE 365,NEW YORK,NY,10005,713-912-0654,Rehan Shah,Owner,NO,,Standalone,261QU0200X,Urgent Care Center,2026-08-27,25,Yes
1316854862,"PATRIOT URGENT CARE PROFESSIONALS, PC",922 HIGHLAND AVE,NEEDHAM,MA,02494,781-430-8161,David Adams,President,NO,,Group — 2 locations (same owner),261QU0200X,Urgent Care Center,2026-08-27,25,Yes
1912815481,FADIE'S HOME HEALTH LLC,8200 W BROWN DEER RD STE 211,MILWAUKEE,WI,53223,262-293-6887,Deanna Carson,Owner,NO,,Standalone,251E00000X,Home Health,2026-08-27,23,Yes
1306753843,"PATRIOT URGENT CARE PROFESSIONALS, PC",1400 CAMBRIDGE ST,CAMBRIDGE,MA,02139,781-430-8191,David Adams,President,NO,,Group — 2 locations (same owner),261QU0200X,Urgent Care Center,2026-08-27,25,Yes
1699683151,H.E.L.P. HOUSING (HOUSING EVERY LIVING PERSON),604 W 40TH ST,SAN BERNARDINO,CA,92407,909-712-9508,Jatonn Parham,Administrator,NO,,Standalone,310400000X,Assisted Living Facility,2026-08-27,21,Yes
1740197482,ACURA CARE LLC,3962 W 141ST ST,SAVAGE,MN,55378,612-987-8037,Kaho Sugule,Owner,NO,,Standalone,251E00000X,Home Health,2026-08-27,22,Yes
1780592220,VOLARA HEALTH LLC,1155 E STOP 11 RD STE B,INDIANAPOLIS,IN,46227,818-278-1789,Mohammed Ubaid,MD,NO,,Group — 2 locations (shared phone),291U00000X,Clinical Medical Laboratory,2026-08-27,25,Yes
1134036668,VOLARA HEALTH LLC,1155 E STOP 11 RD STE B,INDIANAPOLIS,IN,46227,818-278-1789,Mohmmed Ubaid,MD,NO,,Group — 2 locations (shared phone),291U00000X,Clinical Medical Laboratory,2026-08-27,25,Yes
1245147701,LISAS SAFE HAVEN LLC,8524 W APPLETON AVE,MILWAUKEE,WI,53225,414-639-1104,Nakayla Miller,LPN,NO,,Standalone,251E00000X,Home Health,2026-08-27,23,Yes
1275440737,COMFORT LONGEVITY KINDER L.L.C.,3802 NW 202ND ST,MIAMI GARDENS,FL,33055,786-285-6564,Lane Kendrick,Owner,NO,,Group — 2 locations (shared phone),251E00000X,Home Health,2026-08-27,22,Yes
1114834686,SOOTHE SOLUTIONS,81050 PORPOISE DR,ROCKLEDGE,FL,32955,346-469-5237,Danny Price,Manager,NO,,Standalone,261QU0200X,Urgent Care Center,2026-08-27,25,Yes
1356258883,ATRIUM HEALTH ENDOSCOPY CENTERS LLC,15110 JOHN J DELANEY DR STE 120,CHARLOTTE,NC,28277,704-512-2140,Rodney Ball,Treasurer,YES,Atrium Health Endoscopy Centers Llc,Part of group,261QA1903X,Ambulatory Surgery Center,2026-08-27,24,Yes
1184531667,A SUNNY DAY HOME,10985 DUCKBILL RD,MORENO VALLEY,CA,92557,909-954-8744,Afua Boakye,Administrator,NO,,Standalone,310400000X,Assisted Living Facility,2026-08-27,21,Yes
1902713548,"PROVISIONAL STAFFING, LLC",2128 E PRAIRIE CREEK DR,NEENAH,WI,54956,920-470-9167,Michael Mccarthy,Executive Director,NO,,Standalone,251E00000X,Home Health,2026-08-27,23,Yes
1265340749,YOURCHOICE CARE,911 SUGAR CREEK DR SE,CONYERS,GA,30094,770-864-5331,Sophia Newsome,Administrator,NO,,Standalone,251E00000X,Home Health,2026-08-27,22,Yes
1972411403,BIOTRACE LABS INC,8216 LANKERSHIM BLVD STE 16,NORTH HOLLYWOOD,CA,91605,747-236-5550,Manik Kalashyan,CEO,NO,,Standalone,291U00000X,Clinical Medical Laboratory,2026-08-27,24,Yes
1700793783,SHANNON S WELLNESS LLC,5900 BALCONES DRIVE 32775,AUSTIN,TX,78731,642-365-2414,Shannon Cowen,Manager,NO,,Group — 2 locations (shared phone),291U00000X,Clinical Medical Laboratory,2026-08-26,26,Yes
1427965219,RIVERVIEW QUILT LLC,1000 RIVERVIEW DR SE,RIO RANCHO,NM,87124,505-892-8400,Trisha Tso,Manager,NO,,Standalone,310400000X,Assisted Living Facility,2026-08-26,23,Yes
1942117783,"CONWAY HOSPITAL, INC.",200 MIDDLEBURG DR,MYRTLE BEACH,SC,29579,843-903-6650,Mary Ellen Artioli,Payer Enrollment Supervisor,NO,,Group — 4 locations (same owner),261QU0200X,Urgent Care Center,2026-08-26,26,Yes
1194632018,RIVERSIDE RETIREMENT SERVICE,1004 OLD DENBIGH BLVD,NEWPORT NEWS,VA,23602,757-886-2200,Linwood Nelson,VP Finance / LLH CFO,YES,Riverside Healthcare Association,Part of group: Riverside Healthcare Association,310400000X,Assisted Living Facility,2026-08-26,23,Yes
1689581381,ALBATROSS HEALTHCARE LLC,3636 10TH AVE N,SAINT PETERSBURG,FL,33713,727-324-6915,Soon Burnam,Secretary,NO,,Group — 2 locations (shared phone),314000000X,Skilled Nursing Facility,2026-08-26,21,Yes
1619884467,"CONWAY HOSPITAL, INC.",1600 HIGHWAY 17 N,SURFSIDE BEACH,SC,29575,843-238-1461,Mary Ellen Artioli,Payer Enrollment Supervisor,NO,,Group — 4 locations (same owner),261QU0200X,Urgent Care Center,2026-08-26,26,Yes
1295642015,EVERCARE SOLUTIONS,2513 HARDING AVE,TERRE HAUTE,IN,47802,470-927-8668,Cedric Jones,Member,NO,,Standalone,251E00000X,Home Health,2026-08-26,23,Yes
1417864174,"CENTER FOR CARDIAC & VASCULAR INTERVENTION, LLC",1801 MICCOSUKEE COMMONS DR STE 100,TALLAHASSEE,FL,32308,850-509-7567,Daniel Stannard,Sr Administrator,NO,,Standalone,261QA1903X,Ambulatory Surgery Center,2026-08-26,24,Yes
1881501666,SURGICAL CENTERS OF CENTRAL FLORIDA LLC,1821 ARMSTRONG BLVD,KISSIMMEE,FL,34741,407-417-0340,Natalia Paz Febles,Director of Nursing,NO,,Standalone,261QA1903X,Ambulatory Surgery Center,2026-08-26,24,Yes
1265349963,BRIGHTORA GROUP INC,1221 N VINEYARD AVE APT 30,ONTARIO,CA,91764,253-419-0948,No Name Given Ajit,Owner,NO,,Group — 23 locations (shared phone),261QU0200X,Urgent Care Center,2026-08-26,26,Yes
1851208748,PRIME DIAGNOSTIC LABORATORY,5905 WILSHIRE BLVD,LOS ANGELES,CA,90036,646-980-3580,Will Parker,owner,NO,,Group — 5 locations (shared phone),291U00000X,Clinical Medical Laboratory,2026-08-26,25,Yes
1467369165,TRINITY GARDENS HEALTHCARE LLC,450 N MCDONALD AVE,DELAND,FL,32724,386-736-5800,Soon Burnam,Secretary,NO,,Group — 2 locations (shared phone),314000000X,Skilled Nursing Facility,2026-08-26,21,Yes
1093622763,HOPKINS COUNTY HOSPITAL DISTRICT,19113 PLEASANT BAY DR.,PFLUGERVILLE,TX,78660,903-705-5866,Brent Smith,CEO,NO,,Standalone,314000000X,Skilled Nursing Facility,2026-08-26,22,Yes
1093622797,CRESTOVA GROUPS INC,1221 N VINEYARD AVE APT 30,ONTARIO,CA,91764,253-419-0948,No Name Given Ajit,Owner,NO,,Group — 23 locations (shared phone),261QU0200X,Urgent Care Center,2026-08-26,26,Yes
1528975232,ZMUDOWSKI BEACH HOLDINGS LLC,120 CORNING AVE,MILPITAS,CA,95035,858-798-5700,Toby Tilford,CO-CEO,NO,,Group — 4 locations (shared phone),314000000X,Skilled Nursing Facility,2026-08-26,21,Yes
1174430979,VENTURE DX LLC,915 PINON RANCH VW STE 3,COLORADO SPRINGS,CO,80907,719-309-5362,Abdul Zeeshan Mohammed,Owner,NO,,Standalone,261QU0200X,Urgent Care Center,2026-08-26,26,Yes
1548177520,CAROLINE BUCKLEY MANAGEMENT LLC,201 W. BROADWAY ST,NORTH LITTLE ROCK,AR,72114,642-365-2414,Cherie Buckley,Manager,NO,,Group — 2 locations (shared phone),291U00000X,Clinical Medical Laboratory,2026-08-26,25,Yes
1538076237,BLESSED HOME SENIOR CARE LLC,20505 LONDELIUS ST,WINNETKA,CA,91306,323-318-0956,Gayane Sargsyan,OWNER,NO,,Standalone,310400000X,Assisted Living Facility,2026-08-26,22,Yes
1184531162,M&M PRIME LLC,89 MICHELLE LN,HIRAM,GA,30141,642-365-6414,M & M Monica Melton,Manager,NO,,Standalone,291U00000X,Clinical Medical Laboratory,2026-08-26,25,Yes
1760399653,ELITE MEDICAL LABORATORY,700 CHILDS WAY,LOS ANGELES,CA,90089,646-980-3580,Chase Evans,owner,NO,,Group — 5 locations (shared phone),291U00000X,Clinical Medical Laboratory,2026-08-26,25,Yes
1124935846,COMPASSION FIRST HOME CARE,2508 ASSABET CT,CROFTON,MD,21114,301-996-0986,Quintina Thomas,CEO,NO,,Standalone,251E00000X,Home Health,2026-08-26,23,Yes
1376450171,LOREDANA CARE HOME LLC,1041 AUDREY WAY,ROSEVILLE,CA,95661,916-841-7065,Geta Pop,Administrator,NO,,Standalone,310400000X,Assisted Living Facility,2026-08-26,22,Yes
1306753280,ACCURATE HEALTH DIAGNOSTICS,595 MARKET ST,SAN FRANCISCO,CA,94105,646-980-3580,Adam Davis,Owner,NO,,Group — 5 locations (shared phone),291U00000X,Clinical Medical Laboratory,2026-08-26,25,Yes
1215844196,ADVANCED MEDICAL DIAGNOSTICS,444 N CAMDEN DR,BEVERLY HILLS,CA,90210,646-980-3580,Ryan Smith,owner,NO,,Group — 5 locations (shared phone),291U00000X,Clinical Medical Laboratory,2026-08-26,25,Yes
1093622839,UNIQUEYEM HEALTHCARE SERVICES LLC,450 AMWELL RD STE J4,HILLSBOROUGH,NJ,08844,908-265-0560,Adeyinka Oyenuga,ADMINISTRATOR,NO,,Standalone,251E00000X,Home Health,2026-08-26,23,Yes
1609783448,CARING ROOTS HOME CARE INC.,1515 20TH ST STE 52,BAKERSFIELD,CA,93301,661-262-7898,Elotis Banks-Bradford,Chief Executive Officer,NO,,Standalone,251E00000X,Home Health,2026-08-26,23,Yes
1649187501,OLP SNF OPCO LLC,5285 LEWISTON RD,LEWISTON,NY,14092,716-298-2900,Bernadette Roesch,Managing Member,NO,,Standalone,314000000X,Skilled Nursing Facility,2026-08-26,22,Yes
1538076278,THE CARDINAL HOUSES LLC,1927 N FLOYD RD,RICHARDSON,TX,75080,214-335-3085,Aaron Morrow,Administration,NO,,Standalone,310400000X,Assisted Living Facility,2026-08-26,23,Yes
1720995574,OPTILIFE LLC,10106 112TH ST APT 1R,SOUTH RICHMOND HILL,NY,11419,470-797-6566,Satbir Singh,PRESIDENT,NO,,Group — 3 locations (shared phone),261QU0200X,Urgent Care Center,2026-08-26,26,Yes
1205743903,MERIDIAN MANOR,1325 MERIDIAN AVE,SOUTH PASADENA,CA,91030,626-488-8878,Ewa Nyczak,Administrator,NO,,Standalone,310400000X,Assisted Living Facility,2026-08-26,22,Yes
1245147214,"VALLEY INTERVENTIONAL SPECIALTY CENTER, INC.",16250 VENTURA BLVD STE 120,ENCINO,CA,91436,424-262-6260,Nouriel Niamehr,Co-President and Director,NO,,Standalone,261QA1903X,Ambulatory Surgery Center,2026-08-26,24,Yes
1447167424,CHELLA CARE,89 MICHELLE LN,HIRAM,GA,30141,354-261-3646,Mary Moschella,Manager,NO,,Standalone,291U00000X,Clinical Medical Laboratory,2026-08-26,25,Yes
1366359267,BEVERLY HILLS PRECISION SURGERY CENTER,8641 WILSHIRE BLVD.  STE 305 A,BEVERLY HILLS,CA,90211,310-592-2441,Steven Meier,President,NO,,Standalone,261QA1903X,Ambulatory Surgery Center,2026-08-26,24,Yes
1679480586,"TERWILLIGER PLAZA, INC.",2545 SW TERWILLIGER BLVD,PORTLAND,OR,97201,503-299-4911,Laurie Barber,Director of Assisted Living,NO,,Group — 2 locations (shared phone),310400000X,Assisted Living Facility,2026-08-26,23,Yes
1124935937,BETTER AT HOME CARE NORTH MICHIGAN LLC,6515 RUSTIC RIDGE TRL,GRAND BLANC,MI,48439,810-875-1222,Sharita Hughes,Owner,NO,,Standalone,251E00000X,Home Health,2026-08-26,23,Yes
1407763246,"OUR ENHANCED JOURNEY, LLC",4030 WAKE FOREST RD STE 349,RALEIGH,NC,27609,919-649-7433,O'Jetta Miley,Owner,NO,,Standalone,251E00000X,Home Health,2026-08-26,23,Yes
1477460202,WWC PHYSICIANS PC,55 W TIETAN ST,WALLA WALLA,WA,99362,509-525-3720,Kevin Michelson,CEO,NO,,Standalone,261QA1903X,Ambulatory Surgery Center,2026-08-26,25,Yes
1093622821,"CONWAY HOSPITAL, INC.",1221 21ST AVE N,MYRTLE BEACH,SC,29577,843-626-9379,Mary Ellen Artioli,Payer Enrollment Supervisor,NO,,Group — 4 locations (same owner),261QU0200X,Urgent Care Center,2026-08-26,26,Yes
1467369207,"CONWAY HOSPITAL, INC.",2246 HIGHWAY 17,LITTLE RIVER,SC,29566,843-663-2220,Mary Ellen Artioli,Payer Enrollment Supervisor,NO,,Group — 4 locations (same owner),261QU0200X,Urgent Care Center,2026-08-26,26,Yes
1326955212,PRIMECORE SENIORCARE OHIO LLC,4222 MACKENZIE CT,MASON,OH,45040,937-654-6869,Vrs Praveen Atluri,General Manager,NO,,Standalone,251E00000X,Home Health,2026-08-26,24,Yes
1477460152,SECOND SUPPLY LLC,11011 S WILCREST DR # G210,HOUSTON,TX,77099,929-810-0502,Syed Mohsin,Manager,NO,,Standalone,291U00000X,Clinical Medical Laboratory,2026-08-26,26,Yes
1295642254,DOLORES HOMECARE INC,68280 MARINA RD,CATHEDRAL CITY,CA,92234,442-268-5446,Analisa Cayabyab,Administrator,NO,,Standalone,310400000X,Assisted Living Facility,2026-08-26,22,Yes
1861309882,LYNND A HAND HOME CARE LLC,2707 CHIPPEWA ST,SAINT LOUIS,MO,63118,314-651-5669,Ericka Taylor,Executive Director,NO,,Standalone,251E00000X,Home Health,2026-08-25,24,Partial
1073420352,GERMANTEN DIAGNOSTICS INC,12501 PHILADELPHIA ST STE 108C,WHITTIER,CA,90601,213-716-7254,Mohammed Hyder Ali,MANAGER,NO,,Group — 2 locations (same owner),291U00000X,Clinical Medical Laboratory,2026-08-25,26,Yes
1225945454,CONSISTENT CARE LLC,4000 VERSAILLES DR,ORLANDO,FL,32808,321-223-6886,Shameka Stokes,OWNER,NO,,Standalone,251E00000X,Home Health,2026-08-25,24,Yes
1134036346,VANCREST OF UPPER SANDUSKY LLC,890 MARSEILLES AVE,UPPER SANDUSKY,OH,43351,419-294-4973,Edgar Silalahi,CFO,NO,,Standalone,310400000X,Assisted Living Facility,2026-08-25,24,Yes
1982511283,PARK & WELLS LLC,1200 N ASHLAND AVE STE 500,CHICAGO,IL,60622,312-859-0259,Kevin Denzel,Owner,NO,,Standalone,251E00000X,Home Health,2026-08-25,24,Yes
1013824044,LL LIVING LLC,2620 LAKE SAHARA DR,LAS VEGAS,NV,89117,702-233-9800,Connor Olvera,Regional VP of Operations,NO,,Standalone,310400000X,Assisted Living Facility,2026-08-25,24,Yes
1104733146,SUKHVIR EXPRESS LLC,6954 W TOUHY AVE STE 103K,NILES,IL,60714,307-452-0503,Sukhvir Singh,CEO,NO,,Group — 2 locations (shared phone),261QU0200X,Urgent Care Center,2026-08-25,27,Yes
1609783810,AMERICAN CURRENT CARE P.A.,6235 N DAVIS HWY STE 113,PENSACOLA,FL,32504,850-203-9121,Robert Hassett,VP,NO,,Group — 3 locations (same owner),261QU0200X,Urgent Care Center,2026-08-25,27,Yes
1053228106,PINE MEADOWS ASSISTED LIVING,575 SEVEN MILE RD,HOPE,RI,02831,401-654-4096,Corissa Bernier,Chief Financial Officer,NO,,Standalone,310400000X,Assisted Living Facility,2026-08-25,24,Yes
1871400994,GOLDENCARE AT HOME INC,4844 N GREENWOOD AVE,NORRIDGE,IL,60706,872-344-4444,Mariana Hotca,Operation Director,NO,,Standalone,251E00000X,Home Health,2026-08-25,24,Yes
1588571517,"TERWILLIGER PLAZA, INC.",2425 SW 6TH AVE,PORTLAND,OR,97201,503-299-4911,Laurie Barber,Director of Assisted Living,NO,,Group — 2 locations (shared phone),310400000X,Assisted Living Facility,2026-08-25,24,Yes
1457268690,ONEPATH CENTRAL FLORIDA LLC.,2815 DIRECTORS ROW # L2,ORLANDO,FL,32809,407-433-9929,Ron Hankins,CEO,NO,,Standalone,291U00000X,Clinical Medical Laboratory,2026-08-25,26,Yes
1750298030,"NOVANT HEALTH NORTHERN REGIONAL MEDICAL CENTER, LLC",830 ROCKFORD ST,MOUNT AIRY,NC,27030,336-277-8757,Beverly Euart,Facility Credentialing,NO,,Group — 3 locations (same owner),314000000X,Skilled Nursing Facility,2026-08-25,22,Yes
1619884897,VANTAGE HEALTH SCIENCES,5000 LANKERSHIM BLVD STE 103,VALLEY VILLAGE,CA,91601,626-641-7027,Anait Asatryan,CEO,NO,,Standalone,291U00000X,Clinical Medical Laboratory,2026-08-25,26,Yes
1538076583,"UR NEXT LAB AND SERVICES SOLUTION, LLC",6015 CHESTER CIR STE 108,JACKSONVILLE,FL,32217,904-476-6799,Rashan Jones,Medical Director,NO,,Standalone,291U00000X,Clinical Medical Laboratory,2026-08-25,26,Yes
1043127111,SAND HILLS ASSISTED LIVING LLC,1405 W US HIGHWAY 34,GRAND ISLAND,NE,68801,385-498-0194,Wendy Anderson,Corporate Business Officer,NO,,Group — 17 locations (shared phone),310400000X,Assisted Living Facility,2026-08-25,24,Yes
1932016029,SAND HILLS HEALTH AND REHAB LLC,1405 W US HIGHWAY 34,GRAND ISLAND,NE,68801,385-498-0194,Wendy Anderson,Corporate Business Officer,NO,,Group — 17 locations (shared phone),314000000X,Skilled Nursing Facility,2026-08-25,22,Yes
1073420063,MCMINNVILLE MANOR OPCO LLC,345 GARFIELD ST,MCMINNVILLE,TN,37110,516-462-4963,Yonah Cohen,administrator,NO,,Standalone,310400000X,Assisted Living Facility,2026-08-25,24,Yes
1932016201,HEART FOR ELDERS LLC,5729 LA FIELD DR,FAIR OAKS,CA,95628,916-839-3336,Abeleno Ruiz,Administrator,NO,,Standalone,310400000X,Assisted Living Facility,2026-08-25,23,Yes
1619884863,LOVE AND CARE RESIDENCE CORP,7806 N ALBANY AVE,TAMPA,FL,33604,239-628-2630,Lazaro Duran Reyes,OWNER,NO,,Standalone,310400000X,Assisted Living Facility,2026-08-25,24,Yes
1649187857,B&E SOLUTIONS SERVICES LLC,10175 FORTUNE PKWY UNIT 1103,JACKSONVILLE,FL,32256,904-222-0644,Marie Etienne,Administrator,YES,B&E Solutions Services Llc,Part of group,251E00000X,Home Health,2026-08-25,24,Yes
1861309080,FLORENCE NIGHTINGALE VISITING ANGELS,812 BIRCHWOOD COURT,NORTH BRUNSWICK,NJ,08902,732-484-5500,Joe Adubofour,CEO/President,NO,,Standalone,251E00000X,Home Health,2026-08-25,25,Yes
1356258453,ENARRO MDX LLC,2168 W GROVE PKWY STE 150,PLEASANT GROVE,UT,84062,801-369-4307,Nathan Killpack,Laboratory Manager,NO,,Standalone,291U00000X,Clinical Medical Laboratory,2026-08-25,27,Yes
1760399034,MUADA HOME HEALTH LLC,39326 N OCOTILLO RIDGE DR,CAREFREE,AZ,85377,612-423-6247,Perpetual Garyeazon,Owner/CNA,NO,,Standalone,251E00000X,Home Health,2026-08-25,24,Yes
1598672750,OYG DIAGNOSTICS LLC,2325 HYMEADOW DR STE 3-101,AUSTIN,TX,78750,803-232-3151,Vamsi Krishna Khan,Manager,NO,,Group — 9 locations (shared phone),291U00000X,Clinical Medical Laboratory,2026-08-25,27,Yes
1003723057,HEART TO HEART,7463 OAKLAND HILLS CIR,INDIANAPOLIS,IN,46236,317-340-8360,Anika Allen,President,NO,,Standalone,251E00000X,Home Health,2026-08-25,24,Yes
1629985916,NEXMELL LLC,4539 N 22ND ST # 5034,PHOENIX,AZ,85016,406-309-6462,Barbara Kolb,Owner,NO,,Group — 84 locations (shared phone),261QU0200X,Urgent Care Center,2026-08-25,27,Yes
1366359317,NJANDJCARINGHEARTS LLC,3431 NORTHWEST BLVD NW,WARREN,OH,44485,234-926-8994,Chaella Branca,CEO,NO,,Standalone,251E00000X,Home Health,2026-08-25,25,Yes
1518874890,LINUX DIAGNOSTICS INC,2100 WEST LOOP S STE 900,HOUSTON,TX,77027,972-345-3498,Mohammed Hyder Ali,MANAGER,NO,,Group — 2 locations (same owner),291U00000X,Clinical Medical Laboratory,2026-08-25,27,Yes
1427965573,HOLY NAME SURGERY CENTER AT TEANECK LLC,730 PALISADE AVE,TEANECK,NJ,07666,201-928-2160,Vasantha Kondamudi,CMO,NO,,Standalone,261QA1903X,Ambulatory Surgery Center,2026-08-25,26,Yes
1265349377,GIFTED SKILLS HEALTH SERVICES LLC,9221 FOREST HILL AVE STE 1,RICHMOND,VA,23235,571-266-0633,Monica Lockhart,Manager,NO,,Standalone,251E00000X,Home Health,2026-08-25,25,Yes
1457267965,RNZV HOME CARE LLC,17256 KALISHER ST,GRANADA HILLS,CA,91344,714-232-3022,Maria Victoria Nicolette Clark,Owner,NO,,Standalone,310400000X,Assisted Living Facility,2026-08-24,24,Yes
1639085194,BARAKA HOMECARE LLC,114 JAMES ST,JOHNSTOWN,PA,15902,582-855-0908,Eva Littlejohn,Owner,NO,,Standalone,251E00000X,Home Health,2026-08-24,26,Yes
1386551638,TRUSTED HANDS CARE STAFFING LLC,1610 CHRISTINE TER,MADISON HEIGHTS,MI,48071,248-565-7587,Patrice Green,OWNER,NO,,Standalone,251E00000X,Home Health,2026-08-24,25,Yes
1841106259,HOMEWATCH CAREGIVERS,224 S COURT ST UNIT 232,CIRCLEVILLE,OH,43113,938-288-8705,Valerie Shoemaker,owner,NO,,Standalone,251E00000X,Home Health,2026-08-24,26,Yes
1942117361,DIRECT MD URGENT CARE,3250 WRIGHTSBORO RD,AUGUSTA,GA,30909,706-925-2273,Fanta Kasiah,OWNER,NO,,Standalone,261QU0200X,Urgent Care Center,2026-08-24,28,Yes
1376459800,"CROSSROADS TREATMENT CENTER OF LOUISVILLE, PSC",1700 CARGO CT,JEFFERSONTOWN,KY,40299,502-215-3938,Rupert Mccormac,CEO,YES,"Crossroads Treatment Center Of Louisville, Psc",Part of group,291U00000X,Clinical Medical Laboratory,2026-08-24,27,Yes
1881501146,AMA THERAPY & HOME SERVICES LLC,1871 W 62ND ST APT 340,HIALEAH,FL,33012,305-767-0231,Anisbel Alonso,OWNER,NO,,Standalone,251E00000X,Home Health,2026-08-24,25,Yes
1184531410,PRISTINE HOME SERVICES LLC,2342 HILL ST APT H,PETERSBURG,VA,23803,804-719-0026,Lonnie Reid,administer,NO,,Standalone,251E00000X,Home Health,2026-08-24,25,Yes
1174439533,ALPINE HAVEN CARE LLC,401 CASTLE CREEK RD,ASPEN,CO,81611,917-329-7872,Reece Dabler,Owner,NO,,Standalone,251E00000X,Home Health,2026-08-24,25,Yes
1588571947,LANDMARK OF MOMENCE REHABILITATION AND NURSING CENTER LLC,500 S WALNUT ST,MOMENCE,IL,60954,815-472-2423,Aaron Mauer,CFO,NO,,Group — 6 locations (same owner),314000000X,Skilled Nursing Facility,2026-08-24,23,Yes
1508772955,CRESPO'S HOME HEALTH CARE,9200 ACADEMY RD,PHILADELPHIA,PA,19114,267-584-9912,Jose Crespo,CEO,NO,,Standalone,251E00000X,Home Health,2026-08-24,26,Partial
1992611487,BRIGHTWAY HEALTH AND HOME CARE LLC,4594 CLOISTER CIR,HAMPTON,GA,30228,470-366-2251,Chrystal Jackson-Stinson,Owner/Administrator,NO,,Standalone,251E00000X,Home Health,2026-08-24,25,Yes
1245146638,UNITY HOME HEALTH CARE INC,6151 MIRAMAR PKWY STE 113,MIRAMAR,FL,33023,786-603-9377,Rachel Herrera Rodriguez,Owner,NO,,Standalone,251E00000X,Home Health,2026-08-24,25,Yes
1053227579,NEXMELL LLC,4539 N 22ND ST # 5034,PHOENIX,AZ,85016,406-309-6462,Barbara Kolb,Owner,NO,,Group — 84 locations (shared phone),291U00000X,Clinical Medical Laboratory,2026-08-24,27,Yes
1558278804,WHITESTONE HOME CARE LLC,12200 BLUE RIDGE EXT STE A,GRANDVIEW,MO,64030,816-552-0562,Kisha Maxwell,Owner/ Administrator,NO,,Standalone,251E00000X,Home Health,2026-08-24,25,Yes
1619883063,APEX HOME CARE LLC,9581 BLUEWING TER,BLUE ASH,OH,45241,513-708-5724,Yevsey Kats,ceo,NO,,Group — 2 locations (shared phone),251E00000X,Home Health,2026-08-24,26,Yes
1114833621,"NOVANT HEALTH SOUTH SLOPE OUTPATIENT SURGERY CENTER, LLC",191 BILTMORE AVE,ASHEVILLE,NC,28801,828-348-1950,Beverly Euart,FACILITY CREDENTIALING,NO,,Group — 2 locations (shared phone),261QA1903X,Ambulatory Surgery Center,2026-08-24,27,Yes
1851208110,FIRESTONE CARE HOME INC.,8007 FIRESTONE WAY,ANTELOPE,CA,95843,916-225-2670,Syed Shah,President/Admin,NO,,Standalone,310400000X,Assisted Living Facility,2026-08-24,24,Yes
1023925369,INTEGRITY TESTING SOLUTIONS,200 1ST AVE NE,CAIRO,GA,39828,229-327-1341,Kiara Cooper,Lab Director,NO,,Standalone,291U00000X,Clinical Medical Laboratory,2026-08-24,27,Yes
1760398242,COURTESY CITY CARE LLC,37903 EUCLID AVE,WILLOUGHBY,OH,44094,440-266-4445,Travis Fortney,Owner/Administrator,NO,,Standalone,251E00000X,Home Health,2026-08-24,26,Yes
1629985940,EXECUTE THE VISION HOME HEALTH SERVICES,1808 COYOTE DR STE 203,CHESTER,VA,23836,757-608-9255,Natacha Williams,CEO,NO,,Standalone,251E00000X,Home Health,2026-08-24,26,Yes
1710893250,MANNER HEALTH GROUP LLC,4715 W LAWN AVE,TAMPA,FL,33611,904-290-9582,Lamar Davis,CEO,NO,,Standalone,251E00000X,Home Health,2026-08-24,25,Yes
1811803315,ELOES HERITAGE LLC,5608 VERA CRUZ AVE N,CRYSTAL,MN,55429,952-999-6996,Blessing Juetten,Owner,NO,,Standalone,310400000X,Assisted Living Facility,2026-08-24,25,Yes
1841107265,AT POINT CARE SERVICES,436 W COLORADO ST STE 210,GLENDALE,CA,91204,818-334-2400,Roy Banares,CEO,NO,,Standalone,251E00000X,Home Health,2026-08-24,25,Yes
1750298188,MERCER COUNTY JOINT TOWNSHIP COMMUNITY HOSPITAL,950 S MAIN ST STE C,CELINA,OH,45822,419-586-1611,Jon Dingledine,CEO,YES,Mercer County Joint Township Community Hospital,Part of group,261QU0200X,Urgent Care Center,2026-08-24,28,Yes
1174439566,1 CARE LLC,4200 UNIVERSITY AVE STE 426,WEST DES MOINES,IA,50266,402-594-6350,Elizabeth Q Reynolds,Owner,NO,,Standalone,251E00000X,Home Health,2026-08-24,25,Yes
1336056662,AAO PREMIUM HEALTHCARE SOLUTIONS,3509 BROOKDALE DR N,BROOKLYN PARK,MN,55443,715-450-7106,Omolola Akanki,Owner,NO,,Standalone,310400000X,Assisted Living Facility,2026-08-24,25,Yes
1205742715,"NOVANT HEALTH SOUTH SLOPE OUTPATIENT SURGERY CENTER, LLC",191 BILTMORE AVE,ASHEVILLE,NC,28801,828-348-1950,Beverly Euart,FACILITY CREDENTIALING,NO,,Group — 2 locations (shared phone),261QA1903X,Ambulatory Surgery Center,2026-08-24,27,Yes
1396652798,ESHU URGENT CARE,501 E OAK ST STE F,KISSIMMEE,FL,34744,407-283-4622,Gipsi Guilarte,Owner,NO,,Standalone,261QU0200X,Urgent Care Center,2026-08-24,28,Yes
1477469849,GOOD SAMARITAN RESIDENTIAL CARE,1356 BUBZY RD,KINGSTREE,SC,29556,843-382-3530,Pamela Mcclary,Assistant Administrator,NO,,Standalone,310400000X,Assisted Living Facility,2026-08-24,25,Yes
1366358806,PRAIRIE VIEW SURGERY CENTER LLC,721 E COURT ST,PARIS,IL,61944,217-465-4141,Martin Adams,VP of Finance & CFO,NO,,Standalone,261QA1903X,Ambulatory Surgery Center,2026-08-24,27,Yes
1194632430,CARING HEARTS HEALTHCARE LLC,450 PIEDMONT AVE NE APT 1605,ATLANTA,GA,30308,202-246-1022,Mashawn Graham,Owner,NO,,Standalone,251E00000X,Home Health,2026-08-24,25,Yes
1841106499,ALIVE HOME HEALTH LLC,7211 N DALE MABRY HWY STE 207,TAMPA,FL,33614,786-442-6916,Daniel Perez Robaina,OWNER,NO,,Standalone,251E00000X,Home Health,2026-08-24,25,Yes
1932015567,NOVACARE HOMES LLC,5122 W ROBERTS DR,SANTA ANA,CA,92704,657-397-7157,Ricky Vu,RCFE Administrator,NO,,Standalone,310400000X,Assisted Living Facility,2026-08-22,26,Yes
1902712532,AEVITUS CURA INC.,5413 E BROCKWOOD ST,LONG BEACH,CA,90808,626-246-4435,May Huang-Martinez,Administrator,NO,,Standalone,310400000X,Assisted Living Facility,2026-08-22,26,Yes
1396651915,PRICHARD LLC,2501 IRVING AVE S APT 2,MINNEAPOLIS,MN,55405,612-824-4348,Sean Prichard,Owner,NO,,Standalone,251E00000X,Home Health,2026-08-22,27,Yes
1053227694,SUNFLOWER SENIOR LIVING III INC,8112 NW 74TH TER,TAMARAC,FL,33321,754-235-2666,Marguerite Sankarlall,Owner/Administrator,NO,,Standalone,310400000X,Assisted Living Facility,2026-08-22,27,Yes
1508772138,ALL GRACE SENIOR CARE LLC,208 WALPOLE CT,ROSEVILLE,CA,95747,916-259-6198,Ana Marie Martin,Administrator,NO,,Standalone,310400000X,Assisted Living Facility,2026-08-22,26,Yes
1952217515,PRELUX HOME CARE LLC,5500 SAN MATEO BLVD NE STE 103,ALBUQUERQUE,NM,87109,505-235-8858,Sejal Patel,OWNER,NO,,Group — 2 locations (same owner),251E00000X,Home Health,2026-08-21,29,Yes
1316853088,ANCHOR CARE LLC,113 HILLTOP VILLAGE CENTER DR STE 6,EUREKA,MO,63025,314-775-4419,Michele Leon,Owner,NO,,Standalone,251E00000X,Home Health,2026-08-21,28,Yes
1114833985,CFN CONSULTATION LLC,6900 MARY CAROLINE CIR UNIT B,ALEXANDRIA,VA,22310,202-820-1598,Christopher Ndubueze,Owner,NO,,Standalone,251E00000X,Home Health,2026-08-21,29,Yes
1639085392,"EXODYNE, INC.",1359 SUNFLOWER LN,BRENTWOOD,CA,94513,925-389-7620,Alexandria Liu,Owner,NO,,Standalone,310400000X,Assisted Living Facility,2026-08-21,27,Yes
1659287464,MANNA ASSISTED LIVING HOME LLC,791 N LISBON DR,CHANDLER,AZ,85226,480-247-6810,Teresita Pryor,Manager/Owner,NO,,Standalone,310400000X,Assisted Living Facility,2026-08-21,27,Yes
1518873207,SHORT PUMP CV AMBULATORY SURGERY CENTER LLC,4221 BON SECOURS PARKWAY,HENRICO,VA,23233,303-396-9391,Charles Kline,Senior Vice President of Operations,NO,,Group — 2 locations (shared phone),261QA1903X,Ambulatory Surgery Center,2026-08-21,30,Yes
1417863077,DALLAS PHYSICIAN MEDICAL SERVICES FOR CHILDREN INC,1935 MEDICAL DISTRICT DR,DALLAS,TX,75235,214-456-7000,Angela Fisher,VP Physician Practices & Admin,YES,Dallas Physician Medical Services For Children Inc,Part of group,261QU0200X,Urgent Care Center,2026-08-21,31,Yes
1285540971,SUMMIT CLINICAL DIAGNOSTIC LAB LLC,322 US HIGHWAY 46 STE 160W,PARSIPPANY,NJ,07054,248-818-4925,Robert Mansi,Director of Operations,NO,,Standalone,291U00000X,Clinical Medical Laboratory,2026-08-21,31,Yes
1881500692,ROSANNIE OFFICE SERVICES LLC,4 YORK DR,PITTSBURGH,PA,15214,412-853-8710,Rosemond Adjei,OWNER,NO,,Standalone,251E00000X,Home Health,2026-08-21,29,Yes
1114833779,THE MEADOWS SENIOR LIVING INC.,3945 OLIVE ST,SELMA,CA,93662,559-393-8726,Sukhjeet Samra,Administrator/ Owner,NO,,Standalone,310400000X,Assisted Living Facility,2026-08-21,27,Yes
1962318543,PRECISION LABORATORY LLC,1735 STEWART ST STE B,SANTA MONICA,CA,90404,310-268-1010,Richard Donath,CFO,NO,,Standalone,291U00000X,Clinical Medical Laboratory,2026-08-21,30,Yes
1255247052,AMAZING GRACE SERVICES LLC,303 21ST ST STE 124,NEWPORT,MN,55055,651-734-3183,Grace Oyefesobi,Owner/CEO,NO,,Standalone,251E00000X,Home Health,2026-08-21,28,Yes
1528974383,REDWOOD HOME CARE LLC,3530 FARRON ST,ROCKLIN,CA,95677,916-738-1719,Delandran Pillay,Co-Owner,NO,,Standalone,310400000X,Assisted Living Facility,2026-08-21,27,Yes
1316853906,"GIGIS OPERATIONS, LLC DBA GIGI'S PLACE ON SPRING VALLEY",2820 SPRING VALLEY RD,MIAMISBURG,OH,45342,937-510-5087,Julie Winters,Owner,NO,,Standalone,310400000X,Assisted Living Facility,2026-08-21,28,Yes
1881500619,WESTERLY NURSING AND REHAB LLC,79 BEACH ST,WESTERLY,RI,02891,401-596-4925,Avrohom Rotberg,President,NO,,Group — 12 locations (same owner),314000000X,Skilled Nursing Facility,2026-08-21,27,Yes
1861308439,FAIRFAX PLAZA LLC,325 N HAYWORTH AVE,LOS ANGELES,CA,90048,323-655-3101,Baruch Berkowitz,Manager,NO,,Standalone,310400000X,Assisted Living Facility,2026-08-21,27,Yes
1184530768,HEALWISE LLC,11555 MEDLOCK BRIDGE RD STE 150,JOHNS CREEK,GA,30097,404-348-6375,Mahboob Shaik,CEO/Owner,NO,,Group — 6 locations (same owner),291U00000X,Clinical Medical Laboratory,2026-08-21,30,Yes
1134035728,BOOSTCARE LLC,1755 N BROWN RD FL 1,LAWRENCEVILLE,GA,30043,470-504-9902,Mahboob Shaik,CEO/Owner,NO,,Group — 6 locations (same owner),291U00000X,Clinical Medical Laboratory,2026-08-21,30,Yes
1871409458,PULSE POINT HEALTH LLC,200 W MONROE ST FL 2,PHOENIX,AZ,85003,404-259-9306,Mahboob Shaik,CEO/Owner,NO,,Group — 6 locations (same owner),291U00000X,Clinical Medical Laboratory,2026-08-21,30,Yes
1306752084,PLATINUM SURGERY CENTER,440 N MOUNTAIN AVE STE 220,UPLAND,CA,91786,909-655-0300,Hussein Abidali,President,NO,,Standalone,261QA1903X,Ambulatory Surgery Center,2026-08-21,29,Yes
1437065018,ANYWHEREMEDICINE LLC,1349 W PEACHTREE ST NW STE 1910,ATLANTA,GA,30309,404-271-1617,Mahboob Shaik,CEO/Owner,NO,,Group — 6 locations (same owner),291U00000X,Clinical Medical Laboratory,2026-08-21,30,Yes
1386550036,EFFECTIVE CHANGE LLC,74 GLORY MAPLE LN,DOWNINGTOWN,PA,19335,484-467-2686,Quanita Baxter,Founder,NO,,Standalone,251E00000X,Home Health,2026-08-21,29,Yes
1326954009,ST FRANCIS AMBULATORY SURGERY CENTER LLC,13701 BON SECOURS DRIVE,MIDLOTHIAN,VA,23114,303-396-9391,Charles K,Senior Vice President of Operations,NO,,Group — 2 locations (shared phone),261QA1903X,Ambulatory Surgery Center,2026-08-21,30,Yes
1477469203,NEW LIFE SENIOR LIVING LLC,428 NW 4TH ST,CAPE CORAL,FL,33993,786-908-5716,Rigoberto Martinez,Ower,NO,,Standalone,310400000X,Assisted Living Facility,2026-08-21,27,Yes
1235045824,CLINICALMEDIX LLC,1 W COURT SQ STE 325,DECATUR,GA,30030,404-483-7850,Mahboob Shaik,CEO/Owner,NO,,Group — 6 locations (same owner),291U00000X,Clinical Medical Laboratory,2026-08-21,30,Yes
1174439756,CURE-ALL LLC,2180 SATELLITE BLVD STE 375,DULUTH,GA,30097,404-384-9343,Mahboob Shaik,CEO/Owner,NO,,Group — 6 locations (same owner),291U00000X,Clinical Medical Laboratory,2026-08-21,30,Yes
1093621823,AMERICAN CURRENT CARE P.A.,3600 S GLEBE RD STE 110,ARLINGTON,VA,22202,571-560-2614,Robert Hassett,VP,NO,,Group — 3 locations (same owner),261QU0200X,Urgent Care Center,2026-08-21,31,Yes
1952217663,LEAD CONSULTANTS INC,8514 KIMBALL AVE,SKOKIE,IL,60076,835-658-9195,Mohmmad Raza,CEO,NO,,Standalone,291U00000X,Clinical Medical Laboratory,2026-08-21,30,Yes
1356257059,HARBOR HAVEN COMPANION CARE LLC,3121 NE 51ST ST APT 102E,FORT LAUDERDALE,FL,33308,754-277-0075,Sara Clark,Owner,NO,,Standalone,251E00000X,Home Health,2026-08-21,28,Yes
1114833100,COZY ROSYS SENIOR LIVING LLC,3709 KERN RD,CHINO,CA,91710,323-719-2851,Shital Patel,Managing Member,NO,,Standalone,310400000X,Assisted Living Facility,2026-08-20,28,Yes
1770499691,CAREVANTAGE HEALTHCARE LLC,19 LYONS AVE,NEWARK,NJ,07112,646-529-1200,Suliat Ashaolu Adesunbo,OWER,NO,,Standalone,251E00000X,Home Health,2026-08-20,29,Yes
1720994742,HOGAR MONTEFE INC,CARR 755 KM 1 BO. ANCONES CALLE MONTE VERDE 12,ARROYO,PR,00714,787-566-7545,Marieliz Ortiz Garcia,Registered Nurse&administradora,NO,,Standalone,310400000X,Assisted Living Facility,2026-08-20,29,Yes
1790691624,DONE RITE TRANSPORTATION LLC,145 GREENWOOD AVE STE 102,WYNCOTE,PA,19095,302-312-6323,Sherry Williams,Owner,YES,Done Rite Home Care Llc,Part of group: Done Rite Home Care Llc,251E00000X,Home Health,2026-08-20,30,Yes
1508772484,AURORA HOME FOR SENIORS,16346 SHAMHART DR,GRANADA HILLS,CA,91344,818-257-1457,Ani Mkrtchyan,PRESIDENT,NO,,Standalone,310400000X,Assisted Living Facility,2026-08-20,28,Yes
1841106648,DREAM HOMECARE,2250 S NOME CT,AURORA,CO,80014,720-277-4012,Binalfew Mengistu,owner/adminisrator,NO,,Standalone,251E00000X,Home Health,2026-08-20,29,Yes
1861308736,BRIGHTOAK SENIOR LIVING INC,8404 GAYLOR WAY,CARMICHAEL,CA,95608,279-345-0402,Pauline Bernardo,Administrator,NO,,Standalone,310400000X,Assisted Living Facility,2026-08-20,28,Yes
1447166400,HEALTHCAREFINAL,49 RR 3 HOOKER OK 73945,HOOKER,OK,73945,350-203-5292,Bonnie Powell,CEO,NO,,Group — 2 locations (shared phone),291U00000X,Clinical Medical Laboratory,2026-08-20,32,Yes
1760398663,"CENTRO DE SALUD DE LARES, INC",7 AVE JUAN HERNANDEZ ORTIZ LOCAL COMERCIAL PRIMER NIVEL,ISABELA,PR,00662,787-897-2727,Glorinic Gonzalez,BILLING SUPERVISOR,NO,,Standalone,291U00000X,Clinical Medical Laboratory,2026-08-20,32,Yes
1760398697,CARDINAL DIAGNOSTICS LLC,12325 HYMEADOW DR BLDG 3,AUSTIN,TX,78750,803-232-3151,Krishna Sai,manager,NO,,Group — 9 locations (shared phone),291U00000X,Clinical Medical Laboratory,2026-08-20,32,Yes
1982510996,ARIZONA HIP AND KNEE INSTITUTE LLC,4100 W CHANDLER BLVD STE 220,CHANDLER,AZ,85226,469-872-4706,Eric Boon,OFFICER/AUTHORIZED OFFICIAL,NO,,Standalone,261QA1903X,Ambulatory Surgery Center,2026-08-20,30,Yes
1881500726,JV LAB LLC,12325 HYMEADOW DR STE 3-101,AUSTIN,TX,78750,803-232-3151,Yvonne Cee,Manager,NO,,Group — 9 locations (shared phone),291U00000X,Clinical Medical Laboratory,2026-08-20,32,Yes
1508772575,SYSTEMS STAR LLC,1393 E DOWNEY AVE,FLINT,MI,48505,810-964-2091,Tara Taylor,Owner,NO,,Standalone,251E00000X,Home Health,2026-08-20,29,Yes
1629984588,OASIS BAY CARE LLC,2336 LAFAYETTE DR,ANTIOCH,CA,94509,925-732-7734,Lauren-Tyler Riley,Owner,NO,,Standalone,310400000X,Assisted Living Facility,2026-08-20,28,Yes
1659287639,SOUTHERN ILLINOIS HOSPITAL SERVICES,500 LINCOLN DR STE D,HERRIN,IL,62948,618-997-5652,Shannon Hartke,Corporate Director PFS,YES,Southern Illinois Hospital Services,Part of group,291U00000X,Clinical Medical Laboratory,2026-08-20,31,Yes
1972419968,SOUTHERN ILLINOIS HOSPITAL SERVICES,2553 KEN GRAY BLVD,WEST FRANKFORT,IL,62896,618-932-2155,Shannon Hartke,Corporate Director PFS,YES,Southern Illinois Hospital Services,Part of group,291U00000X,Clinical Medical Laboratory,2026-08-20,31,Yes
1528974425,WARM AND GRACE PERSONAL CARE HOME,1033 TURPENTINE TRL,HINESVILLE,GA,31313,910-973-9809,Cheryl Pittman-Smith,Founder / CEO,NO,,Standalone,251E00000X,Home Health,2026-08-20,29,Yes
1972419844,SC HEALTH LABS,15540 ROCKFIELD BLVD STE A100,IRVINE,CA,92618,888-667-5199,Austin Penny,Manager,NO,,Standalone,291U00000X,Clinical Medical Laboratory,2026-08-20,31,Yes
1518873520,SOUTHERN ILLINOIS HOSPITAL SERVICES,117 E CLARK ST,HARRISBURG,IL,62946,618-252-8625,Shannon Hartke,Corporate Director PFS,YES,Southern Illinois Hospital Services,Part of group,291U00000X,Clinical Medical Laboratory,2026-08-20,31,Yes
1770499642,SBH LABS,17952 SKY PARK CIR STE J,IRVINE,CA,92614,888-650-8912,Donald Jermie,Manager,NO,,Standalone,291U00000X,Clinical Medical Laboratory,2026-08-20,31,Yes
1780590737,MEDPOINT CLINICAL LABORATORY LLC,415 W GOLF RD STE 32,ARLINGTON HEIGHTS,IL,60005,254-747-5243,Rashid Shamsulhoda Khan,OWNER,NO,,Standalone,291U00000X,Clinical Medical Laboratory,2026-08-20,31,Yes
1821904921,MORNING GLORY ALF,3030 BROOKWOOD RD,ELLICOTT CITY,MD,21042,443-280-3349,Youngsik Kim,owner/manager,NO,,Standalone,310400000X,Assisted Living Facility,2026-08-20,29,Yes
1083520936,MIDDLETOWN NURSING AND REHAB LLC,193 FOREST AVE,MIDDLETOWN,RI,02842,401-847-2777,Avrohom Rotberg,President,NO,,Group — 12 locations (same owner),314000000X,Skilled Nursing Facility,2026-08-20,28,Yes
1023924040,SUMMITTRUST HEALTH INC,2675 41ST ST SE,PARIS,TX,75462,346-396-1252,Rowan Whitmore,Managing Member,NO,,Group — 41 locations (shared phone),261QU0200X,Urgent Care Center,2026-08-20,32,Yes
1316853369,PRIMEPATH BUSINESS CONSULTING,144 CHAROLAIS DR,MCDONOUGH,GA,30252,404-333-9893,Eric Washington,President,NO,,Standalone,251E00000X,Home Health,2026-08-20,29,Yes
1760398788,APEX SKY TECHNOLOGIES LLC,7227 ROYCE PL,BROOKLYN,NY,11234,931-413-9502,Saood Shuraim,Manager,NO,,Group — 3 locations (shared phone),291U00000X,Clinical Medical Laboratory,2026-08-20,32,Yes
1730095613,"NSTX, INC",13011 MCCALLEN PASS STE 100,AUSTIN,TX,78753,888-650-8890,Dave Benny,Manager,NO,,Standalone,291U00000X,Clinical Medical Laboratory,2026-08-20,32,Yes
1841106804,1 HOME CARE SERVICES LLC,2708 ALT 19 STE 604,PALM HARBOR,FL,34683,877-277-3561,Amanda Calisti,CEO,NO,,Group — 2 locations (shared phone),251E00000X,Home Health,2026-08-20,29,Yes
1063328045,SAHARA RESIDENTIAL CARE LLC,505 E CENTER ST,MANTECA,CA,95336,209-372-7900,Saifuddin Raniwala,Manager,NO,,Standalone,314000000X,Skilled Nursing Facility,2026-08-20,27,Yes
1982510087,CRYSTALLEAF HEALTH INC,6407 S COOPER ST # 120,ARLINGTON,TX,76001,346-396-1252,Everett Crestwood,Managing Member,NO,,Group — 41 locations (shared phone),261QU0200X,Urgent Care Center,2026-08-20,32,Yes
1568378511,"ADRIATIC DIAGNOSTICS, LLC",4191 CRESCENT DR STE A,SAINT LOUIS,MO,63129,314-814-2897,Sejla Maksumic,Owner,NO,,Standalone,291U00000X,Clinical Medical Laboratory,2026-08-20,32,Yes
1609782614,FORTISCARE HEALTH LLC,1655 NE LOOP 286 STE A,PARIS,TX,75460,346-396-1252,Seraphine Waverly,Managing Member,NO,,Group — 41 locations (shared phone),261QU0200X,Urgent Care Center,2026-08-20,32,Yes
1679489686,NEUROLINK HEALTH INC,6407 S COOPER ST # 120,ARLINGTON,TX,76001,346-396-1252,Silas Lockhart,Managing Member,NO,,Group — 41 locations (shared phone),261QU0200X,Urgent Care Center,2026-08-20,32,Yes
1780590679,LABORATORY CORPORATION OF AMERICA HOLDINGS,55 DILLMONT DR STE 102,COLUMBUS,OH,43235,614-468-8045,Evan Smith,Vice President,NO,,Group — 4 locations (same owner),291U00000X,Clinical Medical Laboratory,2026-08-20,32,Partial
1366358301,"CB NISKAYUNA OPERATOR, INC.",2861 TROY SCHENECTADY RD,NISKAYUNA,NY,12309,518-782-7381,Anna Munoz,Assistant Secretary,NO,,Standalone,310400000X,Assisted Living Facility,2026-08-20,29,Yes
1265348189,ORTHO MISSOURI SURGERY CENTER - ST LOUIS LLC,9701 LANDMARK PARKWAY DR STE 100,SAINT LOUIS,MO,63127,314-729-0100,William Montgomery,Officer/Authorized Official,NO,,Standalone,261QA1903X,Ambulatory Surgery Center,2026-08-20,31,Yes
1588570568,"117 BENNOCH ROAD OPCO, LLC",117 BENNOCH RD,ORONO,ME,04473,323-928-9445,Avrohom Tress,Executive Vice President,NO,,Group — 2 locations (shared phone),310400000X,Assisted Living Facility,2026-08-20,28,Yes
1508772534,SEQUOIA SURGICAL LLC,2725 16TH ST,BAKERSFIELD,CA,93301,317-617-3958,Jesse Savage,Manager,NO,,Standalone,261QA1903X,Ambulatory Surgery Center,2026-08-20,30,Yes
1467368456,"2 FOOTBRIDGE ROAD OPCO, LLC",2 FOOTBRIDGE RD,BELFAST,ME,04915,323-928-9445,Avrohom Tress,Executive Vice President,NO,,Group — 2 locations (shared phone),310400000X,Assisted Living Facility,2026-08-20,28,Yes
1043126980,BELLAR DIALYSIS LLC,3960 COON RAPIDS BLVD NW,MINNEAPOLIS,MN,55433,615-320-4286,Samuel Wey,"VP, Licensure and Certification",YES,Davita Inc,Part of group: Davita Inc,261QE0700X,Dialysis / ESRD Treatment Facility,2026-08-20,31,Partial
1922914803,ROCKY MOUNTAIN LABORATORIES,4150 FREIDRICH LN STE J,AUSTIN,TX,78744,888-650-9992,Benjamin Dave,Owner,NO,,Standalone,291U00000X,Clinical Medical Laboratory,2026-08-20,32,Yes
1205742160,ALPHA LAB SERVICES,50 W SYRACUSE AVE,TURLOCK,CA,95380,888-650-9912,Ronald John,Manager,NO,,Standalone,291U00000X,Clinical Medical Laboratory,2026-08-20,31,Yes
1245146265,AZAAN ENTERPRISES LLC,100 ABERDEEN AVE,ISELIN,NJ,08830,931-413-9502,Khurram Usmani,Manager,NO,,Group — 3 locations (shared phone),291U00000X,Clinical Medical Laboratory,2026-08-20,32,Yes
1386550481,CORETRUST CENTER LLC,6565 FANNIN ST,HOUSTON,TX,77030,346-396-1252,Alden Ashford,Managing Member,NO,,Group — 41 locations (shared phone),261QU0200X,Urgent Care Center,2026-08-20,32,Yes
1982510814,PRECISION DIAGNOSTIC LLC,12325 HYMEADOW DR STE 3-101,AUSTIN,TX,78750,803-232-3151,John Silver,Manager,NO,,Group — 9 locations (shared phone),291U00000X,Clinical Medical Laboratory,2026-08-20,32,Yes
1720994825,BLUEHAVEN CENTER INC,6565 FANNIN ST,HOUSTON,TX,77030,346-396-1252,Clara Brightwell,Managing Member,NO,,Group — 41 locations (shared phone),261QU0200X,Urgent Care Center,2026-08-20,32,Yes
1063328037,ALTERA SURGERY CENTER,435 ARDEN AVE STE 410A,GLENDALE,CA,91203,323-929-2336,Armen Gevorgyan,Manager,NO,,Standalone,261QA1903X,Ambulatory Surgery Center,2026-08-20,30,Yes
1053227991,WILSON'S INTEGRITY STAFFING & HEALTHCARE (WISH) AGENCY,1014 JOHNNY RUSSELL DRIVE,MOORHEAD,MS,38761,662-378-7508,Star Wilson,CEO,NO,,Standalone,251E00000X,Home Health,2026-08-20,29,Yes
1043126055,ANCHORPOINT CENTER,2850 LAKE VISTA DR STE 1,LEWISVILLE,TX,75067,346-396-1252,Marian Ashford,Managing Member,NO,,Group — 41 locations (shared phone),261QU0200X,Urgent Care Center,2026-08-20,32,Yes
1053227835,ILERI-LIV CARE SOLUTIONS,119 MCLAWS ST E,FREDERICKSBURG,VA,22408,703-855-5935,Shukurat Baruwa,Laboratory Director,NO,,Standalone,291U00000X,Clinical Medical Laboratory,2026-08-20,32,Yes
1164338323,PHOENIX DIAGNOSTICS LLC,300 W CLARENDON AVE. SUITE 300 OFFICE 325,PHOENIX,AZ,85013,929-802-0684,Mohammad Mansoor,Owner,NO,,Standalone,291U00000X,Clinical Medical Laboratory,2026-08-19,32,Yes
1245146554,"AVICENNA SURGERY CENTER, INC.",530 PLAZA DR STE 110,FOLSOM,CA,95630,916-235-6802,Paul Schrupp,CEO,NO,,Group — 2 locations (shared phone),261QA1903X,Ambulatory Surgery Center,2026-08-19,31,Yes
1790690022,"DEACONESS ILLINOIS SURGERY CENTER MARION, INC",3003 CIVIC CIRCLE BLVD,MARION,IL,62959,618-993-1112,Jason Hinkle,CFO,NO,,Standalone,261QA1903X,Ambulatory Surgery Center,2026-08-19,32,Yes
1710892088,CARING HANDS OF THE UNIVERSE INC,4963 N 49TH ST,MILWAUKEE,WI,53218,414-517-4542,Rikeesha Tidwell,Owner,NO,,Standalone,251E00000X,Home Health,2026-08-19,31,Yes
1578478897,SEEKER OF FAITH PERSONAL CARE LLC,1401 VILLAGE BLVD APT 321,WEST PALM BEACH,FL,33409,561-800-6816,Sue Allicock,CEO,NO,,Standalone,251E00000X,Home Health,2026-08-19,30,Yes
1578479713,TENDER LOVING CARE TENNESSEE INC,545 MAINSTREAM DR STE 105,NASHVILLE,TN,37228,615-931-4121,Christopher Desousa,Partner,NO,,Standalone,251E00000X,Home Health,2026-08-19,31,Yes
1932014214,SERINE DIAGNOSTICS INC.,101 S LINCOLN BLVD,CENTRALIA,IL,62801,872-330-7679,Abdul Mohammed,Owner,NO,,Standalone,291U00000X,Clinical Medical Laboratory,2026-08-19,32,Yes
1285540344,LEGACY CARE COMPANIONS LLC.,618 GRAN PASEO DR,ORLANDO,FL,32825,321-696-3934,Simone Jonas,Owner,NO,,Standalone,251E00000X,Home Health,2026-08-19,30,Yes
1194630426,SOUTHERN ILLINOIS HOSPITAL SERVICES,405 RUSHING DR,HERRIN,IL,62948,618-993-3300,Shannon Hartke,Corporate Director PFS,YES,Southern Illinois Hospital Services,Part of group,291U00000X,Clinical Medical Laboratory,2026-08-19,32,Yes
1033024336,REJUVENATING CARE LLC,2215 JAMESON ST,TEMPLE HILLS,MD,20748,301-740-0039,Gina Crump,owner/director,NO,,Standalone,251E00000X,Home Health,2026-08-19,30,Yes
1518872845,ELITE DIAGNOSTIC SERVICES LLC,1105 OLIVE ST,SAINT LOUIS,MO,63101,314-347-6007,Keturah Wilson,member,NO,,Standalone,291U00000X,Clinical Medical Laboratory,2026-08-19,33,Yes
1962318105,ANGEL TOUCH MEMORY CARE LLC,7765 COTTINGHAM WAY,CITRUS HEIGHTS,CA,95610,916-910-9063,Christina Andreasyan,Licensee,NO,,Group — 2 locations (same owner),310400000X,Assisted Living Facility,2026-08-19,29,Yes
1770499030,AT HEART LLC,9711 WASHINGTONIAN BLVD STE 550,GAITHERSBURG,MD,20878,301-357-2456,Dieudo Fouefack,Owner,NO,,Standalone,251E00000X,Home Health,2026-08-19,30,Yes
1073429288,"ROCKLAND SNF OPERATIONS, LLC",115 NORTH AVE,ROCKLAND,MA,02370,781-878-3308,Brian Ramos,Manager,NO,,Group — 2 locations (same owner),314000000X,Skilled Nursing Facility,2026-08-19,28,Yes
1932014248,SILAS D&A ENTERPRISES LLC,29 N LAFAYETTE AVE,BROWNSVILLE,TN,38012,731-437-9494,Antoinette Silas,"BSN, RN",NO,,Standalone,291U00000X,Clinical Medical Laboratory,2026-08-19,33,Yes
1275448581,ZENITHCARE INC,1655 NE LOOP 286 STE A,PARIS,TX,75460,346-396-1252,Victoria Hayes,Managing Member,NO,,Group — 41 locations (shared phone),261QU0200X,Urgent Care Center,2026-08-19,33,Yes
1649186701,ANGEL LOVE HOME HEALTHCARE,8555 RIVER RD STE 200,INDIANAPOLIS,IN,46240,317-719-0006,Brandi Dawkins,Owner,NO,,Standalone,251E00000X,Home Health,2026-08-19,30,Yes
1285549592,SOUTHERN ILLINOIS HOSPITAL SERVICES,203 BAILEY LN STE 3,BENTON,IL,62812,618-457-5200,Shannon Hartke,Corporate Director PFS,YES,Southern Illinois Hospital Services,Part of group,291U00000X,Clinical Medical Laboratory,2026-08-19,32,Yes
1629983945,HOMETOWN HEALTH SERVICES,10106 112TH ST APT 1R,SOUTH RICHMOND HILL,NY,11419,631-889-9539,Harjinder Baghiana,PRESIDENT,NO,,Standalone,291U00000X,Clinical Medical Laboratory,2026-08-19,33,Yes
1649186891,FALLRIVER HEALTHCARE SERVICES,3024 GRANDY AVE,NORFOLK,VA,23509,243-545-4677,Margaret Kirk,ceo,NO,,Group — 6 locations (same owner),291U00000X,Clinical Medical Laboratory,2026-08-19,33,Yes
1326954686,"BOISE SH, LLC",1093 S HILTON ST,BOISE,ID,83705,208-345-4460,Steven Bae,VP of Ops Support,NO,,Group — 2 locations (same owner),310400000X,Assisted Living Facility,2026-08-19,30,Yes
1033025267,SERENITY HAVEN SENIOR LIVING INC,8725 PATHFINDER CT # 95662,ORANGEVALE,CA,95662,916-796-3621,Christina Andreasyan,Licensee,NO,,Group — 2 locations (same owner),310400000X,Assisted Living Facility,2026-08-19,29,Yes
1093621260,"LABCORP OKLAHOMA, INC.",2434 INTERSTATE PLAZA DR,HAMMOND,IN,46324,800-222-7566,Evan Smith,VP of RCM,NO,,Group — 4 locations (same owner),291U00000X,Clinical Medical Laboratory,2026-08-19,33,Partial
1720994932,"CENTERVILLE SNF OPERATIONS, LLC",120 S MAIN ST,CENTERVILLE,MA,02632,508-778-1835,Brian Ramos,Manager,NO,,Group — 2 locations (same owner),314000000X,Skilled Nursing Facility,2026-08-19,28,Yes
1336054618,IND COMMUNITY HOME CARE,6611 VENTNOR PL,INDIANAPOLIS,IN,46217,317-457-9284,Peng Thang,CEO,NO,,Standalone,251E00000X,Home Health,2026-08-19,30,Yes
1700791019,PULSEPOINT URGENT CARE INC,2675 41ST ST SE,PARIS,TX,75462,346-396-1252,Sophia Reynolds,Managing Member,NO,,Group — 41 locations (shared phone),261QU0200X,Urgent Care Center,2026-08-19,33,Yes
1952217143,MAGNIFICENT MANOR,22831 MADRONA AVE,TORRANCE,CA,90505,310-326-1617,Joseph Sol,LICENSEE,NO,,Group — 2 locations (same owner),310400000X,Assisted Living Facility,2026-08-19,29,Yes
1912813189,SUMMERWIND MANOR INC,3117 W CARSON ST,TORRANCE,CA,90503,310-328-1671,Joseph Sol,ADMINISTRATOR,NO,,Group — 2 locations (same owner),310400000X,Assisted Living Facility,2026-08-19,29,Yes
1942116124,GUIDED BY US HOMECARE,115 W FORRER ST,CINCINNATI,OH,45215,513-810-0400,Destiny Grove,CEO owner,NO,,Standalone,251E00000X,Home Health,2026-08-19,31,Yes
1316853567,DIVINES HEALTHCARE SERVICES,3024 GRANDY AVE,NORFOLK,VA,23509,503-516-0688,Margaret Kirk,ceo,NO,,Group — 6 locations (same owner),291U00000X,Clinical Medical Laboratory,2026-08-19,33,Yes
1326954462,DREAMLAND SENIOR LIVING INC,6657 VARNA AVE,VAN NUYS,CA,91401,818-438-7950,Lianna Martirosyan,CEO,NO,,Standalone,310400000X,Assisted Living Facility,2026-08-19,29,Yes
1194631341,PERITY HEALTHCARE SERVICES,3024 GRANDY AVE,NORFOLK,VA,23509,234-545-6565,Margaret Kirk,ceo,NO,,Group — 6 locations (same owner),291U00000X,Clinical Medical Laboratory,2026-08-19,33,Yes
1962318220,HEART IN HAND INDEPENDENT & ASSISTED LIVING,6520 N RIDGECREST DR,HITCHCOCK,TX,77563,832-281-8160,Treasure Mcknight,Owner,NO,,Standalone,310400000X,Assisted Living Facility,2026-08-19,30,Yes
1457266728,HARMONY COVE HOMES AND WELLNESS LLC,16834 GALENA AVE W,ROSEMOUNT,MN,55068,651-500-7437,Olufemi Oyinkansola,Owner,NO,,Standalone,310400000X,Assisted Living Facility,2026-08-19,30,Yes
1811803935,ROCK POINT HEALTH AND REHAB LLC,111 W 36TH ST,SCOTTSBLUFF,NE,69361,385-498-0194,Wendy Anderson,Corporate Business Officer,NO,,Group — 17 locations (shared phone),314000000X,Skilled Nursing Facility,2026-08-19,28,Yes
1134035421,ARRON CARE HOME INC,777 OIL WELL RD,CORVALLIS,MT,59828,406-961-3458,Rebecca Campbell,Owner,NO,,Standalone,310400000X,Assisted Living Facility,2026-08-19,30,Yes
1902712169,"BROOKPARK HOME HEALTH CARE, INC",245 W LAFAYETTE FRONTAGE RD STE 100,SAINT PAUL,MN,55107,651-646-1661,Jennie Anderson,Manager,NO,,Standalone,251E00000X,Home Health,2026-08-19,30,Yes
1588579890,"BETHANY RETIREMENT HOME, INC.",3005 WATKINS RD,HORSEHEADS,NY,14845,607-739-8711,Michael Kiser,Executive Director,NO,,Standalone,310400000X,Assisted Living Facility,2026-08-19,30,Yes
1184530339,SFA MEDICAL SUPPLIES,3024 GRANDY AVE,NORFOLK,VA,23509,234-777-3472,Margaret Kirk,ceo,NO,,Group — 6 locations (same owner),291U00000X,Clinical Medical Laboratory,2026-08-19,33,Yes
1205742459,RICHMOND HEALTHCARE SERVICES,3024 GRANDY AVE,NORFOLK,VA,23509,433-523-4564,Margaret Kirk,ceo,NO,,Group — 6 locations (same owner),291U00000X,Clinical Medical Laboratory,2026-08-19,33,Yes
1407762511,BLUE RIVER HEALTH AND REHAB LLC,610 224TH,MILFORD,NE,68405,385-498-0194,Wendy Anderson,Corporate Business Officer,NO,,Group — 17 locations (shared phone),314000000X,Skilled Nursing Facility,2026-08-19,28,Yes
1427963784,ANCHORED ARMS HEALTHCARE SERVICES LLC,1245 MAJESTIC AVE,MAPLEWOOD,MN,55109,952-217-0331,Fervent Igbineweka,Chief Executive Officer,NO,,Standalone,251E00000X,Home Health,2026-08-18,31,Yes
1750296257,EVERSTEAD HOME CARE LLC,1500 DISTRICT AVE # 1070,BURLINGTON,MA,01803,978-607-0834,Vineet Kalra,Owner,NO,,Standalone,251E00000X,Home Health,2026-08-18,31,Yes
1336054832,SOUTHWEST KIDNEY DAVITA DIALYSIS PARTNERS LLC,1651 EAST MONUMENT PLAZA CIRCLE,CASA GRANDE,AZ,85122,520-494-3090,Sam Wey,VP Licensure & Certification,NO,,Standalone,261QE0700X,Dialysis / ESRD Treatment Facility,2026-08-18,33,Yes
1639084056,ROXEST LLC,8735 DUNWOODY PL STE R,SANDY SPRINGS,GA,30350,406-309-6462,Roberta Dickinson,Owner,NO,,Group — 84 locations (shared phone),261QU0200X,Urgent Care Center,2026-08-18,34,Yes
1003721663,COSMETIQUE SURGICAL GROUP LLC,10744 WASHINGTON BLVD,CULVER CITY,CA,90232,310-837-5555,Ramin Sarshad,Owner,NO,,Standalone,261QA1903X,Ambulatory Surgery Center,2026-08-18,32,Yes
1528973021,AVENI CARE OF GA LLC,3500 LENOX RD NE # 28,ATLANTA,GA,30326,719-722-4668,Israel Finch,CEO,NO,,Standalone,251E00000X,Home Health,2026-08-18,31,Yes
1407761976,"GREEN PALMS HEALTH & REHAB CENTER OF SHELBY, LLC",225 W MAIN ST,SHELBY,OH,44875,419-347-1266,Binyomin Fried,Owner,NO,,Group — 2 locations (same owner),314000000X,Skilled Nursing Facility,2026-08-18,30,Yes
1952216483,TRUTH HOME CARE PLLC,161 ROBERTSVILLE RD STE C,OAK RIDGE,TN,37830,865-406-0446,Shakia Stewart,Owner,NO,,Standalone,251E00000X,Home Health,2026-08-18,32,Yes
1386559763,JITENDER EXPRESS LLC,627 N YORK ST UNIT 140,ELMHURST,IL,60126,081-823-0244,Ngn Jitender,CEO,NO,,Standalone,261QU0200X,Urgent Care Center,2026-08-18,34,Yes
1043125495,AUTUMN'S FAMILY CARE LLC,3803 WYATTWOOD DR N,WILSON,NC,27896,252-315-1233,Ambra Artis,Owner,NO,,Standalone,251E00000X,Home Health,2026-08-18,31,Yes
1265347876,OZANGAN LLC,5441 S MACADAM AVE STE A,PORTLAND,OR,97239,406-309-6462,Vernon Smith,Owner,NO,,Group — 84 locations (shared phone),291U00000X,Clinical Medical Laboratory,2026-08-18,34,Yes
1760397244,"GREEN PALMS HEALTH & REHAB CENTER OF WINTERSVILLE, LLC",135 REICHART AVE,WINTERSVILLE,OH,43953,740-264-1155,Binyomin Fried,Owner,NO,,Group — 2 locations (same owner),314000000X,Skilled Nursing Facility,2026-08-18,30,Yes
1568377950,DESTINEE'S CLEANING LLC DBA DESTINEE'S COMPASSIONATE CLEANING,507 CURTIS ST NE,GRAND RAPIDS,MI,49505,616-635-7422,Destinee Jackson,ceo,NO,,Standalone,251E00000X,Home Health,2026-08-18,31,Yes
1467367714,AMBERCARING LLC,5290 SHAWNEE RD,ALEXANDRIA,VA,22312,888-487-9295,Mustaf Nurie,Owner,NO,,Standalone,251E00000X,Home Health,2026-08-18,32,Yes
1356256796,MAGNOLIA CLHF LLC,6019 MAGNOLIA AVE,RIALTO,CA,92377,909-572-1905,David Liu,Co-owner,NO,,Standalone,314000000X,Skilled Nursing Facility,2026-08-18,29,Yes
1316852932,LUMETIX LLC,8 THE GRN STE B,DOVER,DE,19901,406-309-6462,Julia Boone,Owner,NO,,Group — 84 locations (shared phone),261QU0200X,Urgent Care Center,2026-08-18,34,Yes
1497660922,LOVE JONES CARE LLC,17940 FARMINGTON RD,LIVONIA,MI,48152,313-410-4933,Laquishai Jones,owner,NO,,Standalone,251E00000X,Home Health,2026-08-18,31,Yes
1518872084,MARCELLA CANBY LLC,2521 R ST,LINCOLN,NE,68503,402-601-0397,Marcella Canby,Managing member,NO,,Standalone,251E00000X,Home Health,2026-08-18,31,Yes
1053226308,BELL ROSE HOME CARE LLC,7655 GLADSTONE RD,WINDSOR MILL,MD,21244,917-415-0708,Rosemarie Crossfield,Owner,NO,,Standalone,251E00000X,Home Health,2026-08-18,31,Yes
1629983960,FHJ MANOR LLC,9817 ALONDRA DR,BAKERSFIELD,CA,93311,661-563-0683,Jethronel Lazaga,Administrator,YES,Fhj Manor Llc,Part of group,310400000X,Assisted Living Facility,2026-08-18,30,Yes
1255246732,ALLCARE MEDICAL SERVICES,10106 112TH ST APT 1R,SOUTH RICHMOND HILL,NY,11419,470-797-6566,Satbir Singh,PRESIDENT,NO,,Group — 3 locations (shared phone),261QU0200X,Urgent Care Center,2026-08-18,34,Yes
1396650917,MOTILIN LLC,4539 N 22ND ST # 6485,PHOENIX,AZ,85016,406-309-6462,Vlad Avram,Owner,NO,,Group — 84 locations (shared phone),261QU0200X,Urgent Care Center,2026-08-18,34,Yes
1225943798,AMERICAN SURGICAL CENTERS - TROY,244 W MAPLE RD,TROY,MI,48084,248-781-4490,Biljana Trujillo,President & CEO,NO,,Standalone,261QA1903X,Ambulatory Surgery Center,2026-08-18,33,Yes
1265347728,GUIDED BY FAITH SUPPORTS LLC,300 RINGGOLD INDUSTRIAL PKWY STE 112,DANVILLE,VA,24540,434-713-6203,Shumeka Stanfield,Owner,NO,,Standalone,251E00000X,Home Health,2026-08-18,32,Yes
1033024633,JC HEALTHCARE LLC,100 FRANKLIN SQUARE DR,SOMERSET,NJ,08873,347-576-6957,Jean Jacques Charles,Owner/ Managing member,NO,,Standalone,251E00000X,Home Health,2026-08-18,32,Yes
1578478061,HELPERS TOUCH HOME CARE AGENCY LLC,2207 WINGFOOT PL,DECATUR,GA,30035,770-568-3225,Olufunmito Aina-Adekunle,owner,NO,,Standalone,251E00000X,Home Health,2026-08-18,31,Yes
1912812397,COMPASSIONATE CARE AFC LLC,20095 PATTON ST,DETROIT,MI,48219,313-955-9791,Raquel Chappell,Owner,NO,,Standalone,310400000X,Assisted Living Facility,2026-08-18,31,Yes
1669387924,RADIANCE HEALTH CARE LLC,3531 COHANSEY ST,SHOREVIEW,MN,55126,612-441-1926,Aneneg Seino,Owner/DON,NO,,Standalone,251E00000X,Home Health,2026-08-18,31,Yes
1235044843,AAA IN HOME CARE LLC,62825 NE CRANBROOK PL,BEND,OR,97701,541-362-1369,Parker Randels,Administrator,NO,,Standalone,251E00000X,Home Health,2026-08-18,32,Yes
1750296372,"TAMPA BAY ASSISTED LIVING, LLC (DBA SERENITY POINTE)",38906 NORTH AVE,ZEPHYRHILLS,FL,33542,813-937-6543,Omni Casey,Manager,NO,,Standalone,310400000X,Assisted Living Facility,2026-08-18,31,Yes
1063327609,KINDER CARE FAMILY HOME CARE LLC,101 SPENCER ST,PLYMOUTH,NC,27962,252-217-6498,Carla Brown,owner/administrator,NO,,Standalone,310400000X,Assisted Living Facility,2026-08-18,31,Yes
1447165972,ST. LUKE'S NORTHERN LIGHTS VILLA LLC,608 MCANDERS ST SW,CROSBY,ND,58730,701-965-6384,Megan Ganskop,CFO,YES,St. Luke'S Hospital,Part of group: St. Luke'S Hospital,310400000X,Assisted Living Facility,2026-08-18,31,Yes
1891600417,OZANGAN LLC,5441 S MACADAM AVE STE A,PORTLAND,OR,97239,406-309-6462,Vernon Smith,Owner,NO,,Group — 84 locations (shared phone),261QU0200X,Urgent Care Center,2026-08-18,34,Yes
1972418598,LUMETIX LLC,8 THE GRN STE B,DOVER,DE,19901,406-309-6462,Julia Boone,Owner,NO,,Group — 84 locations (shared phone),291U00000X,Clinical Medical Laboratory,2026-08-18,33,Yes
1750296117,NEW AGE LABORATORY SERVICES INC,7540 BALBOA BLVD STE 12,VAN NUYS,CA,91406,915-465-5544,Matevos Khacheryan,OWNER/CEO,NO,,Standalone,291U00000X,Clinical Medical Laboratory,2026-08-18,33,Yes
1700791324,ROXEST LLC,8735 DUNWOODY PL STE R,SANDY SPRINGS,GA,30350,406-309-6462,Roberta Dickinson,Owner,NO,,Group — 84 locations (shared phone),291U00000X,Clinical Medical Laboratory,2026-08-18,33,Yes
1306751920,MOTILIN LLC,4539 N 22ND ST # 6485,PHOENIX,AZ,85016,406-309-6462,Vlad Avram,Owner,NO,,Group — 84 locations (shared phone),291U00000X,Clinical Medical Laboratory,2026-08-18,33,Yes
1972418556,GOLDENHEALTH CARE SOLUTIONS,1219 HURON RD,NORTH BRUNSWICK,NJ,08902,973-289-5189,Joshua Oderanti,Co owner/DON,NO,,Standalone,251E00000X,Home Health,2026-08-17,33,Yes
1457266140,EDWARD HOSPITAL,801 S WASHINGTON ST,NAPERVILLE,IL,60540,630-527-3000,Shaun Walder,System VP PFS,NO,,Group — 2 locations (shared phone),291U00000X,Clinical Medical Laboratory,2026-08-17,34,Yes
1578478152,AVENTRA EQUIPMENT SUPPLY LLC,1314 W MCDERMOTT DR STE 106-128,ALLEN,TX,75013,979-365-3968,Deborah Sadie Holeman,Owner,NO,,Standalone,261QU0200X,Urgent Care Center,2026-08-17,35,Yes
1265347025,ELMHURST MEMORIAL HOSPITAL,155 E BRUSH HILL RD,ELMHURST,IL,60126,331-221-1000,Shaun Walder,System VP PFS,NO,,Group — 8 locations (same owner),291U00000X,Clinical Medical Laboratory,2026-08-17,34,Yes
1255246013,VORESK LLC,971 US HIGHWAY 202 N STE N,BRANCHBURG,NJ,08876,406-309-6462,David Kuzma,Owner,NO,,Group — 84 locations (shared phone),261QU0200X,Urgent Care Center,2026-08-17,35,Yes
1861307555,EDWARD HOSPITAL,24600 W 127TH ST,PLAINFIELD,IL,60585,630-527-3000,Shaun Walder,System VP PFS,NO,,Group — 2 locations (shared phone),291U00000X,Clinical Medical Laboratory,2026-08-17,34,Yes
1003721911,GREATER BOSTON GASTROENTEROLOGY,492 OLD CONNECTICUT PATH STE 200,FRAMINGHAM,MA,01701,601-214-5172,Andres Mogollon,Medical Director,YES,Greater Boston Gastroenterology,Part of group,261QA1903X,Ambulatory Surgery Center,2026-08-17,34,Yes
1437064284,EXOVIAN INC,8401 MAYLAND DR # 11354,RICHMOND,VA,23294,406-309-6462,Henok Yazie,Owner,NO,,Group — 84 locations (shared phone),291U00000X,Clinical Medical Laboratory,2026-08-17,35,Yes
1306751037,ATIYA ESSENTIALS,310 S CLARK RD STE D,DUNCANVILLE,TX,75116,469-513-2700,Karima Hakim,Owner,NO,,Standalone,261QU0200X,Urgent Care Center,2026-08-17,35,Yes
1982519708,ENDEAVOR HEALTH CLINICAL OPERATIONS,2650 RIDGE AVE,EVANSTON,IL,60201,847-570-2000,Shaun Walder,System VP PFS,NO,,Group — 8 locations (same owner),291U00000X,Clinical Medical Laboratory,2026-08-17,34,Yes
1144135864,HEALING HOUSE HOME HEALTHCARE LLC,223 E CITY HALL AVE STE 367,NORFOLK,VA,23510,948-229-8197,Khadijah Bilal,Owner,NO,,Standalone,251E00000X,Home Health,2026-08-17,33,Yes
1275448003,ENDEAVOR HEALTH CLINICAL OPERATIONS,2100 PFINGSTEN RD,GLENVIEW,IL,60026,847-657-5800,Shaun Walder,System VP PFS,NO,,Group — 8 locations (same owner),291U00000X,Clinical Medical Laboratory,2026-08-17,34,Yes
1487569133,ESTELA HOME CARE,1 NITEL CT,ELK GROVE,CA,95758,408-329-8282,Mulu Rufsael,Administrator,NO,,Standalone,310400000X,Assisted Living Facility,2026-08-17,31,Yes
1215842174,ALYPHYR INC,8401 MAYLAND DR # 11311,RICHMOND,VA,23294,406-309-6462,Willie Strickland,Owner,NO,,Group — 84 locations (shared phone),291U00000X,Clinical Medical Laboratory,2026-08-17,35,Yes
1184539876,3H SOLUTIONS LLC,19341 HARLOW ST,DETROIT,MI,48235,313-687-6230,Ashley Preston,owner,NO,,Standalone,251E00000X,Home Health,2026-08-17,32,Yes
1467367292,VIREDTXON INC,8401 MAYLAND DR # 11335,RICHMOND,VA,23294,406-309-6462,Marc Decrescenzo,Owner,NO,,Group — 84 locations (shared phone),291U00000X,Clinical Medical Laboratory,2026-08-17,35,Yes
1710892690,ELYNYX LLC,110 MAIN ST,BECKLEY,WV,25801,406-309-6462,Mir Wasifuddin Khan,Owner,NO,,Group — 84 locations (shared phone),291U00000X,Clinical Medical Laboratory,2026-08-17,35,Yes
1386559961,UPPAL SONS GENERAL TRADING LLC,1527 STAR STELLA DR,ODENTON,MD,21113,213-597-1913,Muhammad A Nazir,Owner,NO,,Group — 2 locations (shared phone),261QU0200X,Urgent Care Center,2026-08-17,35,Yes
1902711864,CORTHYS LLC,901 N STATE ST # 4142,JACKSON,MS,39202,406-309-6462,Vonita White,Owner,NO,,Group — 84 locations (shared phone),261QU0200X,Urgent Care Center,2026-08-17,35,Yes
1235044124,KLYVORA LLC,901 N STATE ST # 4161,JACKSON,MS,39202,406-309-6462,Raheek Ahmed,Owner,NO,,Group — 84 locations (shared phone),261QU0200X,Urgent Care Center,2026-08-17,35,Yes
1588579320,MORVANTA LLC,901 N STATE ST # 4161,JACKSON,MS,39202,406-309-6462,Chanel Pierre,Owner,NO,,Group — 84 locations (shared phone),261QU0200X,Urgent Care Center,2026-08-17,35,Yes
1063327948,ELYNYX LLC,110 MAIN ST,BECKLEY,WV,25801,406-309-6462,Mir Wasifuddin Khan,Owner,NO,,Group — 84 locations (shared phone),261QU0200X,Urgent Care Center,2026-08-17,36,Yes
1043125909,NEXTRIX LLC,901 N STATE ST # 4154,JACKSON,MS,39202,406-309-6462,Caryn Santiago,Owner,NO,,Group — 84 locations (shared phone),261QU0200X,Urgent Care Center,2026-08-17,35,Yes
1538074364,SACRED FAMILY CARE LLC,2866 WALNUT HILL ST,PHILADELPHIA,PA,19152,215-600-0140,Amanda Wajda,Administrator,NO,,Standalone,251E00000X,Home Health,2026-08-17,33,Partial
1225943103,TRIVOXA LLC,1500 N GRANT ST,DENVER,CO,80203,406-309-6462,Traeon Blakley,Owner,NO,,Group — 84 locations (shared phone),291U00000X,Clinical Medical Laboratory,2026-08-17,34,Yes
1801701636,VIREDTXON INC,8401 MAYLAND DR # 11335,RICHMOND,VA,23294,406-309-6462,Marc Decrescenzo,Owner,NO,,Group — 84 locations (shared phone),261QU0200X,Urgent Care Center,2026-08-17,36,Yes
1376458018,HEALTH & WELLNESS USA LLC,15715 S DIXIE HWY STE 412,MIAMI,FL,33157,786-536-0469,Adrian Amador Marrero,"Owner, Administrator",NO,,Standalone,251E00000X,Home Health,2026-08-17,32,Partial
1205741055,EXOVIAN INC,8401 MAYLAND DR # 11354,RICHMOND,VA,23294,406-309-6462,Henok Yazie,Owner,NO,,Group — 84 locations (shared phone),261QU0200X,Urgent Care Center,2026-08-17,36,Yes
1104731090,ROCK POINT ASSISTED LIVING LLC,111 W 36TH ST,SCOTTSBLUFF,NE,69361,385-498-0194,Wendy Anderson,Corporate Business Officer,NO,,Group — 17 locations (shared phone),310400000X,Assisted Living Facility,2026-08-17,32,Yes
1124933098,APPOLIC LLC,221 MAIN ST STE A,NASHUA,NH,03060,406-309-6462,Nadine Rudis,Owner,NO,,Group — 84 locations (shared phone),261QU0200X,Urgent Care Center,2026-08-17,35,Yes
1639084528,TRIVOXA LLC,1500 N GRANT ST # 11466,DENVER,CO,80203,406-309-6462,Traeon Blakley,Owner,NO,,Group — 84 locations (shared phone),261QU0200X,Urgent Care Center,2026-08-17,35,Yes
1225943061,ENDEAVOR HEALTH CLINICAL OPERATIONS,777 PARK AVE W,HIGHLAND PARK,IL,60035,847-432-8000,Shaun Walder,System VP PFS,NO,,Group — 8 locations (same owner),291U00000X,Clinical Medical Laboratory,2026-08-17,34,Yes
1750296612,ALYPHYR INC,8401 MAYLAND DR # 11311,RICHMOND,VA,23294,406-309-6462,Willie Strickland,Owner,NO,,Group — 84 locations (shared phone),261QU0200X,Urgent Care Center,2026-08-17,36,Yes
1376458372,EASYLIFE SUPPLY LLC,1659 W 4TH ST # 2F,BROOKLYN,NY,11223,332-786-3731,Thomas Ebert,Founder,NO,,Standalone,291U00000X,Clinical Medical Laboratory,2026-08-17,35,Yes
1346155181,ENDEAVOR HEALTH CLINICAL OPERATIONS,9600 GROSS POINT RD,SKOKIE,IL,60076,847-677-9600,Shaun Walder,System VP PFS,NO,,Group — 8 locations (same owner),291U00000X,Clinical Medical Laboratory,2026-08-17,34,Yes
1487569356,CORMIR LLC,700 NARRAGANSETT PARK DR STE 100,PAWTUCKET,RI,02861,406-309-6462,Betty Jones,Owner,NO,,Group — 84 locations (shared phone),291U00000X,Clinical Medical Laboratory,2026-08-17,35,Yes
1801701628,"KAY'S PRAYING HANDS, LLC",3435 BODELVA LN,INDIANAPOLIS,IN,46228,317-721-1448,Tameka French,CEO,NO,,Standalone,251E00000X,Home Health,2026-08-17,32,Yes
1659286391,QUEST DIAGNOSTICS CLINICAL LABORATORIES INC,804 ENGLISH RD STE 200,ROCKY MOUNT,NC,27804,252-382-3780,Leah Timmerman,Vice President,YES,Quest Diagnostics Incorporated,Part of group: Quest Diagnostics Incorporated,291U00000X,Clinical Medical Laboratory,2026-08-17,35,Yes
1730094608,CORMIR LLC,700 NARRAGANSETT PARK DR STE 100,PAWTUCKET,RI,02861,406-309-6462,Betty Jones,Owner,NO,,Group — 84 locations (shared phone),261QU0200X,Urgent Care Center,2026-08-17,35,Yes
1063327922,NEXTRIX LLC,901 N STATE ST # 4154,JACKSON,MS,39202,406-309-6462,Caryn Santiago,Owner,NO,,Group — 84 locations (shared phone),291U00000X,Clinical Medical Laboratory,2026-08-17,35,Yes
1730094582,VORESK LLC,971 US HIGHWAY 202 N STE N,BRANCHBURG,NJ,08876,406-309-6462,David Kuzma,Owner,NO,,Group — 84 locations (shared phone),291U00000X,Clinical Medical Laboratory,2026-08-17,35,Yes
1073428819,MORVANTA LLC,901 N STATE ST # 4161,JACKSON,MS,39202,406-309-6462,Chanel Pierre,Owner,NO,,Group — 84 locations (shared phone),291U00000X,Clinical Medical Laboratory,2026-08-17,35,Yes
1669387338,BELLA VIDA CARE GROUP LLC,1311 SW EMBERS TER,CAPE CORAL,FL,33991,239-406-0473,Daimi Beltran,Owner,NO,,Standalone,310400000X,Assisted Living Facility,2026-08-17,31,Yes
1023923794,"QUAIL CREST REDDING 1, LLC",101 QUARTZ HILL RD,REDDING,CA,96003,541-414-6010,Shiloh Wood,CAO,NO,,Group — 2 locations (shared phone),310400000X,Assisted Living Facility,2026-08-17,31,Yes
1710892609,ABILITY HOUSE LLC,7575 S QUANTOCK CT,AURORA,CO,80016,720-277-1368,Julie Waring,Owner,NO,,Standalone,251E00000X,Home Health,2026-08-17,32,Yes
1982519872,KLYVORA LLC,901 N STATE ST # 4161,JACKSON,MS,39202,406-309-6462,Raheek Ahmed,Owner,NO,,Group — 84 locations (shared phone),291U00000X,Clinical Medical Laboratory,2026-08-17,35,Yes
1376458216,LEVELUP ASSISTED LIVING LLC,3667 BROADMOOR BLVD,SAN BERNARDINO,CA,92404,909-882-2723,Grace Yang,Managing Member,NO,,Standalone,310400000X,Assisted Living Facility,2026-08-17,31,Yes
1902711872,APPOLIC LLC,221 MAIN ST STE A,NASHUA,NH,03060,406-309-6462,Nadine Rudis,Owner,NO,,Group — 84 locations (shared phone),291U00000X,Clinical Medical Laboratory,2026-08-17,35,Yes
1073428744,"QUAIL CREST REDDING 2, LLC",1520 COLLYER DR,REDDING,CA,96003,541-414-6010,Shiloh Wood,CAO,NO,,Group — 2 locations (shared phone),310400000X,Assisted Living Facility,2026-08-17,31,Yes
1144135815,FRANCIS MANOR LLC,1387 W FRANCIS ST,ONTARIO,CA,91762,909-335-1818,Eleanor Posner,Administrator,NO,,Standalone,314000000X,Skilled Nursing Facility,2026-08-17,30,Yes
1659286516,CORTHYS LLC,901 N STATE ST # 4142,JACKSON,MS,39202,406-309-6462,Vonita White,Owner,NO,,Group — 84 locations (shared phone),291U00000X,Clinical Medical Laboratory,2026-08-17,35,Yes
1962317784,SWEDISH COVENANT HEALTH,5145 N CALIFORNIA AVE,CHICAGO,IL,60625,773-878-8200,Shaun Walder,System VP PFS,NO,,Group — 8 locations (same owner),291U00000X,Clinical Medical Laboratory,2026-08-17,34,Yes
1790690741,PALMETTO SENIOR CARE AT HOME LLC,1303 ELMWOOD AVE,COLUMBIA,SC,29201,803-467-4770,Charity Stewart,Owner,NO,,Standalone,251E00000X,Home Health,2026-08-15,35,Yes
1306751375,"SUSSEX PAIN SURGERY CENTER, LLC",17637 SHADY RD STE 105,LEWES,DE,19958,302-313-1725,Manonmani Antony,Owner,NO,,Standalone,261QA1903X,Ambulatory Surgery Center,2026-08-15,35,Yes
1467367441,GRACE HOME NURSING CARE PROVIDER LLC,655 KILLINGLY ST,JOHNSTON,RI,02919,401-472-9853,Yohanny Mercedes,Administrator,NO,,Standalone,251E00000X,Home Health,2026-08-15,35,Yes
1457266520,GRAVPHYR LLC,1500 N GRANT ST # 1441,DENVER,CO,80203,406-309-6462,Annie Moore,Owner,NO,,Group — 84 locations (shared phone),261QU0200X,Urgent Care Center,2026-08-14,38,Yes
1891600953,GORRYN LLC,221 MAIN ST STE N,NASHUA,NH,03060,406-309-6462,Michael Johnston,Owner,NO,,Group — 84 locations (shared phone),261QU0200X,Urgent Care Center,2026-08-14,38,Yes
1174438295,ALIGNED HEALTHCARE LLC,914 E 224TH ST,EUCLID,OH,44123,216-624-6573,Linda Ware,owner,NO,,Standalone,251E00000X,Home Health,2026-08-14,36,Yes
1245145457,MINNESOTA BEST HEALTHCARE LLC,115 E LAKE ST STE B01,MINNEAPOLIS,MN,55408,,,,,,Standalone,251E00000X,Home Health,2026-08-14,35,Yes
1568377620,GORRYN LLC,221 MAIN ST STE N,NASHUA,NH,03060,406-309-6462,Michael Johnston,Owner,NO,,Group — 84 locations (shared phone),291U00000X,Clinical Medical Laboratory,2026-08-14,38,Yes
1326953332,1ST FRUITS ADVANCED CARE INC,7710 CARONDELET AVE STE 505,CLAYTON,MO,63105,557-214-9190,Alisia Greer,Manager,NO,,Standalone,251E00000X,Home Health,2026-08-14,35,Yes
1538074745,"PEACE OF MIND HOME HEALTHCARE,LLC",1375 VISTA VALLEY DR.,DIAMOND BAR,CA,91709,562-719-5931,Kamasha Tanner,General Manager,NO,,Standalone,251E00000X,Home Health,2026-08-14,35,Yes
1568377661,ASAP SURGERY CENTERS AVONDALE LLC,1695 N 95TH LN,PHOENIX,AZ,85037,480-573-0130,Marina Darlington,VP of Clinical and Nursing Ops,NO,,Standalone,261QA1903X,Ambulatory Surgery Center,2026-08-14,36,Yes
1932014966,BELLEVIEW ALF LLC,10155 SE 110TH STREET RD,BELLEVIEW,FL,34420,352-687-8001,Nicole Gedeon,Administrator,NO,,Standalone,310400000X,Assisted Living Facility,2026-08-14,34,Yes
1013822238,"PRII SL PARAMUS OPCO, LLC",396 FOREST AVENUE,PARAMUS,NJ,07652,,,,,,Standalone,310400000X,Assisted Living Facility,2026-08-14,35,Yes
1043125180,"NAPLES AL OPCO, LLC",7801 AIRPORT PULLING RD N,NAPLES,FL,34109,954-544-1953,Kenneth Soloway,Founder,NO,,Standalone,310400000X,Assisted Living Facility,2026-08-14,34,Yes
1962317909,AGAPE HOME NURSING CARE LLC,1370 CRANSTON ST,CRANSTON,RI,02920,401-591-7865,Mariluz Mercedes,Administrator,NO,,Standalone,251E00000X,Home Health,2026-08-14,36,Yes
1053226118,ELMORAY LLC,200 S 21ST ST STE 400A,LINCOLN,NE,68510,406-309-6462,Breanna Nichols,Owner,NO,,Group — 84 locations (shared phone),291U00000X,Clinical Medical Laboratory,2026-08-14,38,Yes
1457266595,GALAXY LABS SERVICES LLC,7901 4TH ST N STE 300,SAINT PETERSBURG,FL,33702,917-454-3337,Joseph Ellyson,Owner,NO,,Standalone,291U00000X,Clinical Medical Laboratory,2026-08-14,37,Yes
1962317099,PERRYSBURG ASSISTED LIVING LLC,10542 FREMONT PIKE,PERRYSBURG,OH,43551,419-874-1931,Paul Pruitt,CEO,NO,,Standalone,310400000X,Assisted Living Facility,2026-08-14,35,Yes
1386559458,GRAVPHYR LLC,1500 N GRANT ST # 1441,DENVER,CO,80203,406-309-6462,Annie Moore,Owner,NO,,Group — 84 locations (shared phone),291U00000X,Clinical Medical Laboratory,2026-08-14,37,Yes
1144135203,MURRAY DRIVE SNF OPCO LLC,1101 W MURRAY DR,FARMINGTON,NM,87401,,,,,,Standalone,314000000X,Skilled Nursing Facility,2026-08-14,33,Yes
1831004993,ELMORAY LLC,200 S 21ST ST STE 400A,LINCOLN,NE,68510,406-309-6462,Breanna Nichols,Owner,NO,,Group — 84 locations (shared phone),261QU0200X,Urgent Care Center,2026-08-14,38,Yes
1093620197,ORTHO STAT LLC,400 N EASTERN AVE,MOORE,OK,73160,405-237-3326,Lesley Henthorn,Credentialing,NO,,Standalone,261QU0200X,Urgent Care Center,2026-08-14,38,Yes
1982519013,PRICELESS PROVIDERS LLC,725 S MADISON ST,QUINCY,FL,32351,850-694-6364,Sierra Price Moore,Owner,NO,,Standalone,251E00000X,Home Health,2026-08-14,35,Yes
1265347272,HEAVENZHOMECARELLC,11751 PATTON ST,DETROIT,MI,48228,313-484-7126,Heaven Tolton,owner,NO,,Standalone,251E00000X,Home Health,2026-08-14,35,Yes
1992610018,H & M PERSONAL HOMECARE,3300 GATEWAY CENTRE BLVD,MORRISVILLE,NC,27560,919-213-1556,Bintu Sherif,Administrator,NO,,Standalone,251E00000X,Home Health,2026-08-14,35,Yes
1144135245,"INTEGRITY PDN, LLC",65 3RD ST NW STE 206,WINTER HAVEN,FL,33881,863-360-3360,Ikea Wadsworth,Owner/Managing Member,NO,,Standalone,251E00000X,Home Health,2026-08-14,35,Yes
1083529242,"PRII SL WEST END OPCO, LLC",285 N. WASHINGTON ST,ROCKVILLE,MD,20850,301-284-7214,Brian Engle,Authorized Signatory,NO,,Group — 4 locations (same owner),310400000X,Assisted Living Facility,2026-08-14,35,Yes
1699680835,PILAR HEALTHCARE LLC,24 J BAR 4 RD,PECOS,NM,87552,505-660-9760,Sabrina Varela,Administrator,NO,,Standalone,251E00000X,Home Health,2026-08-14,36,Yes
1720993850,CARDINAL HEALTHCARE MANAGEMENT CORPORATION,23393 MINERVA DR,BRAMBLETON,VA,20148,703-869-8429,Bryan Cheng,Owner and CEO,NO,,Standalone,251E00000X,Home Health,2026-08-14,36,Yes
1578478673,COMPREHENSIVE URGENT CARE,1900 N NELLIS BLVD,LAS VEGAS,NV,89115,702-880-4193,Godwin Maduka,Owner,NO,,Standalone,261QU0200X,Urgent Care Center,2026-08-14,38,Yes
1316852437,DDAVILAS LEGACY OF HOPE,13820 EXETER CT,HAGERSTOWN,MD,21742,240-291-9465,Dayssy Davila,Owner / Founder/LAF,NO,,Standalone,310400000X,Assisted Living Facility,2026-08-14,35,Yes
1629983630,COLUMBIA MEADOWS ASSISTED LIVING INC,10210 GUILFORD RD,JESSUP,MD,20794,240-459-2088,Kevin Xu,Owner,NO,,Standalone,310400000X,Assisted Living Facility,2026-08-14,35,Yes
1083529184,STRATAGEM DIAGNOSTIC LABORATORY,350 WESTPARK WAY STE 109,EULESS,TX,76040,817-716-8342,Sharon Rushing,OWNER/CEO,NO,,Standalone,291U00000X,Clinical Medical Laboratory,2026-08-14,38,Yes
1346155371,TEXMED SUPPLIES INC,6726 DE MOSS DR APT 120,HOUSTON,TX,77074,737-294-5868,Mansoor Zahid Hussain,MANAGER,NO,,Group — 2 locations (shared phone),291U00000X,Clinical Medical Laboratory,2026-08-14,38,Yes
1407761596,"NORTHERN ALABAMA HOMECARE, LLC",901 HEROES DR,SCOTTSBORO,AL,35768,256-259-4840,Joshua Proffitt,President,NO,,Group — 2 locations (same owner),251E00000X,Home Health,2026-08-14,35,Yes
1609781632,VELLA MEDICAL SUPPLIES INC,7506 CLAREWOOD DR APT 239,HOUSTON,TX,77036,737-294-5868,Mansoor Zahid Hussain,MANAGER,NO,,Group — 2 locations (shared phone),291U00000X,Clinical Medical Laboratory,2026-08-14,38,Yes
1972418044,SHALDOR LLC,5441 S MACADAM AVE STE N,PORTLAND,OR,97239,406-309-6462,Charles Jennings,Owner,NO,,Group — 84 locations (shared phone),291U00000X,Clinical Medical Laboratory,2026-08-14,38,Yes
1306751326,RUTH & PEARL INC.,1055 W 81ST PL,LOS ANGELES,CA,90044,213-984-0301,Valerie Howard,Administrator,NO,,Standalone,310400000X,Assisted Living Facility,2026-08-14,34,Yes
1619882735,ABLEHEART HOME HEALTH CARE LLC,4010 MIDDLETON LOOP APT 303,DUMFRIES,VA,22025,571-709-8638,Esi Quainoo,owner,NO,,Standalone,251E00000X,Home Health,2026-08-14,36,Yes
1457266611,"PRII SL GREAT FALLS OPCO, LLC",10200 COLVIN RUN RD,GREAT FALLS,VA,22066,703-759-2513,Brian Engle,Executive Director,NO,,Group — 4 locations (same owner),310400000X,Assisted Living Facility,2026-08-14,35,Yes
1821903857,"TITAN PARKVIEW HOLDINGS, LLC",1801 WICKER ST,SANFORD,NC,27330,919-774-4322,Kevin Kaseff,Manager,NO,,Group — 2 locations (same owner),310400000X,Assisted Living Facility,2026-08-14,35,Yes
1528973609,ELEVATEDCAREHEARTSERVICES,18940 WESTPHALIA ST,DETROIT,MI,48205,313-585-9381,Cortnee Mitchell,owner,NO,,Standalone,251E00000X,Home Health,2026-08-14,35,Yes
1992610067,USA HEALTH URGENT CARE LLC,5100 RANGELINE SERVICE RD N,MOBILE,AL,36619,251-633-0123,Kristen Roberts,VP of Finance,NO,,Standalone,261QU0200X,Urgent Care Center,2026-08-14,38,Yes
1295640209,BATON ROUGE LABS,9542 BROOKLINE AVE STE A,BATON ROUGE,LA,70809,225-242-9654,Jessica Shropshire,Director,NO,,Standalone,291U00000X,Clinical Medical Laboratory,2026-08-14,38,Yes
1851206924,SHALDOR LLC,5441 S MACADAM AVE STE N,PORTLAND,OR,97239,406-309-6462,Charles Jennings,Owner,NO,,Group — 84 locations (shared phone),261QU0200X,Urgent Care Center,2026-08-14,38,Yes
1598670648,"NAPLES SNF OPCO, LLC",7801 AIRPORT PULLING RD N,NAPLES,FL,34109,954-600-6333,Ricki Kaneti,Founder,NO,,Standalone,314000000X,Skilled Nursing Facility,2026-08-14,33,Yes
1043125214,PODARIS GROUP LLC,6301 NW 5TH WAY STE 1410A,FORT LAUDERDALE,FL,33309,888-551-7713,Aubrey Chisum,SVP of Operations,NO,,Standalone,251E00000X,Home Health,2026-08-14,35,Yes
1134044381,FULL EMBRACE HOME CARE LLC,6433 E WASHINGTON ST STE 105,INDIANAPOLIS,IN,46219,317-590-3363,Eric Randolph,Owner,NO,,Standalone,251E00000X,Home Health,2026-08-13,36,Yes
1801711205,BOBBIE'S HELPING HANDS HOME CARE,10195 E BOYER RD,CARSON CITY,MI,48811,989-436-3700,Bobbie Leija,Owner,NO,,Standalone,251E00000X,Home Health,2026-08-13,36,Yes
1942125364,VERY CARING HANDS HOME CARE LLC,1257 SW MANCUSO AVE,PORT SAINT LUCIE,FL,34953,786-223-5811,Alexandra Cabrera Echevarria,OWNER,NO,,Standalone,251E00000X,Home Health,2026-08-13,36,Yes
1659296812,HOPE IS HERE HOME HEALTH SOLUTIONS,849 FAIRMOUNT AVE STE 200,TOWSON,MD,21286,410-938-0094,Rajeeyah Curtis,Owner,NO,,Standalone,251E00000X,Home Health,2026-08-13,36,Yes
1881519130,"REVION HEALTH GROUP, LLC",5724 GREEN ST FL 2,BROWNSBURG,IN,46112,317-460-4423,Olatunde Sadik,Chief Executive Officer,NO,,Standalone,251E00000X,Home Health,2026-08-13,36,Yes
1649195900,"HOME HELPERS HOME CARE OF NORTH CENTER, IL",3447 W FOSTER AVE STE B,CHICAGO,IL,60625,847-323-7856,Robin O'Grady,President,NO,,Standalone,251E00000X,Home Health,2026-08-13,36,Yes
1053236398,PURPOSE DRIVEN SERVICES LLC,3725 BONN BLVD,INDIANAPOLIS,IN,46228,317-457-6479,Shyanna Pettis,Ceo,NO,,Standalone,251E00000X,Home Health,2026-08-13,36,Yes
1427973858,"INCEPT BEHAVIORAL HEALTH CARE, LLC",2302 PARKLAKE DR NE STE 585,ATLANTA,GA,30345,678-733-4464,Odionikhere Agbi,CEO,NO,,Standalone,251E00000X,Home Health,2026-08-13,36,Yes
1225953565,ELEVATE HOME CARE MI LLC,28588 NORTHWESTERN HWY STE 290,SOUTHFIELD,MI,48034,248-520-5412,Tristan Karim,CEO,NO,,Standalone,251E00000X,Home Health,2026-08-13,36,Yes
1760307029,GOLDEN SUNRISE HEALTHCARE LLC,1026 DALBY WAY,AUSTELL,GA,30106,770-369-4707,Carla Coleman,Owner,NO,,Standalone,251E00000X,Home Health,2026-08-13,36,Yes
1619892809,MEADOW CITY ASSISTED LIVING LLC,813 4TH ST,LAS VEGAS,NM,87701,505-429-9492,Fabian Montano,Owner,NO,,Standalone,310400000X,Assisted Living Facility,2026-08-13,36,Yes
1174448435,PRIORITY HEALTH URGENT CARE LLC,56 JESSE HILL JR DR SE,ATLANTA,GA,30303,346-396-1252,Sarah Bennett,Managing Member,NO,,Group — 41 locations (shared phone),261QU0200X,Urgent Care Center,2026-08-13,39,Yes
1316862519,SPARKS WINN,4515 W 137TH PL,HAWTHORNE,CA,90250,310-679-5900,Annetta Sparks,EXECUTIVE DIRECTOR,NO,,Standalone,310400000X,Assisted Living Facility,2026-08-13,35,Yes
1760307045,EXPRESS HEALTH CLINIC,565 HANK AARON DR SW,ATLANTA,GA,30312,346-396-1252,Ashley Harrison,Managing Member,NO,,Group — 41 locations (shared phone),261QU0200X,Urgent Care Center,2026-08-13,39,Yes
1033034368,BROOKSIDE MEDICAL CENTER,4785 W US HIGHWAY 90,LAKE CITY,FL,32055,346-396-1252,Amanda Brooks,Managing Member,NO,,Group — 41 locations (shared phone),261QU0200X,Urgent Care Center,2026-08-13,39,Yes
1912822115,BANJARA DIAGNOSTICS INC,110 W RANDOL MILL RD STE 219,ARLINGTON,TX,76011,945-412-8589,Arif Ahmed,MANAGER,NO,,Group — 2 locations (same owner),291U00000X,Clinical Medical Laboratory,2026-08-13,39,Yes
1871418053,HARRISBURG MEDICAL CENTER INC,1007 US HIGHWAY 45 N,ELDORADO,IL,62930,618-273-7723,Shannon Hartke,Corporate Director PFS,YES,Harrisburg Medical Center Inc,Part of group,291U00000X,Clinical Medical Laboratory,2026-08-13,38,Yes
1891610101,WELLORA URGENT CARE,892 PONCE DE LEON AVE NE,ATLANTA,GA,30306,346-396-1252,Hannah Foster,Managing Member,NO,,Group — 41 locations (shared phone),261QU0200X,Urgent Care Center,2026-08-13,39,Yes
1750206942,HARRISBURG MEDICAL CENTER INC,3106 OUTER DR,MARION,IL,62959,618-997-4332,Shannon Hartke,Corporate Director PFS,YES,Harrisburg Medical Center Inc,Part of group,291U00000X,Clinical Medical Laboratory,2026-08-13,38,Yes
1598680787,MADSON CARE LLC,4168 N MILLBROOK AVE,FRESNO,CA,93726,559-351-3415,Ravi Sandhu,Owner/President,NO,,Standalone,310400000X,Assisted Living Facility,2026-08-13,35,Yes
1831014133,FAMILY CHOICE URGENT CARE,3952 CASCADE RD SW STE 110,ATLANTA,GA,30331,346-396-1252,Ryan Campbell,Managing Member,NO,,Group — 41 locations (shared phone),261QU0200X,Urgent Care Center,2026-08-13,39,Yes
1538084876,FAIRVIEW URGENT CARE,4888 TOWN CENTER PKWY UNIT 102,JACKSONVILLE,FL,32246,346-396-1252,Rachel Morgan,Managing Member,NO,,Group — 41 locations (shared phone),261QU0200X,Urgent Care Center,2026-08-13,39,Yes
1992610125,TAMMEZ CONSULTING LLC,811 S INGLEWOOD AVE,INGLEWOOD,CA,90301,310-951-8694,Tamme Madden,Administrator,NO,,Standalone,310400000X,Assisted Living Facility,2026-08-13,35,Yes
1912822214,"WILLOW GARDEN OF HANNIBAL, LLC",2500 PLEASANT ST,HANNIBAL,MO,63401,573-221-6000,Avrohom Ribiat,Manager,NO,,Standalone,314000000X,Skilled Nursing Facility,2026-08-13,34,Yes
1780509018,MED FAST USA LLC,13468 PALM BEACH BLVD,FORT MYERS,FL,33905,239-270-3973,Mekaa'El Mahmoud,MBR,NO,,Standalone,261QU0200X,Urgent Care Center,2026-08-13,39,Yes
1972428167,"PRII SL CROFTON OPCO, LLC",1301 CLARITY DRIVE,CROFTON,MD,21114,443-494-6901,Brian Engle,Authorized Signatory,NO,,Group — 4 locations (same owner),310400000X,Assisted Living Facility,2026-08-13,36,Yes
1891610028,LABORATORIO CLINICO ALTAMIRA PSC,AVE JESUS T PINEIRO ESQ 1900,SAN JUAN,PR,00921,787-287-0645,Nilsa Marrero,PRESIDENT,NO,,Standalone,291U00000X,Clinical Medical Laboratory,2026-08-13,39,Yes
1871418129,SOUTHERN ILLINOIS HOSPITAL SERVICES,2601 W MAIN ST,CARBONDALE,IL,62901,618-549-5361,Shannon Hartke,Corporate Director PFS,YES,Southern Illinois Hospital Services,Part of group,291U00000X,Clinical Medical Laboratory,2026-08-13,38,Yes
1518882828,SOUTHERN ILLINOIS HOSPITAL SERVICES,1000 LEIGH AVE STE B,ANNA,IL,62906,618-457-3036,Shannon Hartke,Corporate Director PFS,YES,Southern Illinois Hospital Services,Part of group,291U00000X,Clinical Medical Laboratory,2026-08-13,38,Yes
1942125356,HUMMINGBIRD ASSISTED LIVING LLC,912 LOMA PINON LOOP NE,RIO RANCHO,NM,87144,505-553-4339,Christopher Abeyta,CEO,NO,,Standalone,310400000X,Assisted Living Facility,2026-08-13,36,Yes
1063337202,SOUTHERN ILLINOIS HOSPITAL SERVICES,1400 PIN OAK DR,CARTERVILLE,IL,62918,618-985-3333,Shannon Hartke,Corporate Director PFS,YES,Southern Illinois Hospital Services,Part of group,291U00000X,Clinical Medical Laboratory,2026-08-13,38,Yes
1669397980,OAKWOOD URGENT CARE LLC,11253 CAMPFIELD CIR,JACKSONVILLE,FL,32256,346-396-1252,Megan Parker,Managing Member,NO,,Group — 41 locations (shared phone),261QU0200X,Urgent Care Center,2026-08-13,39,Yes
1942125216,CLEARPATH URGENT CARE INC,2150 PEACHTREE RD NW,ATLANTA,GA,30309,346-396-1252,Lauren Collins,Managing Member,NO,,Group — 41 locations (shared phone),261QU0200X,Urgent Care Center,2026-08-13,39,Yes
1659296994,CLEARWAKE PLAINFIELD URGENT CARE PLLC,16310 S LINCOLN HWY STE 116,PLAINFIELD,IL,60586,815-782-8440,Vincent Domingo,Owner,NO,,Standalone,261QU0200X,Urgent Care Center,2026-08-13,39,Yes
1134044472,EVERWELL URGENT CARE INC,2730 CLAIRMONT RD NE,ATLANTA,GA,30329,346-396-1252,Alexander Hughes,Managing Member,NO,,Group — 41 locations (shared phone),261QU0200X,Urgent Care Center,2026-08-13,39,Yes
1639094907,NEIGHBORHOOD URGENT CARE,2392 PEACHTREE RD NW,ATLANTA,GA,30305,346-396-1252,Nicholas Turner,Managing Member,NO,,Group — 41 locations (shared phone),261QU0200X,Urgent Care Center,2026-08-13,39,Yes
1427973783,SELENE CARE LLC,1910 PACIFIC AVE STE 7052,DALLAS,TX,75201,863-521-4956,Akshitha Patllola,President,NO,,Standalone,261QU0200X,Urgent Care Center,2026-08-13,39,Yes
1962327197,902 E MAIN ST TX15 OPCO LLC,902 E MAIN ST,SAN AUGUSTINE,TX,75972,936-275-2055,Jared Elliott,CEO,NO,,Group — 2 locations (same owner),314000000X,Skilled Nursing Facility,2026-08-13,35,Yes
1790600997,CITY MED LABORATORY INC,14506 FRIAR ST,VAN NUYS,CA,91411,818-447-6573,Emin Amyan,CEO,NO,,Standalone,291U00000X,Clinical Medical Laboratory,2026-08-13,38,Yes
1275458481,MEDICOVER DIAGNOSTICS INC,400 RENAISSANCE CTR STE 2600,DETROIT,MI,48243,832-353-1406,Arif Ahmed,MANAGER,NO,,Group — 2 locations (same owner),291U00000X,Clinical Medical Laboratory,2026-08-13,39,Yes
1649195959,VALLEY MEDICS LLC,3226 DIABLO AVE # B,HAYWARD,CA,94545,503-516-0683,Mohammed Farid,ceo,NO,,Group — 8 locations (shared phone),291U00000X,Clinical Medical Laboratory,2026-08-13,38,Yes
1922923135,LUNA MOBILE PHLEBOTOMY LLC,17410 NW 37TH AVE,MIAMI GARDENS,FL,33056,786-285-6293,Norys Crespo Roque,OWNER,NO,,Standalone,291U00000X,Clinical Medical Laboratory,2026-08-13,38,Yes
1588589766,"PRII SL ANNAPOLIS OPCO, LLC",1935 GENERALS HWY,ANNAPOLIST,MD,21401,443-808-1232,Brian Engle,Authorized Signatory,NO,,Group — 4 locations (same owner),314000000X,Skilled Nursing Facility,2026-08-13,34,Yes
1710802947,619 N BRITAIN RD TX15 OPCO LLC,619 N BRITAIN RD,IRVING,TX,75061,972-785-9300,Jared Elliott,CEO,NO,,Group — 2 locations (same owner),314000000X,Skilled Nursing Facility,2026-08-13,35,Yes
1730004250,CDK KARES HOME CARE SERVICES,24175 NORTHWESTERN HWY STE 200,SOUTHFIELD,MI,48075,313-864-4235,Cheryl Kitchen,OWNER,NO,,Standalone,251E00000X,Home Health,2026-08-12,37,Yes
1457276198,A DAUGHTER'S TENDER LOVE HOME CARE LLC,5461 LEGACY WAY,VIRGINIA BEACH,VA,23462,757-381-1938,Marsha Williams,Owner,NO,,Standalone,251E00000X,Home Health,2026-08-12,38,Yes
1194640672,OAK HILLS HEALTH AND REHAB LLC,505 GROVER STREET,OMAHA,NE,68108,385-498-0194,Wendy Anderson,Corporate Business Officer,NO,,Group — 17 locations (shared phone),314000000X,Skilled Nursing Facility,2026-08-12,35,Yes
1609791235,LOUISIANA NURSE STAFFING CORPORATION,735 N CAUSEWAY BLVD STE 204,MANDEVILLE,LA,70448,860-800-0010,Jason Kocsis,Contract Manager,NO,,Standalone,251E00000X,Home Health,2026-08-12,37,Yes
1568387215,ELEMENTA DIAGNOSTICS,6742 VAN NUYS BLVD STE 106,VAN NUYS,CA,91405,747-677-9930,Vardan Hovhannisyan,CEO,NO,,Standalone,291U00000X,Clinical Medical Laboratory,2026-08-12,39,Yes
1174448633,APEXCARE MEDICAL SUPPLIES INC,8401 MAYLAND DR # 11390,RICHMOND,VA,23294,737-415-9558,Morgan Azzara,Managing Director,NO,,Standalone,261QU0200X,Urgent Care Center,2026-08-12,41,Yes
1689599243,"FOREST FARM ASSISTED LIVING, LP",191 FOREST AVE,MIDDLETOWN,RI,02842,401-849-1090,Stephen Ostiguy,President  GP,NO,,Standalone,310400000X,Assisted Living Facility,2026-08-12,37,Yes
1477478063,BRIDGEPOINT LIVING HOME CARE AGENCY,107 ALCIDE DOMINQUE DR,LAFAYETTE,LA,70506,337-400-9431,Paula Harrison,Owner,NO,,Standalone,251E00000X,Home Health,2026-08-12,37,Yes
1679498323,LAB TEST AND MORE,1438 GREEN HIGHLAND DR,SPRING,TX,77373,832-910-7304,Devonda Wynn,Owner,NO,,Standalone,291U00000X,Clinical Medical Laboratory,2026-08-12,40,Yes
1568387082,ABLE CARE LLC,75 BISHOP ST STE 1A,PORTLAND,ME,04103,651-242-7935,Hussein Hussein,Owner,NO,,Standalone,251E00000X,Home Health,2026-08-12,37,Yes
1932024510,ADVANCED EYE SURGICAL PARTNERS LLC,1601 W HEBRON PKWY STE 220,CARROLLTON,TX,75010,800-375-4555,Lawrence Shafron,Medical Director,NO,,Standalone,261QA1903X,Ambulatory Surgery Center,2026-08-12,39,Yes
1306761861,FLOUSE CARE SERVICES LLC,2 MIDDLEBURY LN,WILLINGBORO,NJ,08046,609-963-9758,Marie Flouse Julien Floreal,Owner/Authorized Official,NO,,Standalone,251E00000X,Home Health,2026-08-12,38,Yes
1225953748,PROVITAL HOME HEALTH CARE SERVICES,2870 TELEGRAPH RD,ST. LOUIS,MO,63125,636-633-2618,Tuyet Mai Truong,Owner,NO,,Standalone,251E00000X,Home Health,2026-08-12,37,Yes
1679498232,4 TRINITY SUPPORT LLC,8426 GREENWAY ROAD,TOWSON,MD,21286,443-935-9084,Nata Charles,Owner,NO,,Standalone,251E00000X,Home Health,2026-08-12,37,Yes
1720903248,TRUE CARE FAMILY SERVICES LLC,7462 GRANDVIEW RIDGE DR,CHARLOTTE,NC,28215,980-785-7844,Christopher Liles,Owner,NO,,Standalone,251E00000X,Home Health,2026-08-12,37,Yes
1316862832,MARSHALL SNF OPCO LLC,2506 LINDEN TREE PKWY,MARSHALL,MO,65340,660-886-9676,Nicholas Destefane,CEO,NO,,Group — 47 locations (same owner),314000000X,Skilled Nursing Facility,2026-08-12,35,Yes
1437074077,ELIANA HOME CARE LLC,34 DEERFIELD CT APT 1,EAST HARTFORD,CT,06108,860-733-9903,Precious Bobson,CEO,NO,,Standalone,251E00000X,Home Health,2026-08-12,37,Yes
1730004482,BRADLEY HOUSE,7868 GATE CREEK DR,ANCHORAGE,AK,99502,907-355-3356,Carolyn Bradley,Administrator,NO,,Standalone,310400000X,Assisted Living Facility,2026-08-12,36,Yes
1134044506,ORTHOBRIDGE MEDICAL INC,971 US HIGHWAY 202 N # 7390,BRANCHBURG,NJ,08876,728-203-2782,Daniel Hayes,Managing Director,NO,,Standalone,261QU0200X,Urgent Care Center,2026-08-12,40,Yes
1437074986,NEXT LEVEL SUPPORT SERVICES,506 N MAIN ST,SUFFOLK,VA,23434,757-556-4606,Latasha Peede,Owner,NO,,Standalone,251E00000X,Home Health,2026-08-12,38,Yes
1003731753,LUMIRA DIAGNOSTICS INC,6742 VAN NUYS BLVD STE 104,VAN NUYS,CA,91405,747-355-7305,Susanna Karapetyan,CEO,NO,,Standalone,291U00000X,Clinical Medical Laboratory,2026-08-12,39,Yes
1073438602,RECOVERY CARE LLC,87 CARROLL AVE,KEYSER,WV,26726,304-790-7467,Heather Rosen-Turley,CEO,NO,,Standalone,291U00000X,Clinical Medical Laboratory,2026-08-12,40,Yes
1790600252,FOREVER UNITED HOME CARE GROUP LLC,812 N 1ST ST,GRANTS,NM,87020,505-240-2187,Glen Martinez,Owner,NO,,Standalone,251E00000X,Home Health,2026-08-12,38,Yes
1033034541,CITY LAB LLC,7352 LAWNDALE AVE,SKOKIE,IL,60076,224-724-1254,Muzammil Syed Hasan,Director,NO,,Standalone,291U00000X,Clinical Medical Laboratory,2026-08-12,39,Yes
1144145145,CHARLESTON DEQUINCY OPERATIONS LLC,602 N DIVISION ST,DEQUINCY,LA,70633,337-786-2466,Kendall Broussard,MANAGING MEMBER,NO,,Standalone,314000000X,Skilled Nursing Facility,2026-08-11,36,Yes
1760307490,BRIGHTERCARE GROUP LLC,148 CRESTWOOD DR,MACON,GA,31211,478-297-3119,Linda Greene,Director,NO,,Standalone,251E00000X,Home Health,2026-08-11,38,Yes
1477478204,ENHANCED WELLNESS LLC,4200 UNION BLVD STE 107,SAINT LOUIS,MO,63115,314-925-8279,Joyce Sullivan Howze,Designated Manager,YES,Enhanced Wellness Llc,Part of group,251E00000X,Home Health,2026-08-11,38,Partial
1104741958,ABSOLUTE COMPASSION HHC,1413 REDWOOD LN,WYNCOTE,PA,19095,215-989-1959,Naneke Green,Owner,NO,,Standalone,251E00000X,Home Health,2026-08-11,39,Yes
1356266209,PLATTE RIVER POST ACUTE LLC,7410 MERCY RD,OMAHA,NE,68124,385-498-0194,Wendy Anderson,Corporate Business Officer,NO,,Group — 17 locations (shared phone),314000000X,Skilled Nursing Facility,2026-08-11,36,Yes
1679498505,EVERSPRING MEDICAL CENTER,2850 LAKE VISTA DR STE 1,LEWISVILLE,TX,75067,346-396-1252,Robert Miller,Managing Member,NO,,Group — 41 locations (shared phone),261QU0200X,Urgent Care Center,2026-08-11,41,Yes
1609791508,JOYFUL HEARTS HOME CARE LLC,10516 DORSET DR UNIT 13,JOHNSTON,IA,50131,515-322-4673,Claudine Bitana,RN,NO,,Standalone,251E00000X,Home Health,2026-08-11,38,Yes
1346165263,CURANOVA HEALTH CENTER,2850 LAKE VISTA DR STE 1,LEWISVILLE,TX,75067,346-396-1252,Daniel Brooks,Managing Member,NO,,Group — 41 locations (shared phone),261QU0200X,Urgent Care Center,2026-08-11,41,Yes
1407771298,"WELLNESS CONNECT GO BEYOND MEDICINE, LLC",655 BROAD ST STE 201B,PROVIDENCE,RI,02907,401-306-0888,Miriannys Rivas,Administrator,YES,"Wellness Connect Go Beyond Medicine, Llc",Part of group,251E00000X,Home Health,2026-08-11,39,Yes
1093630915,LUMORA HEALTH LLC,6407 S COOPER ST # 120,ARLINGTON,TX,76001,346-396-1252,Michael Carter,Managing Member,NO,,Group — 41 locations (shared phone),261QU0200X,Urgent Care Center,2026-08-11,41,Yes
1699690529,"NSPC SURGERY CENTER CHEVY CHASE, LLC",5550 FRIENDSHIP BLVD STE 450B,CHEVY CHASE,MD,20815,855-836-7246,Shaneka Tinch,Senior RCM Manger,NO,,Standalone,261QA1903X,Ambulatory Surgery Center,2026-08-11,39,Yes
1306761119,NOVATHRIVE EQUIPMENT LLC,2316 E LEWIS CT,FOWLER,CA,93625,307-291-4600,Pardeep Kumar,Owner,NO,,Standalone,261QU0200X,Urgent Care Center,2026-08-11,41,Yes
1245155977,HEALTHSPAN360,16922 TELGE RD STE 2K,CYPRESS,TX,77429,281-543-3174,David Lutz,Chairman,NO,,Standalone,291U00000X,Clinical Medical Laboratory,2026-08-11,41,Yes
1487579256,NEPHROLOGY ASSOCIATES PA ASC OF MILFORD LLC,201 W LIBERTY WAY,MILFORD,DE,19963,302-424-3694,Gina Johnston,Executive,NO,,Standalone,261QA1903X,Ambulatory Surgery Center,2026-08-11,39,Yes
1780509695,DELAND BLUE LAKE OPCO LLC,991 E NEW YORK AVE,DELAND,FL,32724,386-734-9083,Sarah Becher,MEMBER,NO,,Group — 4 locations (same owner),314000000X,Skilled Nursing Facility,2026-08-11,36,Yes
1144145053,IMMEDIATE CARE CENTERS LLC,6565 FANNIN ST,HOUSTON,TX,77030,346-396-1252,James Anderson,Managing Member,NO,,Group — 41 locations (shared phone),261QU0200X,Urgent Care Center,2026-08-11,41,Yes
1366367088,MHASC SMOKE RANCH LLC,7050 SMOKE RANCH RD,LAS VEGAS,NV,89128,702-450-6000,Martin Lee,CEO,NO,,Standalone,261QA1903X,Ambulatory Surgery Center,2026-08-11,40,Yes
1962327874,DELAND ATHENS OPCO LLC,545 W EUCLID AVE,DELAND,FL,32720,386-734-9085,Sarah Becher,MEMBER,NO,,Group — 4 locations (same owner),314000000X,Skilled Nursing Facility,2026-08-11,36,Yes
1700701687,STRATEGIC HOME HEALTH PLLC,147 MACARTHUR ST,RICHLAND,WA,99354,509-205-7366,Marie Porter,OWNER,NO,,Standalone,251E00000X,Home Health,2026-08-11,39,Yes
1942125844,SNA DIAGNOSTIC SOLUTIONS LLC,1375 PINSON STREET FAR,ROCKAWAY,NY,11691,800-522-1679,Abbiola Adams,Specimen Collector,NO,,Standalone,291U00000X,Clinical Medical Laboratory,2026-08-11,41,Yes
1144145905,UP N OUT SOCIAL CLUB OF AMERICA,16171 CAIRO CIR,PLACENTIA,CA,92870,949-394-8708,Marian Alvarez,President,NO,,Standalone,310400000X,Assisted Living Facility,2026-08-11,37,Yes
1023933058,DOVEHEART HOME CARE LLC,1155 52ND ST,BROOKLYN,NY,11219,347-228-4013,Moses Davidowitz,Owner,NO,,Standalone,251E00000X,Home Health,2026-08-11,39,Yes
1447175385,"PELICAN CARE SERVICES, LLC",3725 MACARTHUR BLVD STE 1A,NEW ORLEANS,LA,70114,504-300-9927,Shawanda Poree,Administrator,NO,,Standalone,251E00000X,Home Health,2026-08-11,38,Yes
1841115714,EVERMORE CARE AND RESOURCES CENTER,7726 WINEGARD RD,ORLANDO,FL,32809,407-449-9161,Kimberly Bravo Moran,OWNER,NO,,Standalone,251E00000X,Home Health,2026-08-11,38,Yes
1497670244,THE GARDENS AT OSAGE TERRACE LLC,3317 SE L ST,BENTONVILLE,AR,72712,479-254-8759,John Ponthie,Member,NO,,Standalone,310400000X,Assisted Living Facility,2026-08-11,37,Yes
1316861529,LIVING IN PARIDISE LLC,11008 WILLIAMSBURG RD,SAVANNAH,GA,31419,706-755-7682,Katina Brown,Administrator,NO,,Standalone,251E00000X,Home Health,2026-08-10,39,Yes
1134044274,"AHR TRS OPCO PARENT, LLC",219 MOUNT AIRY RD,BASKING RIDGE,NJ,07920,908-495-6100,Jason Pickman,Analyst,NO,,Standalone,314000000X,Skilled Nursing Facility,2026-08-10,37,Yes
1275458358,EQUIPARA CARE INC,4375 COUNTRYTRAILS CT,SPRING,TX,77388,346-396-1252,Afton Miladin,Owner,NO,,Group — 41 locations (shared phone),261QU0200X,Urgent Care Center,2026-08-10,42,Yes
1821912023,OAK & VALE CARE INC.,13943 TRIGGER LN,VICTORVILLE,CA,92392,760-266-7772,Metaksya Diremsizian Metaksya Diremsizian,CEO,NO,,Standalone,314000000X,Skilled Nursing Facility,2026-08-10,37,Yes
1073437109,SAINT JOSEPH REGIONAL MEDICAL CENTER - PLYMOUTH CAMPUS INC,1915 LAKE AVE STE 230,PLYMOUTH,IN,46563,574-948-4344,Christopher Karam,President,YES,Saint Joseph Regional Medical Center - Plymouth Campus Inc,Part of group,291U00000X,Clinical Medical Laboratory,2026-08-10,42,Yes
1285558312,"SAINT JOSEPH REGIONAL MEDICAL CENTER-SOUTH BEND CAMPUS, INC",611 E DOUGLAS RD STE 300,MISHAWAKA,IN,46545,574-335-6250,Christopher Karam,President,YES,"Saint Joseph Regional Medical Center-South Bend Campus, Inc",Part of group,291U00000X,Clinical Medical Laboratory,2026-08-10,42,Yes
1255255329,GRACIOUS SMILE HOME CARE LLC,4203 CAPTAIN PERRY CT,UPPER MARLBORO,MD,20772,301-257-3770,Clarisse Hendje,Owner,NO,,Standalone,251E00000X,Home Health,2026-08-10,39,Yes
1497679526,SYNERGYPATH LLC,3200 W COLFAX AVE APT 148,DENVER,CO,80204,805-202-6801,Ahtsham Zahid,Member,NO,,Standalone,261QU0200X,Urgent Care Center,2026-08-10,42,Yes
1538084686,STERLING ESTATES CONCORD LLC,2930 LANE DR,CONCORD,CA,94518,925-808-9778,Sterling Jones,Owner,NO,,Standalone,310400000X,Assisted Living Facility,2026-08-10,38,Yes
1790600716,ACUITY DIAGNOSTICS,4225 OFFICE PKWY STE 104,DALLAS,TX,75204,817-821-8736,Katie Moss,Office Manager,NO,,Standalone,291U00000X,Clinical Medical Laboratory,2026-08-10,42,Yes
1194649228,VINTAGE CONGREGATE LIVING,18122 VINTAGE ST,NORTHRIDGE,CA,91325,818-983-2224,Hamazasp Khudoyan,PRESIDENT,NO,,Standalone,314000000X,Skilled Nursing Facility,2026-08-10,37,Yes
1033034178,AXIS CARE COORDINATION LLC,207 LAWRENCE AVE,INWOOD,NY,11096,718-419-4384,Aaron Shapiro,CEO,NO,,Standalone,251E00000X,Home Health,2026-08-10,40,Yes
1144144288,OC PENACOOK CENTER LLC,150 WATER ST,HAVERHILL,MA,01830,978-374-0707,Azriel Lieberman,Authorized Official,NO,,Standalone,314000000X,Skilled Nursing Facility,2026-08-10,37,Yes
1063337129,PATHWAY TO PROGRESS,714 W HURON ST STE 101,PONTIAC,MI,48341,888-788-0524,Shawn Madden,Manager/partner,NO,,Standalone,251E00000X,Home Health,2026-08-10,39,Yes
1871418947,LAKE WORTH SNF OPERATIONS LLC,2501 N A ST,LAKE WORTH BEACH,FL,33460,561-421-4041,Solomon Klein,Authorized Representative,NO,,Standalone,314000000X,Skilled Nursing Facility,2026-08-10,37,Yes
1689598815,AMERICAN CURRENT CARE OF NEBRASKA P.C.,8630 F ST,OMAHA,NE,68127,402-898-5600,John Anderson,VP,NO,,Group — 7 locations (same owner),261QU0200X,Urgent Care Center,2026-08-10,42,Yes
1861317950,EVERLIFE URGENT CARE,10823 OXNARD ST,NORTH HOLLYWOOD,CA,91606,747-476-2801,Ruben Stepanenko,CEO,NO,,Standalone,261QU0200X,Urgent Care Center,2026-08-10,42,Yes
1861316960,"LIMA IUP, LLC",6339 E SPEEDWAY BLVD STE 201,TUCSON,AZ,85710,520-547-4115,Yvette Rivera,Revenue Cycle Mgr,NO,,Group — 2 locations (same owner),261QA1903X,Ambulatory Surgery Center,2026-08-10,40,Yes
1578487658,HART AND HOME ASSISTED LIVING,6906 SPANKY BRANCH DR,DALLAS,TX,75248,903-267-3709,Jasneet Takhur,Owner Operator,NO,,Standalone,310400000X,Assisted Living Facility,2026-08-10,39,Yes
1083539134,LIFORA HOME CARE LLC,12585 E TENNESSEE CIR APT B,AURORA,CO,80012,720-736-9028,Amin Ibrahim,Owner,NO,,Standalone,251E00000X,Home Health,2026-08-10,39,Yes
1639093719,"BSA CARDIAC ASC, LLC",6200 W I 40,AMARILLO,TX,79106,806-354-9464,Stephen Petrovich,"EVP, General Counsel",YES,"Bsa Hospital, Llc","Part of group: Bsa Hospital, Llc",261QA1903X,Ambulatory Surgery Center,2026-08-10,41,Yes
1588588602,BOLD HEALTHCARE PLLC,2802 PARENTAL HOME RD,JACKSONVILLE,FL,32216,904-881-4520,Yacob Habboush,Owner,NO,,Standalone,314000000X,Skilled Nursing Facility,2026-08-10,37,Yes
1972427060,LENEXA AMBULATORY SURGERY CENTER LLC,16801 W 116TH ST,LENEXA,KS,66219,816-452-4488,Kendra Pearson,Authorized Official,NO,,Standalone,261QA1903X,Ambulatory Surgery Center,2026-08-10,41,Yes
1073437141,BEST CHOICE LABORATORY INC,1201 S VICTORY BLVD STE 102,BURBANK,CA,91502,747-210-9544,Hamest Karayan,CEO,NO,,Standalone,291U00000X,Clinical Medical Laboratory,2026-08-10,41,Yes
1174447254,ADVENTHEALTH SURGERY CENTER LENEXA CITY CENTER LLC,16825 W 86TH ST,LENEXA,KS,66219,913-934-3010,Stephanie Rosentreter,CFO,NO,,Standalone,261QA1903X,Ambulatory Surgery Center,2026-08-10,41,Yes
1588588669,LOVING HANDS HOME HEALTH LLC,2330 NE 18TH TER,OCALA,FL,34470,850-354-4208,Tanazah Mcgee,Owner/Administrator,NO,,Standalone,251E00000X,Home Health,2026-08-10,39,Yes
1811811011,ADAGE HEALTHCARE SOLUTIONS VA LLC,8280 WILLOW OAKS CORPORATE DR STE 649,FAIRFAX,VA,22031,240-206-8767,Grace Adesanya,ADMINISTRATOR,NO,,Standalone,251E00000X,Home Health,2026-08-10,40,Yes
1275458291,GENERATIONAL HANDS HOME CARE LLC,2550 DAWN DR,DECATUR,GA,30032,404-798-8453,Brendan Fountaine,Founder,NO,,Standalone,251E00000X,Home Health,2026-08-10,39,Yes
1912821067,ANIKA CARES LLC,7222 PINION DR,ORLANDO,FL,32818,689-353-5709,Anika Johnson,CEO,NO,,Standalone,251E00000X,Home Health,2026-08-10,39,Yes
1942125000,HEALING HANDS LLC,507 BISHOP ST NW APT 2518,ATLANTA,GA,30318,314-868-5977,Devin Stanback,CEO,NO,,Standalone,251E00000X,Home Health,2026-08-10,39,Yes
1710802806,ABUNDANCE QUALITY HOME HEALTHCARE,2703 W SEMINOLE ST,SPRINGFIELD,MO,65807,217-652-8457,Tenekwa Blair,owner,NO,,Standalone,251E00000X,Home Health,2026-08-10,39,Yes
1871418905,DURACURE MEDICAL SUPPLIES LLC,800 WILCREST DR STE 202,HOUSTON,TX,77042,206-535-4548,Harpreet Singh,Owner,NO,,Standalone,261QU0200X,Urgent Care Center,2026-08-10,42,Yes
1669396792,LOVING HEART HOME HEALTHCARE LLC,131 STELLA DR,NASHVILLE,TN,37209,571-598-5738,Lorene Monangai,Administrator,NO,,Standalone,251E00000X,Home Health,2026-08-10,40,Yes
1578487674,"SETUA IUP, LLC",6339 E SPEEDWAY BLVD STE 201,TUCSON,AZ,85710,866-950-8013,Yvette Rivera,Revenue Cycle Manager,NO,,Group — 2 locations (same owner),261QA1903X,Ambulatory Surgery Center,2026-08-10,40,Yes
1982528238,KYNE HEARTS HEALTHCARE GROUP LLC,22 NORTHWOOD DR,VINELAND,NJ,08360,856-484-7822,Tracy Quoikapor,Owner/Managing Member,NO,,Standalone,251E00000X,Home Health,2026-08-08,42,Yes
1245154590,RAYTOWN OPCO LLC,9110 E 63RD ST,RAYTOWN,MO,64133,636-981-6744,Loretta Lebar,Counsel,NO,,Standalone,310400000X,Assisted Living Facility,2026-08-08,41,Yes
1629992896,CLIENT AMENITY DIRECT LLC,12525 TIBBETS LN UNIT 4410,JACKSONVILLE,FL,32218,470-987-8124,Sharlyne Marshall,Compliance Director,NO,,Standalone,291U00000X,Clinical Medical Laboratory,2026-08-08,43,Yes
1407770670,LIGHTHOUSE DIAGNOSTIC TESTING,1760 WABASH AVE,SPRINGFIELD,IL,62791,217-720-7449,Nate' Russell,Manager,NO,,Standalone,291U00000X,Clinical Medical Laboratory,2026-08-08,43,Yes
1811811201,HPNV HOLDCO INC,803 W 5TH ST,RENO,NV,89503,775-982-4100,Patricia Rodriguez,Regional President,YES,Hpnv Holdco Inc,Part of group,291U00000X,Clinical Medical Laboratory,2026-08-07,44,Yes
1205750635,DOCTORS PARK APPLETON LLC,3400 N CONKEY ST. SUITE S,APPLETON,WI,54911,920-965-0345,Kevan Lewis,Owner,NO,,Standalone,261QA1903X,Ambulatory Surgery Center,2026-08-07,44,Yes
1639093941,CHAMPION SUPPORTS LLC,3024 NEBULA CT,LOVELAND,CO,80537,909-200-5549,Marti Lunquist,Owner/Founder,NO,,Standalone,251E00000X,Home Health,2026-08-07,42,Yes
1760306088,ROSIE & LAURAS HEALING HEARTS,1329 N ROSE ST,KALAMAZOO,MI,49007,269-267-7046,Sierra Allen,CEO,NO,,Standalone,251E00000X,Home Health,2026-08-07,42,Yes
1982528329,ONE LIFE DIALYSIS CLINIC LLC,9816 MEMORIAL BLVD STE 106,HUMBLE,TX,77338,954-781-7741,Sander Richiez,Director of Operations,NO,,Standalone,261QE0700X,Dialysis / ESRD Treatment Facility,2026-08-07,44,Yes
1962326207,CHAPEL ACQUISITIONS,1105 5TH PLZ,FLORISSANT,MO,63031,424-599-0009,Erika Williams,Owner/Proprietor,NO,,Standalone,251E00000X,Home Health,2026-08-07,42,Yes
1972427268,7 KEYZ LLC,29521 ABELIA RD,CANYON COUNTRY,CA,91387,917-669-9284,Gwen Sarabosing,Licensee,NO,,Standalone,310400000X,Assisted Living Facility,2026-08-07,41,Yes
1609790070,ANGEL HOMECARE HEALTHSERVICE LLC,17 E STONE AVE FL 2,GREENVILLE,SC,29609,864-417-8568,Cornelia Daniel,Owner,NO,,Standalone,251E00000X,Home Health,2026-08-07,43,Yes
1063336378,CONCERTO KENTUCKY LLC,4600 W TOUHY AVE,LINCOLNWOOD,IL,60712,847-443-1228,Shimon Meystel,Chief Executive Office & Manager,NO,,Standalone,261QE0700X,Dialysis / ESRD Treatment Facility,2026-08-07,44,Yes
1306760764,247 RESPIRATORY CARE SERVICES LLC,37365 PAINTBRUSH DRIVE,PALMDALE,CA,93551,442-600-4466,Macdonald Orogwu,Manager,NO,,Standalone,251E00000X,Home Health,2026-08-07,42,Yes
1235053521,LOVING CARE FOR YOU INC,17560 PARTHENIA ST,SHERWOOD FOREST,CA,91325,818-618-2006,Ayrapet Fichidzhyan,CEO,NO,,Standalone,310400000X,Assisted Living Facility,2026-08-07,41,Yes
1689598138,SERENE JOY HOME CARE INC,7615 ORANGEBROOK CV,RIVERSIDE,CA,92507,909-747-7077,Elrhine Joy Holcomb,Licensee and Administrator,NO,,Standalone,310400000X,Assisted Living Facility,2026-08-07,41,Yes
1053235341,PRIME URGENT CARE PSC,4822 PRESTON HWY,LOUISVILLE,KY,40213,502-494-1024,Akasha Haq,Owner,NO,,Standalone,261QU0200X,Urgent Care Center,2026-08-07,45,Yes
1023932480,"MEDFORD WEST OF OLYMPUS, LLC",1018 ROYAL CT,MEDFORD,OR,97504,541-776-5255,Owen Hammond,President,NO,,Group — 45 locations (same owner),310400000X,Assisted Living Facility,2026-08-07,42,Yes
1417871849,FLOURISH HOME CARE AGENCY LLC,3403 PRETTY BAYOU CT,PANAMA CITY,FL,32405,336-898-3451,Latonya Swift,Owner,NO,,Standalone,251E00000X,Home Health,2026-08-07,42,Yes
1972427342,HOLBROOK SNF LLC,183 HOLBROOK RD,BUCKHANNON,WV,26201,304-472-3280,Simcha Werner,Authorized Official,NO,,Group — 12 locations (same owner),314000000X,Skilled Nursing Facility,2026-08-07,41,Yes
1083538417,BETTER AT HOME,130 E VESEY ST,PETERSBURG,MI,49270,419-392-0762,Nicole Smith,Owner,NO,,Standalone,251E00000X,Home Health,2026-08-07,42,Yes
1376467829,CONSTANCY CARE LLC,2323 GRAND AVE STE 350,DES MOINES,IA,50312,469-247-1824,Paul Mutabaruka,Managing Director,NO,,Standalone,251E00000X,Home Health,2026-08-07,42,Yes
1265356539,SURGE MEDICAL SUPPLY LLC,25538 DEL MAR AVE APT 12,HAYWARD,CA,94542,210-642-2103,Daud Javaid,manager,NO,,Standalone,261QU0200X,Urgent Care Center,2026-08-07,45,Yes
1972427375,"THE TIMBERS ASSISTED LIVING, LLC",239 KAREN DR,HOLTS SUMMIT,MO,65043,573-415-0390,Kara Scheulen,Member,NO,,Standalone,310400000X,Assisted Living Facility,2026-08-07,42,Yes
1134043474,"PARACLETE HAVEN OF GRACE, LLC",4555 N 89TH AVE,PHOENIX,AZ,85037,480-953-8185,Jaime Estoesta Jr.,OWNER,NO,,Standalone,310400000X,Assisted Living Facility,2026-08-07,41,Yes
1710801022,BACK BAY SURGERY CENTER,3440 IRVINE AVE,NEWPORT BEACH,CA,92660,949-432-4730,Ana Quintanilha,Consultant,NO,,Standalone,261QA1903X,Ambulatory Surgery Center,2026-08-07,43,Yes
1134043458,TWO HEARTS COMMUNITY LIVING LLC,10053 MICHAEL ST,TAYLOR,MI,48180,313-805-1309,Gabreil Graham,OWNER,NO,,Standalone,251E00000X,Home Health,2026-08-07,42,Yes
1699699900,GREAT HOME AVIARY,8811 AVIARY PATH,INVER GROVE HEIGHTS,MN,55077,651-983-2005,Ronie Aviles,CFO,NO,,Standalone,310400000X,Assisted Living Facility,2026-08-07,42,Yes
1124942461,QUIKFINANCIAL LLC,6743 W 135TH ST APT 342,OVERLAND PARK,KS,66223,512-410-7658,Seerat Imtiaz,CEO,NO,,Standalone,261QU0200X,Urgent Care Center,2026-08-07,45,Yes
1447174735,ROUNDDA KLOCK HOME CARE SERVICE LLC,3011 RAINBOW DR STE 114B,DECATUR,GA,30034,943-253-1666,Moakina Cunningham,Operations Manager,NO,,Standalone,251E00000X,Home Health,2026-08-07,42,Yes
1518881242,ROVALIS HEALTHCARE SERVICES,6860 S YOSEMITE ST,CENTENNIAL,CO,80112,720-413-6157,Samson Onyambu,Owner,NO,,Standalone,251E00000X,Home Health,2026-08-06,43,Yes
1760306302,AXIONPATH DIAGNOSTIC LLC,1 CRAIG CT,MONTVILLE,NJ,07045,215-929-9076,Renuka N Malviya,Owner,NO,,Group — 2 locations (shared phone),261QU0200X,Urgent Care Center,2026-08-06,46,Yes
1992629489,EXPRESS MOBILE DIAGNOSTICS LLC,717 MAIN ST,NORTH LITTLE ROCK,AR,72114,501-509-3906,Sherita Turner,Director of Compliance,NO,,Standalone,291U00000X,Clinical Medical Laboratory,2026-08-06,45,Yes
1811811458,CELERION DIAGNOSTIC NETWORK LLC,1 CRAIG CT,MONTVILLE,NJ,07045,215-929-9076,Renuka N Malviya,Owner,NO,,Group — 2 locations (shared phone),261QU0200X,Urgent Care Center,2026-08-06,46,Yes
1578487070,CHIMNEY ROCK HEALTH AND REHAB LLC,111 W 36TH ST,SCOTTSBLUFF,NE,69361,385-498-0194,Wendy Anderson,Corporate Business Officer,NO,,Group — 17 locations (shared phone),314000000X,Skilled Nursing Facility,2026-08-06,41,Yes
1629992169,A HUGGINS PLACE,923 HUGGINS AVE,PLACENTIA,CA,92870,562-637-3024,Arlene Cottrell,Agent,NO,,Standalone,310400000X,Assisted Living Facility,2026-08-06,42,Yes
1255255949,SUNRISE MANOR LLC,441 W CHANNEL ISLANDS BLVD,OXNARD,CA,93033,805-240-7600,Stacey Medina,Head Administrator,NO,,Standalone,310400000X,Assisted Living Facility,2026-08-06,42,Yes
1366366957,PIKEVILLE MEDICAL CENTER INC,238 CASSIDY BLVD,PIKEVILLE,KY,41501,606-430-2230,Summer Johnson,Director,YES,Pikeville Medical Center Inc,Part of group,261QU0200X,Urgent Care Center,2026-08-06,46,Yes
1144144783,"ALPINE HEALTH AND REHABILITATION OF LIBERTY, LLC",101 STEVENS MEMORIAL PL,GOLDSBORO,NC,27534,919-709-9026,Jeffrey Nunn,President,NO,,Standalone,314000000X,Skilled Nursing Facility,2026-08-06,41,Yes
1639093289,"VACATIONLAND CARE GROUP, LLC",500 US ROUTE 1 STE 105,YARMOUTH,ME,04096,207-414-1313,Kathleen Redfield,Owner/ President,NO,,Standalone,251E00000X,Home Health,2026-08-06,43,Yes
1639093370,SKILLED CARE SOLUTIONS LLC,51 HARPSWELL RD STE 9D,BRUNSWICK,ME,04011,207-838-6194,Elizabeth Clark,Managing Owner,NO,,Standalone,251E00000X,Home Health,2026-08-06,43,Yes
1487578910,"MIND, BODY & SPIRIT ASSISTED LIVING LLC",8001 W MINTZ LN,WASILLA,AK,99623,907-521-7700,Brittany Galloway,Owner,NO,,Standalone,310400000X,Assisted Living Facility,2026-08-06,42,Yes
1053235770,BESLOW & ASSOCIATES,1720 LEGACY LN,FREDERICKSBURG,VA,22408,571-591-5911,Shamila Beslow,Ceo,NO,,Standalone,251E00000X,Home Health,2026-08-06,44,Yes
1215851993,DEMARCO ROUSE JR,18700 KINGSVILLE ST,HARPER WOODS,MI,48225,888-559-9004,Demarco Rouse,owner,NO,,Standalone,251E00000X,Home Health,2026-08-06,43,Yes
1568386142,STYX PHARMA INC,5900 BALCONES DR # 32945,AUSTIN,TX,78731,727-292-0771,Shaista Sajjad,Owner,NO,,Standalone,291U00000X,Clinical Medical Laboratory,2026-08-06,46,Yes
1447174933,WILLOW CREEK HEALTH AND REHAB LLC,3110 SCOTT CIR,OMAHA,NE,68112,385-498-0194,Wendy Anderson,Corporate Business Officer,NO,,Group — 17 locations (shared phone),314000000X,Skilled Nursing Facility,2026-08-06,41,Yes
1023932548,"TRUHAVEN ADVANCED HEALTH, LLC",16350 BRUCE B DOWNS BLVD # 44654,TAMPA,FL,33646,877-817-2284,Shawnreka Santiago,Administrator,NO,,Standalone,291U00000X,Clinical Medical Laboratory,2026-08-06,45,Yes
1710801378,QUAIL RUN ASSISTED LIVING LLC,2855 40TH AVE,COLUMBUS,NE,68601,385-498-0194,Wendy Anderson,Corporate Business Officer,NO,,Group — 17 locations (shared phone),310400000X,Assisted Living Facility,2026-08-06,43,Yes
1245154913,CURA OF WATKINS LLC,404 LUELLA ST,WATKINS,MN,55389,320-764-2300,Fred Struzyk,CFO,NO,,Standalone,310400000X,Assisted Living Facility,2026-08-06,43,Yes
1134043631,PIONEER RIDGE HEALTH AND REHAB LLC,6101 NORMAL BLVD,LINCOLN,NE,68506,385-498-0194,Wendy Anderson,Corporate Business Officer,NO,,Group — 17 locations (shared phone),314000000X,Skilled Nursing Facility,2026-08-06,41,Yes
1851215438,FOUNDERS POINTE ASSISTED LIVING LLC,318 W 18TH ST,COZAD,NE,69130,385-498-0194,Wendy Anderson,Corporate Business Officer,NO,,Group — 17 locations (shared phone),310400000X,Assisted Living Facility,2026-08-06,43,Yes
1760306351,AUTUMN HILL OPERATOR LLC,342 WINTER ST,FRAMINGHAM,MA,01702,507-879-6100,Mindee Posen,Medicare Administration Officer,NO,,Standalone,314000000X,Skilled Nursing Facility,2026-08-06,41,Yes
1073437653,GRAND ISLAND ASSISTED LIVING LLC,1405 W US HIGHWAY 34,GRAND ISLAND,NE,68801,385-498-0194,Wendy Anderson,Corporate Business Officer,NO,,Group — 17 locations (shared phone),310400000X,Assisted Living Facility,2026-08-06,43,Yes
1124942891,LABS BY FAITH LLC,2727 PACES FERRY RD SE STE 750,ATLANTA,GA,30339,770-830-4395,Christian Day,Owner,NO,,Standalone,291U00000X,Clinical Medical Laboratory,2026-08-06,45,Yes
1710801220,OMEGA DIAGNOSTIC INC,5176 SANTA MONICA BLVD STE 106,LOS ANGELES,CA,90029,213-258-5965,Rasambek Khatchiev,"CEO,CFO",NO,,Standalone,291U00000X,Clinical Medical Laboratory,2026-08-06,45,Yes
1013831536,RODEO HOME HEALTH,348 E OLIVE AVE STE D,BURBANK,CA,91502,800-214-3522,Ashot Nazaryan,CEO,NO,,Standalone,251E00000X,Home Health,2026-08-06,43,Yes
1962326637,CRESTWELL HEALTH LLC,3838 N CENTRAL AVE STE 922,PHOENIX,AZ,85012,951-295-8304,Mubeen Nisar,Owner,NO,,Standalone,291U00000X,Clinical Medical Laboratory,2026-08-06,45,Yes
1932023421,STELLARMED SUPPLIES INC,5900 BALCONES DR # 32925,AUSTIN,TX,78731,804-816-3608,Emily Willamson,Managing Director,NO,,Standalone,261QU0200X,Urgent Care Center,2026-08-06,46,Yes
1134043839,"EYRIE DALE HEALTHCARE, INC.",110 W VAN BUREN ST,COLORADO SPRINGS,CO,80907,719-475-8686,Soon Burnam,Secretary,NO,,Group — 25 locations (same owner),314000000X,Skilled Nursing Facility,2026-08-05,42,Yes
1295659902,COVENANT HOME HEALTH CARE,1419 NORTHGATE SQ UNIT 12,RESTON,VA,20190,571-215-6166,Victory Paul-Ikhana,Administrator,NO,,Standalone,251E00000X,Home Health,2026-08-05,45,Yes
1023932811,REHOBOTH HOME CARE LLC,1424 E MEADOW LN,OLATHE,KS,66062,913-242-2610,Lucy Njogu,Owner Operator,NO,,Standalone,310400000X,Assisted Living Facility,2026-08-05,44,Yes
1992629802,"REA ENTERPRISES LLC,",128 ELMORE ST,ZANESVILLE,OH,43701,740-487-1804,Ronald Abram,CEO/Director,NO,,Standalone,251E00000X,Home Health,2026-08-05,45,Yes
1447174149,THE SERENITY STARS,81 HALL ST,PROVIDENCE,RI,02904,401-572-4920,Matilda Folarin Adeyemi,Director,NO,,Standalone,251E00000X,Home Health,2026-08-05,45,Yes
1629992474,"CCD HOMECARE SERVICES, LLC",9374 S R 14 #1016,STREETSBORO,OH,44241,234-282-5224,Madeleine Kazadi,Executive Director,NO,,Standalone,251E00000X,Home Health,2026-08-05,45,Yes
1083538821,THE CARSON PHOENIX HEALTH SYSTEM,2820 REEVES LN,ALBANY,GA,31721,229-291-6050,Charlene Porter,Administrator/CEO,NO,,Standalone,251E00000X,Home Health,2026-08-05,44,Yes
1952225716,RAV OPCO LLC,2001 ROSE ARBOR DR,SACRAMENTO,CA,95835,916-216-8958,Greg Klick,Executive Director,NO,,Standalone,310400000X,Assisted Living Facility,2026-08-05,43,Yes
1952225658,"EATON GLEN HEALTHCARE, INC.",1599 INGALLS ST,LAKEWOOD,CO,80214,303-232-3551,Soon Burnam,Secretary,NO,,Group — 25 locations (same owner),314000000X,Skilled Nursing Facility,2026-08-05,42,Yes
1376467076,AYAH HEALTH PLLC,4740 14TH ST STE T3,PLANO,TX,75074,469-300-1050,Ahsan Akram,Owner,NO,,Standalone,261QU0200X,Urgent Care Center,2026-08-05,47,Yes
1639093412,THRIVE DX,17791 SKY PARK CIR STE H,IRVINE,CA,92614,657-237-6399,Michael Blaksley,CEO/Owner,NO,,Standalone,291U00000X,Clinical Medical Laboratory,2026-08-05,46,Yes
1295659126,HEAVENLY HANDS HEALTHCARE LLC,1915 ELKRIDGE ST,DAVENPORT,FL,33837,863-391-8379,Diandra Wright,Secretary,NO,,Standalone,251E00000X,Home Health,2026-08-05,44,Yes
1073437844,VITAL ON THE GO LLC,4806 FORT DODGE ST,ORLANDO,FL,32822,407-454-3751,Julieth Blanco Urrego,PHLEBOTOMY AND MEDICO ASSISTANT,NO,,Standalone,291U00000X,Clinical Medical Laboratory,2026-08-05,46,Yes
1639093651,QUEEN TEEMA'S LOVING ARMS LLC,9631 MCKINNEY ST,DETROIT,MI,48224,313-659-8780,Natima Johnson,owner,NO,,Standalone,251E00000X,Home Health,2026-08-05,44,Yes
1801710504,"FARSHID PAYDAR, LLC",980 WILLOW CREEK RD STE 103,PRESCOTT,AZ,86301,928-649-2600,Farshid Paydar,"AO, President",NO,,Standalone,261QA1903X,Ambulatory Surgery Center,2026-08-05,45,Yes
1427972124,"CLELAND CANYON HEALTHCARE, INC.",2050 S MAIN ST,DELTA,CO,81416,970-874-9773,Soon Burnam,Secretary,NO,,Group — 25 locations (same owner),314000000X,Skilled Nursing Facility,2026-08-05,42,Yes
1992629810,HAND N HAND HOME CARE LLC,2664 SANDPIPER DR,TUCKER,GA,30084,770-676-5884,Jesseka Sanderson,Owner,NO,,Standalone,251E00000X,Home Health,2026-08-05,44,Yes
1598689291,"BUFFALO BENCH HEALTHCARE, INC.",5555 S ELATI ST,LITTLETON,CO,80120,303-798-8686,Soon Burnam,Secretary,NO,,Group — 25 locations (same owner),314000000X,Skilled Nursing Facility,2026-08-05,42,Yes
1932023710,GOLDEN HAND HOME CARE LLC,6457 HEYDEN ST,DEARBORN HEIGHTS,MI,48127,973-666-6720,Sam Rafi,Owner,NO,,Standalone,251E00000X,Home Health,2026-08-05,44,Yes
1104740083,TO EMBRACE ALL CARE INC,14834 SUMMERSONG LN,DELRAY BEACH,FL,33484,561-929-3949,Galia Cleophat,founder,YES,To Embrace All Care Inc,Part of group,251E00000X,Home Health,2026-08-05,44,Yes
1619891314,"KANZA KNOLL HEALTHCARE, INC.",2501 LITTLE BOOKCLIFF DR,GRAND JUNCTION,CO,81501,970-245-1211,Soon Burnam,Secretary,NO,,Group — 25 locations (same owner),314000000X,Skilled Nursing Facility,2026-08-05,42,Yes
1710801535,LOVING HANDS ASSISTED CARE,10410 BELLMAN AVE,DOWNEY,CA,90241,562-441-8446,Jon Gardea,Owner/Administrator,NO,,Standalone,310400000X,Assisted Living Facility,2026-08-05,43,Yes
1548184336,MIRACLE MINDS HOME CARE,13 WILLOW DR,TOWNSEND,MA,01469,917-622-5374,Hudson Ssekilime,CEO,YES,Miracle Minds Ventures Llc,Part of group: Miracle Minds Ventures Llc,251E00000X,Home Health,2026-08-05,44,Yes
1669396545,"TOLEDO CHILDREN'S SURGERY CENTER, LLC",5111 BENORE RD,TOLEDO,OH,43612,419-776-6374,Devin Larsen,CEO,NO,,Standalone,261QA1903X,Ambulatory Surgery Center,2026-08-05,46,Yes
1558285254,URGENTCARE711 PLLC,5860 COLLIN MCKINNEY PKWY STE 602,MCKINNEY,TX,75070,469-977-1263,Chirag Chavda,Owner,NO,,Standalone,261QU0200X,Urgent Care Center,2026-08-05,47,Yes
1144144981,STARLING INTERESTS LLC,440 LOUISIANA ST STE 900,HOUSTON,TX,77002,833-782-7468,Myron Landry,owner,NO,,Standalone,261QU0200X,Urgent Care Center,2026-08-05,47,Yes
1962326660,"PONCHA MOOR HEALTHCARE, INC",515 FAIRVIEW AVE,CANON CITY,CO,81212,719-275-0665,Soon Burnam,Secretary,NO,,Group — 25 locations (same owner),314000000X,Skilled Nursing Facility,2026-08-05,42,Yes
1003730029,"REJUVENATE N EDEN, INC",1918 PANOLA RD,LITHONIA,GA,30058,404-597-2203,Mazie Douglas,President,NO,,Standalone,310400000X,Assisted Living Facility,2026-08-05,44,Yes
1447174156,MY SECOND HOME ASSISTED LIVING LLC,20884 SPRING ST,RIVERSIDE,CA,92507,951-201-9267,Kenya Torres,Administrator,NO,,Standalone,310400000X,Assisted Living Facility,2026-08-05,43,Yes
1497679195,GRACEFUL LIVING ALF AND MEMORY CARE,700 BEVILLE RD,DAYTONA BEACH,FL,32114,389-333-9699,Fanfan Saliba,Administrator,NO,,Standalone,310400000X,Assisted Living Facility,2026-08-05,43,Yes
1154245975,VITALNEST HOME CARE LLC,1300 N SEMORA BLVD STE 130,ORLANDO,FL,32828,407-369-4002,Yurami Diaz Cabrera,"Owner, Administrator",NO,,Standalone,251E00000X,Home Health,2026-08-05,44,Yes
1457275455,PRESTIGE HOME CARE AGENCY LLC,2222 W GRAND RIVER AVE STE A,OKEMOS,MI,48864,616-207-7707,Christopher Duncan,Manager,NO,,Standalone,251E00000X,Home Health,2026-08-05,44,Yes
1114841954,VIORA HOME CARE LLC,43000 W 9 MILE RD,NOVI,MI,48375,248-602-2271,Nahla Zaytuna,Owner,NO,,Standalone,251E00000X,Home Health,2026-08-05,44,Yes
1891619599,"PALISADE PAMPA HEALTHCARE, INC.",2825 PATTERSON RD,GRAND JUNCTION,CO,81506,970-242-7356,Soon Burnam,Secretary,NO,,Group — 25 locations (same owner),314000000X,Skilled Nursing Facility,2026-08-05,42,Yes
1700709953,QUEEN BRIDGE HEALTHCARE SERVICES,3024 GRANDY AVE,NORFOLK,VA,23509,503-516-0683,Carol Beckner,CEO,NO,,Group — 8 locations (shared phone),291U00000X,Clinical Medical Laboratory,2026-08-04,48,Yes
1699698845,KINDRED HEARTS HOME SUPPORT SERVICES LLC,263 E CENTRAL PKWY,TRACY,CA,95391,209-445-8858,Tiffany Grant,Founder,NO,,Standalone,251E00000X,Home Health,2026-08-04,45,Yes
1396668372,SOFT CELL L-FORM LABORATORIES LLC,4125 FAIRWAY DR STE 135,CARROLLTON,TX,75010,503-402-2505,Roel Chavez,CEO,NO,,Group — 2 locations (shared phone),291U00000X,Clinical Medical Laboratory,2026-08-04,48,Yes
1952224990,CAPITOL VIEW HEALTH AND REHAB LLC,4735 S 54TH ST,LINCOLN,NE,68516,385-498-0194,Wendy Anderson,Corporate Business Officer,NO,,Group — 17 locations (shared phone),314000000X,Skilled Nursing Facility,2026-08-04,43,Yes
1548184526,GENUINELY LOVED HOME CARE,1618 POST DR,OMAHA,NE,68114,402-810-5442,Rita Baker,Owner,NO,,Standalone,251E00000X,Home Health,2026-08-04,45,Yes
1770406886,"MEDLIFE URGENT CARE, INC.",11686 THE PLAZA,NORWALK,CA,90650,562-219-4903,Mohammad Siddiqui,MEDICAL DIRECTOR,NO,,Standalone,261QU0200X,Urgent Care Center,2026-08-04,48,Yes
1174446116,EVORA URGENT CARE PLC,4828 ALLEN RD,ALLEN PARK,MI,48101,313-444-2323,Sally Khalifa,President,NO,,Standalone,261QU0200X,Urgent Care Center,2026-08-04,48,Yes
1174446322,CLINTON HEALTHCARE SERVICES,3024 GRANDY AVE,NORFOLK,VA,23509,503-516-0683,Carol Beckner,CEO,NO,,Group — 8 locations (shared phone),291U00000X,Clinical Medical Laboratory,2026-08-04,48,Yes
1790608735,FOUNDERS POINTE HEALTH AND REHAB LLC,318 W 18TH ST,COZAD,NE,69130,385-498-0194,Wendy Anderson,Corporate Business Officer,NO,,Group — 17 locations (shared phone),314000000X,Skilled Nursing Facility,2026-08-04,43,Yes
1154244168,LEGACY TERRACE LLC,9823 RATHBURN AVE,NORTHRIDGE,CA,91325,818-626-8954,Palie Karamanougian,owner,NO,,Standalone,310400000X,Assisted Living Facility,2026-08-04,44,Yes
1588587646,TRUSTED DIAGNOSTICS LLC,16724 SAINT MARYS ST,DETROIT,MI,48235,313-687-4445,Tatrina Howard,Lab Director,NO,,Standalone,291U00000X,Clinical Medical Laboratory,2026-08-04,48,Yes
1669395794,QUAIL RUN HEALTH AND REHAB LLC,2855 40TH AVE,COLUMBUS,NE,68601,385-498-0194,Wendy Anderson,Corporate Business Officer,NO,,Group — 17 locations (shared phone),314000000X,Skilled Nursing Facility,2026-08-04,43,Yes
1225951387,UNITY HOMECARE ASSISTED LIVING,94 RED TOAD RD,NORTH EAST,MD,21901,302-345-6199,Lois Ekwe,Owner,NO,,Standalone,310400000X,Assisted Living Facility,2026-08-04,45,Yes
1962325928,"THE BROOK RETIREMENT COMMUNITIES, INC.",14595 215TH AVE,BIG RAPIDS,MI,49307,231-592-1000,Sandra Altman-Elliott,CEO,NO,,Standalone,310400000X,Assisted Living Facility,2026-08-04,45,Yes
1538082508,"KANSAS EYE SURGERY CENTER, LLC",2525 S OHIO ST,SALINA,KS,67401,620-245-0556,Esther Rettig,OWNER,NO,,Standalone,261QA1903X,Ambulatory Surgery Center,2026-08-04,47,Yes
1457274607,CARESPHERE DME LLC,3138 1/2 LA MADERA AVE,EL MONTE,CA,91732,626-541-1613,Jose Jimenez,CEO,NO,,Group — 2 locations (shared phone),291U00000X,Clinical Medical Laboratory,2026-08-04,47,Yes
1023931177,HANDS FROM ABOVE LLC,4020 EIERMAN AVE,BALTIMORE,MD,21206,443-983-2906,Deatra M Owens,Owner,NO,,Standalone,251E00000X,Home Health,2026-08-04,45,Yes
1285557215,NOBLE TOUCH HOME CARE,7657 DORCHESTER RD STE 5,NORTH CHARLESTON,SC,29418,843-718-1398,Nateara Glover,Owner,NO,,Standalone,251E00000X,Home Health,2026-08-04,46,Yes
1487577524,GRAND ISLAND HEALTH AND REHAB LLC,1405 W US HIGHWAY 34,GRAND ISLAND,NE,68801,385-498-0194,Wendy Anderson,Corporate Business Officer,NO,,Group — 17 locations (shared phone),314000000X,Skilled Nursing Facility,2026-08-04,43,Yes
1851214803,COTTONWOOD GROVE HEALTH AND REHAB LLC,1001 SOUTH ST,LINCOLN,NE,68502,,,,,,Standalone,314000000X,Skilled Nursing Facility,2026-08-04,43,Yes
1528981776,ABODE CARE LLC,1005 HONEYSUCKLE LN,FARMINGTON,MN,55024,612-401-6011,Emeka Anyanwu,Managing Member,NO,,Standalone,310400000X,Assisted Living Facility,2026-08-04,45,Yes
1659295608,SOUTH WEST GEORGIA HOMECARE LLC,232 19TH ST NW UNIT 7305,ATLANTA,GA,30363,330-942-4884,Justin Atkins,Lead Organizer,NO,,Standalone,251E00000X,Home Health,2026-08-04,45,Yes
1619890639,PRIMA HEALTHCARE SERVICES LLC,2170 HIGH MESA DR,HENDERSON,NV,89012,702-768-5591,Neda Ballard,MANAGER,NO,,Standalone,251E00000X,Home Health,2026-08-04,46,Yes
1497679476,"MISH HOME CARE SERVICES, LLC",201 E MAIN ST STE B,LEESBURG,FL,34748,321-353-3480,Michelle Johnson,CEO,NO,,Standalone,251E00000X,Home Health,2026-08-04,45,Yes
1831012202,"COOS BAY OF CASCADIA, LLC",2625 COOS BAY BLVD,COOS BAY,OR,97420,208-401-9600,Owen Hammond,President,NO,,Group — 2 locations (shared phone),314000000X,Skilled Nursing Facility,2026-08-03,45,Yes
1760305189,SHINES WITH LOVE  LLC CONSUMER DIRECT SERVICES,4833 ST.LOUIS AVE,ST LOUIS,MO,63115,314-629-7707,Dawn Phifer,OWNER/MEMBER,NO,,Standalone,251E00000X,Home Health,2026-08-03,46,Yes
1538082904,KARAMCO LLC,9448 ROAN LN UNIT B,WEST PALM BEACH,FL,33403,651-781-7871,Yassin Aloqdi,President,NO,,Group — 2 locations (shared phone),261QU0200X,Urgent Care Center,2026-08-03,49,Yes
1770406985,FIRST HANDS ON HOME CARE,18637 CONLEY ST,DETROIT,MI,48234,586-625-0060,Briana Washington,ceo,NO,,Standalone,251E00000X,Home Health,2026-08-03,46,Yes
1295658680,GREAT LAKES HOME CARE PARTNERS LLC,3424 LINGER LN,SAGINAW,MI,48601,336-602-8682,Dexter O'Steen,Owner/Founder,NO,,Standalone,251E00000X,Home Health,2026-08-03,46,Yes
1861315285,AFIC GROUP OF COA LLC,1422 W TRAMMELL ST,LANTANA,FL,33462,579-400-1124,Jordan Bell,President,NO,,Group — 2 locations (shared phone),261QU0200X,Urgent Care Center,2026-08-03,49,Yes
1477476745,"SMITH MOUNTAIN LAKE HEALTH & REHAB CENTER, LLC",640 SCRUGGS ROAD,MONETA,VA,24121,826-253-6550,William Weisberg,President,YES,"Saber Healthcare Holdings, Llc","Part of group: Saber Healthcare Holdings, Llc",314000000X,Skilled Nursing Facility,2026-08-03,45,Yes
1710800198,NATIONAL SELECT CARE,23109 DAVIS MILL RD,GERMANTOWN,MD,20876,301-919-9051,James Wornyo,MD,NO,,Standalone,261QU0200X,Urgent Care Center,2026-08-03,49,Yes
1376466615,SUITE LIVING SENIOR CARE OF CHASKA,309 HUNDERTMARK ROAD EAST,CHASKA,MN,55318,651-770-2273,Audrey Mcelwain,Director of Operations,NO,,Group — 2 locations (shared phone),310400000X,Assisted Living Facility,2026-08-03,46,Yes
1336062553,MALAKI'S LOVING CARE,318 OVERHILL DR,ARLINGTON,TX,76010,817-602-2427,Shamequel Kennard,Owner,NO,,Standalone,310400000X,Assisted Living Facility,2026-08-03,46,Yes
1407779853,STRIVE CONCIERGE NURSING REFERRAL SERVICES,300 SPECTRUM CENTER DR STE 400,IRVINE,CA,92618,949-204-3528,Ronald Avery,Owner / managing member,NO,,Standalone,251E00000X,Home Health,2026-08-03,46,Yes
1689597924,WARM EMBRACE CARE SERVICES LLC,9312 ELMTREE CT,INDIANAPOLIS,IN,46235,317-414-6845,Amber Hall,owner,NO,,Standalone,251E00000X,Home Health,2026-08-03,46,Yes
1972426443,MIDWEST LAB SERVICES LLC,5990 WILCOX PL STE C,DUBLIN,OH,43016,614-553-7046,Lusine Yeghiazaryan,Owner,NO,,Standalone,291U00000X,Clinical Medical Laboratory,2026-08-03,49,Yes
1144143694,SUMMIT HEALTH & MEDICAL LLC,11220 W BURLEIGH ST,WAUWATOSA,WI,53222,312-221-7889,Mohammed Sajjad Ali,Director/ Owner,NO,,Group — 2 locations (same owner),291U00000X,Clinical Medical Laboratory,2026-08-03,49,Yes
1962325332,PASSION CARE LLC,608 DOLORES DR,LAS VEGAS,NV,89107,702-752-8902,Yaneth Hernandez Lopez,OWNER,NO,,Standalone,251E00000X,Home Health,2026-08-03,47,Yes
1811810161,THE LOMBARDO HOME,511 75TH ST NW,BRADENTON,FL,34209,941-580-4348,Maria Lombardo,Administrator,YES,The Lombardo Home,Part of group,310400000X,Assisted Living Facility,2026-08-03,45,Yes
1033032362,"CENTURION OF FLORIDA, LLC",11120 NW GAINESVILLE RD,OCALA,FL,34482,850-583-4801,Ruth Feltner,Administrator,NO,,Standalone,261QA1903X,Ambulatory Surgery Center,2026-08-03,47,Yes
1619890001,CELESTIAL SENIOR LIVING LLC,9942 CAMBRIA CIR,MORENO VALLEY,CA,92557,909-320-9015,Celeste Mejia,Administrator,NO,,Standalone,310400000X,Assisted Living Facility,2026-08-03,45,Yes
1295658482,MOE HOUSE OF COMFORT LLC,10002 MURRAY BROOK DR,HOUSTON,TX,77071,832-980-0016,Shannon Allen,DIRECTOR,NO,,Standalone,310400000X,Assisted Living Facility,2026-08-03,46,Yes
1538082706,AV ASSISTED LIVING,10252 E AVENUE S,LITTLEROCK,CA,93543,818-469-2001,Arlen Shaheverdian,Licensee,NO,,Standalone,310400000X,Assisted Living Facility,2026-08-03,45,Yes
1013830579,GOLD CARE HOME HEALTH LLC,6105 MEMORIAL HWY STE A4,TAMPA,FL,33615,813-290-7325,Liliana Hernandez,"Owner, Administrator, CFO",NO,,Standalone,251E00000X,Home Health,2026-08-03,46,Yes
1528981008,EVER WELL AT HOME CORP,101925 OVERSEAS HWY STE 105,KEY LARGO,FL,33037,786-800-3407,Yesenia Canalda Martinez,"Owner, Administrator, DON",NO,,Standalone,251E00000X,Home Health,2026-08-03,46,Yes
1790608107,RESERVATION DESK LLC,4020 DUSTIN RD,BURTONSVILLE,MD,20866,240-390-7783,Ahtesham Sayyed,Owner,NO,,Standalone,291U00000X,Clinical Medical Laboratory,2026-08-03,49,Yes
1437072725,HORIZONCARE LAB LLC,6201 BONHOMME RD STE 252N,HOUSTON,TX,77036,757-235-4340,Damaruka Sai Seetha Ram Chimma,Owner,NO,,Standalone,291U00000X,Clinical Medical Laboratory,2026-08-03,49,Yes
1790608164,FIRST CHOICE DIAGNOSTICS,822 E 20TH ST,LOS ANGELES,CA,90011,646-980-3580,Ryan Smith,owner,NO,,Group — 5 locations (shared phone),291U00000X,Clinical Medical Laboratory,2026-08-03,48,Yes
1669395042,FOX HOME CARE SOLUTIONS LLC,5000 THAYER CTR STE C,OAKLAND,MD,21550,240-776-5662,Loretta Brown Brown,Owner/CEO,NO,,Standalone,251E00000X,Home Health,2026-08-03,46,Yes
1740103092,ANGELES FRANCISCO LLC,2441 TASHA DR,ANCHORAGE,AK,99502,907-215-1520,Luisa Angeles,Administrator,NO,,Standalone,310400000X,Assisted Living Facility,2026-08-03,45,Yes
1740103910,WYOMING SNF LLC,236 WARRIOR WAY,NEW RICHMOND,WV,24867,304-294-7586,Robert Cohen,Authorized official,NO,,Group — 11 locations (same owner),314000000X,Skilled Nursing Facility,2026-08-03,45,Yes
1891618278,KARSYN CARES LLC,6000 N 38TH ST,MILWAUKEE,WI,53209,262-225-8008,Porsha Carson,Owner/CEO,NO,,Standalone,251E00000X,Home Health,2026-08-03,47,Yes
1235052531,DETRIOT HEALTH SUPPLIES,3024 GRANDY AVE,NORFOLK,VA,23509,503-516-0683,Carol Beckner,ceo,NO,,Group — 8 locations (shared phone),291U00000X,Clinical Medical Laboratory,2026-08-03,49,Yes
1578486825,MCDOWELL SNF LLC,150 VENUS ROAD,GARY,WV,24836,304-448-2121,Robert Cohen,Authorized official,NO,,Group — 11 locations (same owner),314000000X,Skilled Nursing Facility,2026-08-03,45,Yes
1285557520,SUITE LIVING SENIOR CARE OF CORCORAN,7325 BROCKTON LANE NORTH,CORCORAN,MN,55340,651-770-2273,Audrey Mcelwain,Director of Operations,NO,,Group — 2 locations (shared phone),310400000X,Assisted Living Facility,2026-08-03,46,Yes
1467375675,LADYBUG HEALTHCARE SERVIES,3024 GRANDY AVE,NORFOLK,VA,23509,503-516-0683,Carol Beckner,CEO,NO,,Group — 8 locations (shared phone),291U00000X,Clinical Medical Laboratory,2026-08-03,49,Yes
1811810021,PORTLAND HEALTH SUPPLIES,3024 GRANDY AVE,NORFOLK,VA,23509,503-516-0683,Carol Beckner,ceo,NO,,Group — 8 locations (shared phone),291U00000X,Clinical Medical Laboratory,2026-08-03,49,Yes
1306769609,SACRAMENTO HEALTH SUPPLIES,3024 GRANDY AVE,NORFOLK,VA,23509,503-516-0683,Carol Beckner,ceo,NO,,Group — 8 locations (shared phone),291U00000X,Clinical Medical Laboratory,2026-08-03,49,Yes
1952224123,HAWSE SNF LLC,18086 STATE ROUTE 55,BAKER,WV,26801,304-897-5903,Meir Spitzer,Authorized official,NO,,Group — 8 locations (same owner),314000000X,Skilled Nursing Facility,2026-08-03,45,Yes
1720901937,SUNSHINE HEALTH SUPPLIES,3024 GRANDY AVE,NORFOLK,VA,23509,503-516-0683,Carol Beckner,ceo,NO,,Group — 8 locations (shared phone),291U00000X,Clinical Medical Laboratory,2026-08-03,49,Yes
1760305213,APEX HEALTH & MEDICAL LLC,790 N MILWAUKEE ST STE 300,MILWAUKEE,WI,53202,312-221-8442,Mohammed Sajjad Ali,Owner/Director,NO,,Group — 2 locations (same owner),291U00000X,Clinical Medical Laboratory,2026-08-03,49,Yes
1588587877,OMNICARE RESIDENTIAL LLC,154 THAMES ST,THOUSAND OAKS,CA,91360,805-777-8143,Laila Kulungu,Administrator,NO,,Standalone,310400000X,Assisted Living Facility,2026-08-03,45,Yes
1780507376,ABLE CARE SERVICES,325 W UPPER FERRY RD,EWING,NJ,08628,757-510-8086,Gokah Evans,Administrator,NO,,Group — 2 locations (shared phone),251E00000X,Home Health,2026-08-01,48,Yes
1558284083,HUMBLE HAVEN RCFE IV,4036 TOURNAMENT DR,PALMDALE,CA,93551,707-688-5606,Nicole De Las Alas,Owner,YES,Humble Haven Rcfe Ii,Part of group: Humble Haven Rcfe Ii,310400000X,Assisted Living Facility,2026-08-01,47,Yes
1447173950,PRIMECARE HOME HEALTH INC,8522 FOOTHILL BLVD STE 207,SUNLAND,CA,91040,818-626-5334,Gor Pepanyan,CEO,NO,,Standalone,251E00000X,Home Health,2026-08-01,48,Yes
1679496178,"ALTITUDE SURGICAL CENTER, LLC",2955 PROFESSIONAL PL STE 100,COLORADO SPRINGS,CO,80904,979-204-6807,Matthew Whinery,Physician,NO,,Standalone,261QA1903X,Ambulatory Surgery Center,2026-08-01,49,Yes
1912820531,EQUIPWISER LLC,320 N EUCLID AVE UNIT 219,ONTARIO,CA,91762,909-257-1628,Ibraheem Jabbar,CEO,NO,,Group — 2 locations (shared phone),291U00000X,Clinical Medical Laboratory,2026-07-31,51,Yes
1881517480,SHELBY CARE AT HOME,227 COUNTY ROAD 108,MONTEVALLO,AL,35115,205-597-7780,Patricia Mcbride,Owner / Supervisor,NO,,Standalone,251E00000X,Home Health,2026-07-31,49,Yes
1689597205,HEALORA LLC,320 N EUCLID AVE UNIT 219,ONTARIO,CA,91762,909-257-1628,Ibraheem Jabbar,CEO,NO,,Group — 2 locations (shared phone),291U00000X,Clinical Medical Laboratory,2026-07-31,51,Yes
1902729684,"FRESENIUS MEDICAL CARE GORDON COUNTY, LLC",909 CURTIS PARKWAY SE,CALHOUN,GA,30701,762-204-6106,Denise Wright,Vice President,YES,"Fresenius Medical Care Holdings, Inc.","Part of group: Fresenius Medical Care Holdings, Inc.",261QE0700X,Dialysis / ESRD Treatment Facility,2026-07-31,51,Yes
1356264048,LEGACY HANDS HEALTHCARE SERVICES LLC,112 MAIN ST STE B,BYRON,GA,31008,478-672-7494,Sandra Whiters,Administrator/LPN,NO,,Standalone,291U00000X,Clinical Medical Laboratory,2026-07-31,51,Yes
1851214415,ROSALBA CARE FOR EVER CORP,12855 SW 136TH AVE STE 103,MIAMI,FL,33186,786-342-0994,Yaneth Ventura Marin,President,NO,,Standalone,251E00000X,Home Health,2026-07-31,49,Partial
1902729627,SHAM GROUP LLC,2021 E HENNEPIN AVE STE 402-6,MINNEAPOLIS,MN,55413,612-478-0591,Sharmake Ahmed,President,NO,,Standalone,251E00000X,Home Health,2026-07-31,49,Yes
1922921659,"JUST LIKE YOUR HOME, INC.",1616 JORK RD STE 101,JACKSONVILLE,FL,32207,904-453-8129,Gail James,Administrator,NO,,Standalone,251E00000X,Home Health,2026-07-31,49,Yes
1386567980,SMITH LAB TESTING LLC,33 J C BRISTER RD LOT 2,TYLERTOWN,MS,39667,601-551-7623,Deundra Smith,Specimen Collector,NO,,Standalone,291U00000X,Clinical Medical Laboratory,2026-07-31,52,Yes
1841113594,NELLIE'S WAY & SUPPORT,536 DEER RUN DR,YOUNGSTOWN,OH,44512,330-507-4353,Roseann Onesti,"Owner, DOO",NO,,Standalone,251E00000X,Home Health,2026-07-31,50,Yes
1245153808,VITALITY HEALTHCARE SERVICES,324 NETHERLAND AVE,STATEN ISLAND,NY,10303,347-524-1083,Anthonia Latunji,DIRECTOR,NO,,Standalone,251E00000X,Home Health,2026-07-31,50,Yes
1811810443,WORTH THE WAIT ENTERPRISE LLC,220 W CONGRESS ST FL 2,DETROIT,MI,48226,313-466-5884,Taylor Corggens,Owner,NO,,Standalone,251E00000X,Home Health,2026-07-31,49,Yes
1083537740,PURECARE DIAGNOSTICS,2743 SMITH RD STE 2503,PEARLAND,TX,77584,713-379-2780,Khader Syed,owner,NO,,Standalone,261QU0200X,Urgent Care Center,2026-07-31,52,Yes
1639092398,CAROLINA CONNECTIONS HOME CARE LLC,13366 NC 171,JAMESVILLE,NC,27846,443-721-4427,Aaron Biggs,Owner CEO,NO,,Standalone,251E00000X,Home Health,2026-07-31,49,Yes
1003739723,RESILIENCE CARE PARTNERS LLC,1454 WESTWOOD DR,FLINT,MI,48532,810-332-7797,Mishari Ryan,Owner/operator,NO,,Standalone,251E00000X,Home Health,2026-07-31,49,Yes
1356264964,"XENCARE IV, INC.",6601 N MERIDIAN AVE,FRESNO,CA,93710,559-434-1839,George Kutnerian,Manager,NO,,Standalone,310400000X,Assisted Living Facility,2026-07-31,48,Yes
1154244853,ACCURATE DIAGNOSTICS LLC,715 DISCOVERY BLVD STE 310,CEDAR PARK,TX,78613,512-872-6222,Mohmed Ashmaig,Owner,NO,,Standalone,291U00000X,Clinical Medical Laboratory,2026-07-31,52,Yes
1316860950,WINNETKA ASSISTED LIVING INC.,20152 ACRE ST,WINNETKA,CA,91306,747-243-7965,Artur Vahramyan,Licensee,NO,,Standalone,310400000X,Assisted Living Facility,2026-07-31,48,Yes
1144143835,"SODALIS OPERATIONS SARASOTA, LLC",5601 N HONORE AVE,SARASOTA,FL,34243,830-624-1044,Michael Mcclain,CFO,YES,"Sodalis Elder Living Communities, Llc","Part of group: Sodalis Elder Living Communities, Llc",310400000X,Assisted Living Facility,2026-07-31,49,Yes
1730002437,LABORATORY CORPORATION OF AMERICA,3218 S 79TH EAST AVE STE 101,TULSA,OK,74145,918-703-4673,Evan Smith,"VP, Revenue Cycle Managment",NO,,Group — 4 locations (same owner),291U00000X,Clinical Medical Laboratory,2026-07-31,52,Partial
1699698258,FOXGLOVE WELLNESS AND REHABILITATION LLC,900 S STONE ST,SIGOURNEY,IA,52591,641-622-2971,Rachel Silver,CFO,NO,,Group — 2 locations (same owner),310400000X,Assisted Living Facility,2026-07-31,49,Yes
1467375097,MONTE HEALTH ALF CORP,1816 NW 1ST AVE,CAPE CORAL,FL,33993,786-445-3993,Dalia Catalan Monte,Owner,NO,,Standalone,310400000X,Assisted Living Facility,2026-07-31,48,Yes
1043133861,KELITH INC,3003 32ND AVE S STE 240,FARGO,ND,58103,406-309-6462,Cheryl Mason-Gallant,Owner,NO,,Group — 84 locations (shared phone),261QU0200X,Urgent Care Center,2026-07-30,53,Yes
1922921824,TMG HOME HEALTH CARE,8316 PLANO CT,RALEIGH,NC,27616,984-403-2926,Ayonna Morrow,Owner,NO,,Standalone,251E00000X,Home Health,2026-07-30,50,Yes
1932021847,QUEST DIAGNOSTICS CLINICAL LABORATORIES INC,1920 E GRIFFIN PKWY,MISSION,TX,78572,956-584-3353,Leah Timmerman,Vice President,YES,Quest Diagnostics Incorporated,Part of group: Quest Diagnostics Incorporated,291U00000X,Clinical Medical Laboratory,2026-07-30,53,Yes
1851214779,KORRYN LLC,221 MAIN ST STE R,NASHUA,NH,03060,,,,,,Standalone,261QU0200X,Urgent Care Center,2026-07-30,53,Yes
1871416685,ROS'S DIVINE KINGDOM CARE LLC,3859 CHIMNEY CREEK DR,VIRGINIA BEACH,VA,23462,757-419-6982,Rosalyn Clay,owner,NO,,Standalone,251E00000X,Home Health,2026-07-30,51,Yes
1346163219,YAKAMOTO DIAGNOSTICS LLC,1201 US HIGHWAY 1 STE 315,NORTH PALM BEACH,FL,33408,561-308-0865,Damaris Gonzalez,Director of Operations,NO,,Standalone,291U00000X,Clinical Medical Laboratory,2026-07-30,52,Yes
1639092455,KELITH INC,3003 32ND AVE S STE 240,FARGO,ND,58103,406-309-6462,Cheryl Mason-Gallant,Owner,NO,,Group — 84 locations (shared phone),291U00000X,Clinical Medical Laboratory,2026-07-30,53,Yes
1902729783,A BRIGHT FIRST INC,7407 LESADA DR APT 1C,WINDSOR MILL,MD,21244,347-392-9898,Michael Harris,Manager,NO,,Group — 2 locations (shared phone),261QU0200X,Urgent Care Center,2026-07-30,53,Yes
1053234971,KORRYN LLC,221 MAIN ST STE R,NASHUA,NH,03060,406-309-6462,Bianca Butler,Owner,NO,,Group — 84 locations (shared phone),291U00000X,Clinical Medical Laboratory,2026-07-30,53,Yes
1336062124,ONSITE CLINICAL PARTNERS LLC,259 LIVERPOOL RD,ROCK HILL,SC,29730,803-526-7699,Angelique Mendoza,Manager,NO,,Standalone,291U00000X,Clinical Medical Laboratory,2026-07-30,53,Yes
1427971332,GOOD SHEPHERD HEALTH CARE SYSTEM,1050 W ELM AVE STE 140,HERMISTON,OR,97838,541-667-3661,Jonathan Edwards,COO/CFO,YES,Good Shepherd Health Care System,Part of group,261QE0700X,Dialysis / ESRD Treatment Facility,2026-07-30,52,Yes
1649193418,TRUMED CLINICAL LABS LLC,2545 W PETERSON AVE STE 102,CHICAGO,IL,60659,773-943-0322,Fnu Samiullah,Owner,NO,,Standalone,291U00000X,Clinical Medical Laboratory,2026-07-30,52,Yes
1679496475,DONECARE LLC,3138 1/2 LA MADERA AVE,EL MONTE,CA,91732,626-541-1613,Jose Jimenez,CEO,NO,,Group — 2 locations (shared phone),291U00000X,Clinical Medical Laboratory,2026-07-30,52,Yes
1922921881,"NOVANT HEALTH NORTHERN REGIONAL MEDICAL CENTER, LLC",119 WELCH RD STE A,MOUNT AIRY,NC,27030,336-719-7200,Leea Walton,RCS Manager,NO,,Standalone,261QU0200X,Urgent Care Center,2026-07-30,53,Yes
1871416784,METROCARE HOME SERVICES,7409 37TH AVE STE 201,JACKSON HEIGHTS,NY,11372,347-421-9492,Asef Bari,CEO,YES,Bari Home Care Llc,Part of group: Bari Home Care Llc,251E00000X,Home Health,2026-07-30,51,Yes
1871416776,HEARTFELT SERVICES,4700 MILLHAVEN DR SE,KENTWOOD,MI,49548,616-930-1333,Tisha Lucas,Owner,NO,,Standalone,251E00000X,Home Health,2026-07-30,50,Yes
1609799444,KACHEMAK HOUSE LLC,139 SKYLINE DRIVE,HOMER,AK,99603,907-795-9050,Abigail O'Connor,"Manager, Member",NO,,Standalone,310400000X,Assisted Living Facility,2026-07-30,49,Yes
1295658136,LEGENDS OPCO LLC,811 KEYLON ST,MANCHESTER,TN,37355,931-450-5150,Matt Nussbaum,Manager,NO,,Standalone,314000000X,Skilled Nursing Facility,2026-07-30,49,Yes
1124941083,EDWARDSPROCARE LLC,25690 NUWAY AVE,WARREN,MI,48091,248-234-4255,Stephanie Edwards,ADMIN,NO,,Standalone,251E00000X,Home Health,2026-07-30,50,Yes
1447173216,"PORTLAND OF OLYMPUS, LLC",19751 SE STARK ST,PORTLAND,OR,97233,,,,,,Standalone,310400000X,Assisted Living Facility,2026-07-30,50,Yes
1699698456,GRACEFUL LIVING ADULT HOME RCFE,841 E MEATS AVE,ORANGE,CA,92865,562-688-8895,Donia Anaim,Licensee,NO,,Standalone,310400000X,Assisted Living Facility,2026-07-30,49,Yes
1790608537,PALMETTO OPCO LLC,7014 HIGHWAY 71,PALMETTO,LA,71358,337-623-4227,Victor Gum,MANAGER,YES,Legacy Lc Holdings Llc,Part of group: Legacy Lc Holdings Llc,314000000X,Skilled Nursing Facility,2026-07-30,48,Yes
1952224842,BARBARA'S TOUCH LLC,8412 COEBURN ST,SACRAMENTO,CA,95823,916-890-4866,Barbara Hall-Williams,Administrator,NO,,Standalone,310400000X,Assisted Living Facility,2026-07-30,49,Yes
1104749936,FAITH AND COMFORT LIVING LLC,3818 JUPITER BLVD SE,PALM BAY,FL,32909,772-268-1517,Nixie Brown Fraser,Owner/Administrator,NO,,Standalone,310400000X,Assisted Living Facility,2026-07-30,49,Yes
1255254041,VIG'S PLACE,23109 VISTA DELGADO DR,VALENCIA,CA,91354,661-627-4444,Anna Bagarian,CEO,NO,,Standalone,310400000X,Assisted Living Facility,2026-07-30,49,Yes
1629990783,GRAVLITH LLC,1717 N ST NW STE 1,WASHINGTON,DC,20036,406-309-6462,Eward Mckinley Smith,Owner,NO,,Group — 84 locations (shared phone),291U00000X,Clinical Medical Laboratory,2026-07-29,53,Yes
1548182611,KYRQUEN LLC,971 US HIGHWAY 202 N STE A,BRANCHBURG,NJ,08876,406-309-6462,Mukesh Patel,Owner,NO,,Group — 84 locations (shared phone),261QU0200X,Urgent Care Center,2026-07-29,54,Yes
1265354377,"MERCY BIOANALYTICS, INC.",880 WINTER ST STE 2003,WALTHAM,MA,02451,781-392-5394,Ellen Snow,Chief Financial Officer,NO,,Standalone,291U00000X,Clinical Medical Laboratory,2026-07-29,54,Yes
1336061316,TRUE ANGELS PRIVATE  HOMEHEALTH  CARE,200 CHARTER LN APT 604,MACON,GA,31210,478-877-6956,Lakecia Pete-Crayton,CNA/ OWNER,NO,,Standalone,251E00000X,Home Health,2026-07-29,51,Yes
1982526992,"LEISURE LIVING MANAGEMENT OF HOLLAND, INC.",340 W 40TH ST,HOLLAND,MI,49423,616-394-0302,Stephen Levy,Agent for Owner,NO,,Standalone,310400000X,Assisted Living Facility,2026-07-29,51,Yes
1487576633,CURAHEART LLC,428 S DURBIN ST STE 102,CASPER,WY,82601,307-337-4284,Michel Skaf,President and CEO,NO,,Standalone,261QA1903X,Ambulatory Surgery Center,2026-07-29,53,Yes
1255253357,THE DENTAL ANESTHESIA CENTER DR. SALAMEH,3437 CENTER RD STE B,BRUNSWICK,OH,44212,330-460-6540,Lauren Jones,Office Manager,NO,,Standalone,261QA1903X,Ambulatory Surgery Center,2026-07-29,53,Yes
1386566404,OMNIA DX INC,3014 N HOLLYWOOD WAY,BURBANK,CA,91505,818-934-8088,Liana Aghajanyan,CEO,NO,,Group — 2 locations (shared phone),291U00000X,Clinical Medical Laboratory,2026-07-29,53,Yes
1720900897,PLYZENDRA LLC,2389 MAIN ST STE 100,GLASTONBURY,CT,06033,406-309-6462,Yaniv Brown,Owner,NO,,Group — 84 locations (shared phone),291U00000X,Clinical Medical Laboratory,2026-07-29,53,Yes
1063334092,EPIC SENIOR CARE INC,10916 W 101ST ST,OVERLAND PARK,KS,66214,913-600-5539,Faith Ngugi,OPERATOR,NO,,Standalone,310400000X,Assisted Living Facility,2026-07-29,51,Yes
1902728066,NIZZLEFOX LLC,1209 MOUNTAIN ROAD PL NE STE N,ALBUQUERQUE,NM,87110,406-309-6462,Cheryl Jasewicz,Owner,NO,,Group — 84 locations (shared phone),261QU0200X,Urgent Care Center,2026-07-29,54,Yes
1962324038,MYSTAN LLC,145 PINE HAVEN SHORES RD STE 1000A,SHELBURNE,VT,05482,406-309-6462,Renato Namoc,Owner,NO,,Group — 84 locations (shared phone),291U00000X,Clinical Medical Laboratory,2026-07-29,54,Yes
1679495782,NEARSIDE HOME CARE LLC,309 VINE ST APT 539,CINCINNATI,OH,45202,513-319-9816,Gardannas Meadows,Managing Member,NO,,Standalone,251E00000X,Home Health,2026-07-29,52,Yes
1184546335,"GENESIS HOME CARE, LLC",306 COURT SQ,SANFORD,NC,27330,919-770-2617,Tawanna Mclean,Owner,NO,,Standalone,251E00000X,Home Health,2026-07-29,51,Yes
1427970573,GOLDEN HOME CARE LLC,212 N 2ND ST STE 100,RICHMOND,KY,40475,701-620-1498,Ogiste Masengo,owner,NO,,Standalone,251E00000X,Home Health,2026-07-29,51,Yes
1093637092,LEGACY CLINICAL LABORATORIES LLC,6671 SOUTHWEST FWY STE 711,HOUSTON,TX,77074,346-396-1252,Muhammad Ahmed,Owner,NO,,Group — 41 locations (shared phone),291U00000X,Clinical Medical Laboratory,2026-07-29,54,Yes
1942122189,PASSIONATECARE CAREGIVER SERVICE,5424 IRIS HOLLOW RD,SLIDELL,LA,70461,985-201-7547,Mary Mason,Owner,NO,,Standalone,251E00000X,Home Health,2026-07-29,51,Yes
1639091689,CLEAR CHOICE COLLECTIONS,47 ASHBY STATE RD STE 101L,FITCHBURG,MA,01420,774-364-0607,Iris Simongkhoun,Phlebotomist,NO,,Standalone,291U00000X,Clinical Medical Laboratory,2026-07-29,54,Yes
1386566446,NIZZLEFOX LLC,1209 MOUNTAIN ROAD PL NE STE N,ALBUQUERQUE,NM,87110,406-309-6462,Cheryl Jasewicz,Owner,NO,,Group — 84 locations (shared phone),291U00000X,Clinical Medical Laboratory,2026-07-29,54,Yes
1023930146,BEAUFORT COUNTY MEMORIAL HOSPITAL,1016 WILLIAM HILTON PKWY,HILTON HEAD ISLAND,SC,29928,843-522-5200,Christine Markowitz,CFO,YES,Beaufort County Memorial Hospital,Part of group,261QU0200X,Urgent Care Center,2026-07-29,54,Yes
1942122015,KYRQUEN LLC,971 US HIGHWAY 202 N STE A,BRANCHBURG,NJ,08876,406-309-6462,Mukesh Patel,Owner,NO,,Group — 84 locations (shared phone),291U00000X,Clinical Medical Laboratory,2026-07-29,54,Yes
1598687436,OAK & IVORY HOMECARE,168 PINE KNOLL DR APT 1A,BATTLE CREEK,MI,49014,269-446-0631,Ariana Cook,Owner,NO,,Standalone,251E00000X,Home Health,2026-07-29,51,Yes
1114849296,A&Y MOBILE DETAILING LLC,1044 S 14TH ST,LANTANA,FL,33462,651-781-7871,Ahmad Aloqdi,Owner,NO,,Group — 2 locations (shared phone),261QU0200X,Urgent Care Center,2026-07-29,54,Yes
1215859376,SOLUNITH LLC,6212 E PINE LN UNIT 2145,PARKER,CO,80138,406-309-6462,Robert Shutt,Owner,NO,,Group — 84 locations (shared phone),261QU0200X,Urgent Care Center,2026-07-29,54,Yes
1891617049,"PRESTIGE CARE, LLC",9405 N MAIN ST,KANSAS CITY,MO,64155,816-914-7173,Lushonda Smith,Owner,NO,,Standalone,251E00000X,Home Health,2026-07-29,51,Yes
1770405706,GAMELI CARE SOLUTIONS LLC.,7075 ALISO AVE,WEST PALM BEACH,FL,33413,561-766-3102,Marie Armand,ceo,NO,,Standalone,251E00000X,Home Health,2026-07-29,51,Yes
1326960477,"GRESHAM WEST OF OLYMPUS, LLC",813 NE KELLY AVE,GRESHAM,OR,97030,971-274-2751,Owen Hammond,President,NO,,Group — 45 locations (same owner),310400000X,Assisted Living Facility,2026-07-29,51,Yes
1114849262,"SALEM OF OLYMPUS, LLC",1625 CENTER ST NE,SALEM,OR,97301,503-967-6312,Owen Hammond,President,NO,,Group — 45 locations (same owner),310400000X,Assisted Living Facility,2026-07-29,51,Yes
1063334126,GRAVLITH LLC,1717 N ST NW STE 1,WASHINGTON,DC,20036,406-309-6462,Eward Mckinley Smith,Owner,NO,,Group — 84 locations (shared phone),261QU0200X,Urgent Care Center,2026-07-29,54,Yes
1235051384,"GRANTS PASS WEST OF OLYMPUS, LLC",727 SW ROGUE RIVER AVE,GRANTS PASS,OR,97526,541-237-7773,Owen Hammond,President,NO,,Group — 45 locations (same owner),310400000X,Assisted Living Facility,2026-07-29,51,Yes
1609798776,PLYZENDRA LLC,2389 MAIN ST STE 100,GLASTONBURY,CT,06033,406-309-6462,Yaniv Brown,Owner,NO,,Group — 84 locations (shared phone),261QU0200X,Urgent Care Center,2026-07-29,54,Yes
1629990775,HAVEN EEOI HOLDINGS LLC,3335 E SILVER SPRINGS BLVD,OCALA,FL,34470,575-635-3318,Julie Gojkovich,Compliance Manager,NO,,Standalone,251E00000X,Home Health,2026-07-29,51,Yes
1952223018,SOLUNITH LLC,6212 E PINE LN UNIT 2145,PARKER,CO,80138,406-309-6462,Robert Shutt,Owner,NO,,Group — 84 locations (shared phone),291U00000X,Clinical Medical Laboratory,2026-07-29,53,Yes
1972425924,METRO CARE LLC,15 N MAIN ST,WEST HARTFORD,CT,06107,860-719-4798,Shadrack Jolobi,Managing Member,NO,,Standalone,251E00000X,Home Health,2026-07-29,51,Yes
1831011733,"GHC NEWTON OPERATIONS, LLC",405 SHADY ACRE LN,NEWTON,TX,75966,409-379-8911,Leon Evans,Manager,NO,,Standalone,314000000X,Skilled Nursing Facility,2026-07-29,50,Yes
1548182561,"HAND TO HEART HOME CAREGIVERS, LLC",8461 LAKE WORTH RD STE 166,LAKE WORTH,FL,33467,561-200-6442,Darren Sevel,Owner,NO,,Standalone,251E00000X,Home Health,2026-07-29,51,Yes
1457273476,"GENTLE TOUCH PHLEBOTOMY & WELLNESS CENTER, LLC",706 WILKINS ST STE B,SMITHFIELD,NC,27577,919-394-5879,Latisha Council,Owner,NO,,Standalone,291U00000X,Clinical Medical Laboratory,2026-07-29,54,Yes
1689596751,MYSTAN LLC,145 PINE HAVEN SHORES RD STE 1000A,SHELBURNE,VT,05482,406-309-6462,Renato Namoc,Owner,NO,,Group — 84 locations (shared phone),261QU0200X,Urgent Care Center,2026-07-29,55,Yes
1043132335,"LOURDES PROFESSIONAL SERVICES, LLC",107 COOSA PINES DR STE 101,CHILDERSBURG,AL,35044,256-346-3054,Sheila Mcgill,FNP/Owner,NO,,Standalone,261QU0200X,Urgent Care Center,2026-07-28,55,Yes
1164344487,M AND A PERSONAL CARE SERVICES,11746 STILL HAVEN CT,INDIANAPOLIS,IN,46229,317-417-5509,Tracy Hinton,Part Owner / Agency Manager,NO,,Group — 2 locations (shared phone),251E00000X,Home Health,2026-07-28,52,Yes
1952223315,SOHAL MEDICAL CORPORATION,2249 W ATHERTON DR,MANTECA,CA,95337,209-249-1000,Davinderjit Sohal,Center Director,NO,,Standalone,261QU0200X,Urgent Care Center,2026-07-28,55,Yes
1114849601,ANCHORED 2 HOPE LLC,4441 GLENWAY AVE,CINCINNATI,OH,45205,613-570-8259,Chyrae Johnson,RN,NO,,Standalone,251E00000X,Home Health,2026-07-28,53,Yes
1902728223,PINNACLE HEALTH LABS LLC,6671 SOUTHWEST FWY STE 712,HOUSTON,TX,77074,346-396-1252,Muhammad Ahmed,Owner,NO,,Group — 41 locations (shared phone),291U00000X,Clinical Medical Laboratory,2026-07-28,55,Yes
1689596991,FONZABELLA LAB LLC,1908 BROOKHILL WAY,SNELLVILLE,GA,30078,678-724-1441,Somone Boston,Owner,NO,,Standalone,291U00000X,Clinical Medical Laboratory,2026-07-28,54,Yes
1659293058,ADORE AFH LLC,4054 N 85TH ST,MILWAUKEE,WI,53222,414-375-7020,Laquitta Dampeer,Administrator/Sole,YES,Adore Adult Family Home Llc,Part of group: Adore Adult Family Home Llc,310400000X,Assisted Living Facility,2026-07-28,52,Yes
1023930427,ADORE ADULT FH LLC,4052 N 85TH ST,MILWAUKEE,WI,53222,414-375-7020,Laquitta Dampeer,Administrator/Sole,YES,Adore Adult Family Home Llc,Part of group: Adore Adult Family Home Llc,310400000X,Assisted Living Facility,2026-07-28,52,Yes
1053233296,REAL TIME HOME HEALTH,19634 VENTURA BLVD STE 203,TARZANA,CA,91356,747-313-6101,Armen Khachatryan,CEO,NO,,Standalone,251E00000X,Home Health,2026-07-28,52,Yes
1093637365,OMAHA TWO OPCO LLC,2525 S 135TH AVE,OMAHA,NE,68144,402-333-2304,Abraham Smilow,Manager,NO,,Group — 2 locations (same owner),314000000X,Skilled Nursing Facility,2026-07-28,50,Yes
1811819162,KING FAMILY TRUST,727 W 7TH ST APT 512,LOS ANGELES,CA,90017,213-597-1913,Eugene King,Manager,NO,,Group — 2 locations (shared phone),261QU0200X,Urgent Care Center,2026-07-28,55,Yes
1043132368,CROWN CLINICAL LABS LLC,6671 SOUTHWEST FWY STE 706,HOUSTON,TX,77074,346-396-1252,Muhammad Ahmed,Owner,NO,,Group — 41 locations (shared phone),291U00000X,Clinical Medical Laboratory,2026-07-28,55,Yes
1205758562,OMAHA ONE OPCO LLC,910 S 40TH ST,OMAHA,NE,68105,402-342-2015,Abraham Smilow,Manager,NO,,Group — 2 locations (same owner),314000000X,Skilled Nursing Facility,2026-07-28,50,Yes
1033031257,VISIT YOU MEDICAL HEALTHCARE GROUP LLC,518 EDSEL DR STE C,RICHMOND HILL,GA,31324,404-510-7925,Charles Ussery,CEO,NO,,Standalone,261QU0200X,Urgent Care Center,2026-07-28,55,Yes
1346162559,KJ.INDEPENDENTSOLUTIONS LLC,255 RIDGEFIELD AVE,WATERBURY,CT,06705,203-805-3780,Jermaine Morris,CEO,NO,,Standalone,251E00000X,Home Health,2026-07-28,52,Yes
1053233486,"AWP HOME CARE, LLC",109 BOSTON POST RD STE 204B,ORANGE,CT,06477,203-659-0402,Jack Yeung,CEO,NO,,Standalone,251E00000X,Home Health,2026-07-28,52,Yes
1598687055,KINDCARE LIVING LLC,6910 102ND ST S,COTTAGE GROVE,MN,55016,651-440-2615,Keria Abbadulla,LALD,NO,,Standalone,310400000X,Assisted Living Facility,2026-07-28,52,Yes
1962324426,FRUIT OF THE SPIRIT COMPANION SERVICES,2004 CARVER DR,FORT VALLEY,GA,31030,478-718-8793,Shannon Williams Cochran,owner/administrator,NO,,Standalone,251E00000X,Home Health,2026-07-28,52,Yes
1053233379,CELL SOLOUTIONS PLUS LLC,225 PANORAMA DR,OXON HILL,MD,20745,929-697-1293,Qazi Mamoon Azhar,Owner,NO,,Standalone,261QU0200X,Urgent Care Center,2026-07-28,55,Yes
1376465765,THE FRANKLIN CAREBRIDGE FOUNDATION,720 CYPRUS AVE,LOGANVILLE,GA,30052,678-557-9444,James Franklin,Executive Director,NO,,Standalone,251E00000X,Home Health,2026-07-28,52,Yes
1134041429,CARING FOOT AND ANKLE SPECIALISTS PLLC,11515 CHIMNEY ROCK RD,HOUSTON,TX,77035,713-728-3117,Gian Steinhauser,CEO,YES,Caring Foot And Ankle Specialists Pllc,Part of group,291U00000X,Clinical Medical Laboratory,2026-07-28,55,Yes
1649192915,GOLDEN OPTIONS LLC,12 BESSLER RD,MONTANA CITY,MT,59634,406-422-5431,Joshua Jordan,CEO,NO,,Standalone,310400000X,Assisted Living Facility,2026-07-28,52,Yes
1104748508,DEAN AND GREY CARE SERVICES IN,5214 NORTH AVE,CARMICHAEL,CA,95608,916-934-4234,Karl Ramos,President,NO,,Standalone,310400000X,Assisted Living Facility,2026-07-28,51,Yes
1558283978,ISD RENAL INC,2201 E SOUTH BLVD,MONTGOMERY,AL,36116,334-694-7920,Samuel Wey,"VP, Licensure & Certification",NO,,Group — 3 locations (same owner),261QE0700X,Dialysis / ESRD Treatment Facility,2026-07-28,54,Partial
1821910316,TAMPA GENERAL HOSPITAL DESOTO LLC,900 N ROBERT AVE,ARCADIA,FL,34266,863-494-3535,Mark Runyon,CFO,YES,Tampa General Hospital Desoto Llc,Part of group,251E00000X,Home Health,2026-07-28,52,Yes
1427970839,ISD RENAL INC,8149 DECKER LN,MONTGOMERY,AL,36117,334-694-7200,Samuel Wey,"VP, Licensure & Certification",NO,,Group — 3 locations (same owner),261QE0700X,Dialysis / ESRD Treatment Facility,2026-07-28,54,Partial
1891617288,JGSBHOMECAREPA LLC,75 VALLEY STREAM PKWY,MALVERN,PA,19355,610-281-3500,James Brady,President,NO,,Standalone,251E00000X,Home Health,2026-07-28,53,Yes
1447172788,MAINSTREET AND KIDSSTREET OF NORTH CAROLINA PLLC,1110 KILDAIRE FARM RD STE A,CARY,NC,27511,205-545-5085,Brad Pickel,Provider Relations Manager,NO,,Standalone,261QU0200X,Urgent Care Center,2026-07-28,55,Yes
1144142332,ELARIS HOME CARE SERVICE LLC,17927 SCHOOL STREET,LANSING,IL,60438,708-668-2920,Oluwatoyin Famoroti,Administrator,NO,,Group — 2 locations (same owner),251E00000X,Home Health,2026-07-28,52,Yes
1831011287,EVERCARE PEDIATRICS LLC,120 W TRINITY PL,DECATUR,GA,30030,404-445-3437,Vince Murphy,Administrator,NO,,Standalone,251E00000X,Home Health,2026-07-28,52,Yes
1285556696,VISION RIVERSIDE ASSISTED LIVING LLC,105 OLD MATAWAN ROAD,OLD BRIDGE,NJ,08857,732-440-7736,Shipra Jain,Executive director,NO,,Standalone,310400000X,Assisted Living Facility,2026-07-28,52,Yes
1083536270,BELLAS CARE LLC,3564 BRYAN HARDY RD,LA GRANGE,NC,28551,919-738-9132,Katrina Humphrey,Owner,NO,,Standalone,251E00000X,Home Health,2026-07-28,52,Yes
1598687717,"CRESCENT CITY SURGICAL CENTRE DIAGNOSTICS, LLC",735 VETERANS MEMORIAL DR,KOSCIUSKO,MS,39090,662-803-6086,William Bouchillon,CEO,YES,"Crescent City Surgical Centre Diagnostics, Llc",Part of group,291U00000X,Clinical Medical Laboratory,2026-07-28,55,Yes
1124940549,"GRANTS PASS OF OLYMPUS, LLC",201 SW BRIDGE ST,GRANTS PASS,OR,97526,541-956-2110,Owen Hammond,President,NO,,Group — 45 locations (same owner),310400000X,Assisted Living Facility,2026-07-28,52,Yes
1720900145,"EUGENE NORTH OF OLYMPUS, LLC",1075 IRVINGTON DR,EUGENE,OR,97404,541-607-8587,Owen Hammond,President,NO,,Group — 45 locations (same owner),310400000X,Assisted Living Facility,2026-07-28,52,Yes
1578485975,PARLIAMENT HEALTH LLC,801 W BIG BEAVER RD STE 300,TROY,MI,48084,410-916-8857,Olivia Addo,Executive Director,NO,,Group — 2 locations (shared phone),251E00000X,Home Health,2026-07-28,52,Yes
1003738428,"CANBY OF OLYMPUS, LLC",390 NW 2ND AVE,CANBY,OR,97013,503-749-9874,Owen Hammond,President,NO,,Group — 45 locations (same owner),310400000X,Assisted Living Facility,2026-07-28,52,Yes
1992627467,DELIVERANCE HOME HEALTH CARE,7810 WAKELEY PLZ STE 3,OMAHA,NE,68114,402-281-6575,Quinceola Cook,Managing Director,NO,,Standalone,251E00000X,Home Health,2026-07-28,52,Yes
1720900434,"GEN224-TPL, LLC",841 PRUDENTIAL DR FL 12,JACKSONVILLE,FL,32207,833-569-0003,Arlen Pierre Louis,MGR,NO,,Standalone,251E00000X,Home Health,2026-07-27,53,Yes
1619899325,EMPOWER HOME HEALTH LLC,2120 N WOODLAWN ST STE 350,WICHITA,KS,67208,316-369-4586,Zion Fewin,CEO,NO,,Standalone,251E00000X,Home Health,2026-07-27,53,Yes
1619899283,VROXANTEL LLC,502 W 7TH ST STE 100,ERIE,PA,16502,406-309-6462,Rashad Price,Owner,NO,,Group — 84 locations (shared phone),291U00000X,Clinical Medical Laboratory,2026-07-27,56,Yes
1508788001,HEALTH SPRING MEDICAL PLLC,3714 MAIN ST STE 3,FLUSHING,NY,11354,718-808-3879,Steven Wong,Owner,NO,,Standalone,261QU0200X,Urgent Care Center,2026-07-27,56,Yes
1174445696,WASHCO GROUP INC,411 STANLEY ST,PERRY,GA,31069,414-678-8573,Tony Washington,Owner,NO,,Standalone,310400000X,Assisted Living Facility,2026-07-27,53,Yes
1639091200,DRANYX LLC,212 W TROY ST STE B,DOTHAN,AL,36303,406-309-6462,Israel Robles,Owner,NO,,Group — 84 locations (shared phone),261QU0200X,Urgent Care Center,2026-07-27,56,Yes
1043132616,DRANYX LLC,212 W TROY ST STE B,DOTHAN,AL,36303,406-309-6462,Israel Robles,Owner,NO,,Group — 84 locations (shared phone),291U00000X,Clinical Medical Laboratory,2026-07-27,55,Yes
1386566974,"ALPINE SURGERY CENTER, LLC",9192 W UNION HILLS DR STE 103,PEORIA,AZ,85382,602-654-1950,Jason Miller,Practice Administrator,YES,Az Cardiology Surgery Center,Part of group: Az Cardiology Surgery Center,261QA1903X,Ambulatory Surgery Center,2026-07-27,54,Yes
1992627558,BIO-MEDICAL APPLICATIONS OF NORTH CAROLINA INC.,3463 FOOTBRIDGE LN,FAYETTEVILLE,NC,28306,910-912-2634,Denise Wright,Vice President,YES,"Fresenius Medical Care Holdings, Inc.","Part of group: Fresenius Medical Care Holdings, Inc.",261QE0700X,Dialysis / ESRD Treatment Facility,2026-07-27,55,Yes
1184546764,LEENS CARE ASSISTED LIVING LLC,6406 E HEATON AVE,FRESNO,CA,93727,559-704-9491,Bhinder Singh,CEO/Member,NO,,Standalone,310400000X,Assisted Living Facility,2026-07-27,52,Yes
1245152933,AEGIS MEDICAL LLC,6671 SOUTHWEST FREEEWAY STE 700,HOUSTON,TX,77074,346-469-9240,Abdul Ismail Khan,OWNER,NO,,Group — 3 locations (same owner),291U00000X,Clinical Medical Laboratory,2026-07-27,56,Yes
1902728561,PRECIOUS AFH LLC,13416 MERIDIAN AVE S,EVERETT,WA,98208,425-773-2775,Wuditu Kassa,provider,NO,,Standalone,251E00000X,Home Health,2026-07-27,54,Yes
1558283234,NEVADA EXTENDED LIVING,1505 E ASHLAND ST,NEVADA,MO,64772,417-599-9962,Martin Tyler,Operations manager,NO,,Standalone,310400000X,Assisted Living Facility,2026-07-27,53,Yes
1346162062,"AMERICAN CURRENT CARE OF CALIFORNIA, A MEDICAL CORPORATION",25332 CABOT RD,LAGUNA HILLS,CA,92653,949-206-9100,John Anderson,VP,NO,,Group — 7 locations (same owner),261QU0200X,Urgent Care Center,2026-07-27,56,Yes
1043132723,DIGNITY DRIVEN HOMECARE. LLC,5900 ROCHE DR STE 150-3,COLUMBUS,OH,43229,614-300-8079,Angela Gray,Managing Member,NO,,Standalone,251E00000X,Home Health,2026-07-27,54,Partial
1710809389,PEACE HAVEN HOME CARE CORP,1500 LAKELAND HILLS BLVD STE 5,LAKELAND,FL,33805,863-279-2526,Yenilay Padron,PRESIDENT,NO,,Standalone,251E00000X,Home Health,2026-07-27,53,Yes
1831011535,"EUGENE SOUTH OF OLYMPUS, LLC",5320 FOX HOLLOW RD,EUGENE,OR,97405,541-246-6596,Owen Hammond,President,NO,,Group — 45 locations (same owner),310400000X,Assisted Living Facility,2026-07-27,53,Yes
1477475184,A GOOD LIFE,330 S REYNOLDS RD,TOLEDO,OH,43615,419-214-9371,Roshonda Jordan,CEO,NO,,Standalone,251E00000X,Home Health,2026-07-27,54,Yes
1487576187,"SPRINGFIELD OF OLYMPUS, LLC",2669 S CLOVERLEAF LOOP,SPRINGFIELD,OR,97477,458-215-3851,Owen Hammond,President,NO,,Group — 45 locations (same owner),310400000X,Assisted Living Facility,2026-07-27,53,Yes
1386566032,"A & F MCNEAL GROUP, INC",194 JONESBORO RD STE U1,JONESBORO,GA,30236,404-610-3433,Feekina King,Administrator,NO,,Standalone,251E00000X,Home Health,2026-07-27,53,Yes
1619899267,ANADARKO SNF OPERATIONS LLC,300 W WASHINGTON AVE,ANADARKO,OK,73005,405-247-3346,Ethan Dreifus,Manager,NO,,Group — 6 locations (same owner),314000000X,Skilled Nursing Facility,2026-07-27,52,Yes
1457273062,MEDINOVA HEALTHCARE,5304 HUNTER RIDGE LN,NORCROSS,GA,30092,470-610-9397,Haricharanteja Madduri,PRESIDENT,NO,,Standalone,261QU0200X,Urgent Care Center,2026-07-27,56,Yes
1780506220,BETTER LIVING ENDOSCOPY CENTER,3000 HALLS FERRY RD,VICKSBURG,MS,39180,601-638-9800,Yoshinobu Namihira,medical director,NO,,Standalone,261QA1903X,Ambulatory Surgery Center,2026-07-27,55,Yes
1356263149,SILUETA FIRM SURGERY CENTER,3560 E FLAMINGO RD,LAS VEGAS,NV,89121,702-353-1268,Nicte Medrano,ceo,NO,,Standalone,261QA1903X,Ambulatory Surgery Center,2026-07-27,55,Yes
1851213615,"TAYLORCARE HEALTH SERVICES, PLLC",20200 GOVERNORS DR STE 101,OLYMPIA FIELDS,IL,60461,773-213-8384,Alethea Taylor,Owner,NO,,Standalone,261QU0200X,Urgent Care Center,2026-07-27,56,Yes
1396667184,GENERATIONS PRIVATE CARE,4205 PLEASURE GAIT CT,AUBURN,GA,30011,920-209-1875,Elanese Gaines,Owner/CEO,NO,,Standalone,251E00000X,Home Health,2026-07-27,53,Yes
1699697441,ADVANT HOME CARE LLC,33 MALLORY BUCK RD,GATES,NC,27937,919-342-7977,Rosetta Stamp Small,OWNER,NO,,Standalone,251E00000X,Home Health,2026-07-27,53,Yes
1649192444,HARMONY TOUCH INC,11540 MILWAUKEE ST,THORNTON,CO,80233,225-938-2193,Paul Muenyi,manager,NO,,Standalone,251E00000X,Home Health,2026-07-27,53,Yes
1538081195,"ADVANCEDCARE SURGERY CENTER OF DALLAS, L.L.C.",11411 E NORTHWEST HWY STE 220,DALLAS,TX,75218,972-782-9090,Elvira Lacorte,Manager,NO,,Standalone,261QA1903X,Ambulatory Surgery Center,2026-07-27,55,Yes
1356263024,MAURICE HOUSE NJ OPERATIONS,1719 W MAIN ST,MILLVILLE,NJ,08332,856-825-4002,Brandylee Myers,Executive Director,NO,,Standalone,310400000X,Assisted Living Facility,2026-07-27,53,Yes
1669394359,"APPLE URGENT CARE, INC.",1074 W 6TH ST STE 102,CORONA,CA,92882,951-720-2100,Surya Reddy,President,NO,,Standalone,261QU0200X,Urgent Care Center,2026-07-27,56,Yes
1285556993,GUARDIAN HOME HEALTH LLC,318 12TH ST W UNIT 43,BRADENTON,FL,34205,770-882-9631,Marie Eugene,Manager,NO,,Standalone,251E00000X,Home Health,2026-07-27,53,Yes
1568384246,"KIND HEART HOME CARE, LLC",780 LYNNHAVEN PKWY STE 400,VIRGINIA BEACH,VA,23452,978-417-7838,Rita Mcfadden-Hunter,OWNER,NO,,Standalone,251E00000X,Home Health,2026-07-27,54,Yes
1548182124,ORUSE HOME CARE LLC,1105 NE 45TH PL,OCALA,FL,34479,727-481-7707,Lytierra Oliver,Owner,NO,,Standalone,251E00000X,Home Health,2026-07-27,53,Yes
1740102441,P&D HOMES LLC,1556 121ST AVE NE,BLAINE,MN,55449,217-649-5968,Desmond Omolu,Owner,NO,,Standalone,310400000X,Assisted Living Facility,2026-07-27,53,Yes
1033031844,GRACE HAVEN CONGREGATE LIVING FACILITY LLC,117 TEMPLE AVE,BEAUMONT,CA,92223,817-517-8748,Ben Adom,CEO,NO,,Standalone,314000000X,Skilled Nursing Facility,2026-07-27,51,Yes
1114849882,SUNSET ELITE HOMECARE AGENCY LLC,1101 TL THREADGILL RD APT B3,CAMDEN,AL,36726,205-291-3225,Ashley Mccloud,Owner,NO,,Standalone,251E00000X,Home Health,2026-07-27,53,Yes
1053233627,VROXANTEL LLC,502 W 7TH ST STE 100,ERIE,PA,16502,406-309-6462,Rashad Price,owner,NO,,Group — 84 locations (shared phone),261QU0200X,Urgent Care Center,2026-07-27,56,Yes
1487576013,PRESTIGE CLINICAL LABORATORIES LLC,6671 SOUTHWEST FWY STE 735,HOUSTON,TX,77074,346-396-1252,Muhammad Ahmed,Owner,NO,,Group — 41 locations (shared phone),291U00000X,Clinical Medical Laboratory,2026-07-27,56,Yes
1821910506,VICTORIA HOME CARE LLC,20421 NW 23RD CT,MIAMI GARDENS,FL,33056,786-426-8437,Charon Mark,owner,NO,,Standalone,251E00000X,Home Health,2026-07-27,53,Yes
1649192204,FORLEY LLC,5441 S MACADAM AVE STE R,PORTLAND,OR,97239,406-309-6462,Cynthia Jones,Owner,NO,,Group — 84 locations (shared phone),261QU0200X,Urgent Care Center,2026-07-27,56,Yes
1154243806,"SHORELINE OF CASCADIA, LLC",19235 15TH AVE NW,SHORELINE,WA,98177,206-546-2666,Owen Hammond,President,NO,,Group — 45 locations (same owner),310400000X,Assisted Living Facility,2026-07-27,53,Yes
1376465179,FOREVER FAMILY IN HOME CARE,301 N BAILEY AVE STE 3,NORTH PLATTE,NE,69101,308-529-0559,Eric Willis,Owner,NO,,Standalone,251E00000X,Home Health,2026-07-27,53,Yes
1942122502,FORLEY LLC,5441 S MACADAM AVE STE R,PORTLAND,OR,97239,406-309-6462,Cynthia Jones,Power,NO,,Group — 84 locations (shared phone),291U00000X,Clinical Medical Laboratory,2026-07-27,56,Yes
1356263818,ULTRA CARE HOME HEALTH LLC,600 W RAY RD STE A2,CHANDLER,AZ,85225,480-381-7933,George Kuria,Owner,NO,,Standalone,251E00000X,Home Health,2026-07-27,53,Yes
1629990205,QUANTYX DIAGNOSTICS LLC,6113 MILWEE ST STE D,HOUSTON,TX,77092,713-253-8766,Robert Gill,Owner,NO,,Standalone,291U00000X,Clinical Medical Laboratory,2026-07-27,56,Yes
1598687352,ROYAL BLUE ASSISTED LIVING FACILITY LLC,4327 SMUGGLERS WAY,JACKSONVILLE,FL,32210,904-240-0228,Akintola Shenbanjo Ii,Administrator,NO,,Standalone,310400000X,Assisted Living Facility,2026-07-27,52,Yes
1649192485,EMPOWERCARE OF MARYLAND LLC,2118 OWLS NEST WAY,JESSUP,MD,20794,443-846-1112,Adetunji Sarumi,Owner,NO,,Standalone,251E00000X,Home Health,2026-07-25,55,Yes
1023939857,SEATTLE OF CASCADIA LLC,2717 DEXTER AVE N,SEATTLE,WA,98109,206-284-7012,Owen Hammond,President,NO,,Group — 45 locations (same owner),314000000X,Skilled Nursing Facility,2026-07-25,54,Yes
1942121777,"VANCOUVER OF CASCADIA, LLC",801 SE PARK CREST AVE,VANCOUVER,WA,98683,360-260-2200,Owen Hammond,President,NO,,Group — 45 locations (same owner),314000000X,Skilled Nursing Facility,2026-07-25,54,Yes
1205757002,BRIGHTSIDE HOME HEALTHCARE LLC,330 PROVIDENCE RD,CHESAPEAKE,VA,23325,252-310-0185,Calvin Sander,Owner,NO,,Standalone,251E00000X,Home Health,2026-07-25,56,Yes
1396667135,B&C SENIOR LIVING INC.,1354 N FERNDALE ST,ANAHEIM,CA,92801,714-600-3407,Jilmark Realis,Administrator,NO,,Standalone,310400000X,Assisted Living Facility,2026-07-25,54,Yes
1114848942,TACOMA OF CASCADIA LLC,630 S PEARL ST,TACOMA,WA,98465,253-671-7300,Owen Hammond,President,NO,,Group — 45 locations (same owner),314000000X,Skilled Nursing Facility,2026-07-25,54,Yes
1114849965,SPROUTS ASSISTED LIVING,4002 FERNHILL AVE,BALTIMORE,MD,21215,267-897-1032,Selena Rawlinson,Owner,YES,Sprouts Healthcare Llc,Part of group: Sprouts Healthcare Llc,310400000X,Assisted Living Facility,2026-07-25,55,Yes
1922929785,E & C CARE HOME II,290 HOLIDAY WAY,OCEANSIDE,CA,92057,619-408-4469,Rzecore Sorenson,CEO,YES,E & C Care Home Llc,Part of group: E & C Care Home Llc,310400000X,Assisted Living Facility,2026-07-24,55,Yes
1881515898,"SOFT CELL LABS TX, LLC",4125 FAIRWAY DR STE 135,CARROLLTON,TX,75010,503-402-2505,Roel Chavez,CEO,NO,,Group — 2 locations (shared phone),291U00000X,Clinical Medical Laboratory,2026-07-24,59,Yes
1346161106,"S & M CARING HEARTS ASSISTED LIVING, LLC.",5727 S 27TH LN,PHOENIX,AZ,85041,602-718-7951,Catherine Mukabukombe,Manager,NO,,Standalone,310400000X,Assisted Living Facility,2026-07-24,55,Yes
1194646083,SYMPHONY HOME HEALTH INC,15721 VANOWEN ST UNIT C,VAN NUYS,CA,91406,818-369-4122,Anika Aslikyan,CEO,NO,,Standalone,251E00000X,Home Health,2026-07-24,56,Yes
1831010743,"SEQUIM OF CASCADIA, LLC",1000 S 5TH AVE,SEQUIM,WA,98382,360-582-3900,Owen Hammond,President,NO,,Group — 45 locations (same owner),314000000X,Skilled Nursing Facility,2026-07-24,55,Yes
1538080338,SUPPORTIVE ARMS L.L.C.,1903 NORTHGATE BLVD STE 103,SARASOTA,FL,34234,941-422-6004,Karen Williams,Owner/Administrator,YES,Supportive Arms L.L.C.,Part of group,251E00000X,Home Health,2026-07-24,56,Yes
1114848140,ONTRIVEX LLC,971 US HIGHWAY 202 N STE R,BRANCHBURG,NJ,08876,406-309-6462,Janet Shadle,Owner,NO,,Group — 84 locations (shared phone),261QU0200X,Urgent Care Center,2026-07-24,59,Yes
1376464297,CHASE IN HOME HEALTH LLC,1409 WASHINGTON AVE STE 209,SAINT LOUIS,MO,63103,314-446-9755,Sierra Courtney,Manager,NO,,Standalone,251E00000X,Home Health,2026-07-24,56,Partial
1700707544,OHANA CARE LLC,8569 INNSDALE LN,SAN DIEGO,CA,92114,619-788-6505,Franklin Ramirez,owner,NO,,Standalone,310400000X,Assisted Living Facility,2026-07-24,55,Yes
1508787508,"CAREBRIDGE INFORMATICS & HOME HEALTH SERVICES, LLC",41401 GOLDBAR BLVD,GOLD BAR,WA,98251,206-795-3728,Pamela Crilly,Owner,NO,,Standalone,251E00000X,Home Health,2026-07-24,57,Yes
1013838929,"TACOMA EAST OF CASCADIA, LLC",3625 E B ST,TACOMA,WA,98404,253-475-2507,Owen Hammond,President,NO,,Group — 45 locations (same owner),314000000X,Skilled Nursing Facility,2026-07-24,55,Yes
1457272213,KERAK HILL TOP,14079 STONE JUG RD,BATTLE CREEK,MI,49015,269-719-2812,Jill Long,Owner,NO,,Group — 2 locations (shared phone),310400000X,Assisted Living Facility,2026-07-24,56,Yes
1720909591,SOUTH TEXAS DIAGNOSTIC LABORATORIES,4400 PECAN BLVD,MCALLEN,TX,78501,956-703-9078,Luis Marquez,Managing Partner,NO,,Standalone,291U00000X,Clinical Medical Laboratory,2026-07-24,59,Yes
1871414805,ONTRIVEX LLC,971 US HIGHWAY 202 N STE R,BRANCHBURG,NJ,08876,406-309-6462,Janet Shadle,Owner,NO,,Group — 84 locations (shared phone),291U00000X,Clinical Medical Laboratory,2026-07-24,59,Yes
1720909583,E & C CARE HOME III,4560 VINYARD ST,OCEANSIDE,CA,92057,619-408-4469,Rzecore Sorenson,CEO,YES,E & C Care Home Llc,Part of group: E & C Care Home Llc,310400000X,Assisted Living Facility,2026-07-24,55,Yes
1972424901,LARKSPIRE LLC,6650 RIVERS AVE STE 100,NORTH CHARLESTON,SC,29406,406-309-6462,Margaret Walker,Owner,NO,,Group — 84 locations (shared phone),261QU0200X,Urgent Care Center,2026-07-24,59,Yes
1942121868,TIA CARES FOR ME HOME HEALTH AGENCY LLC,9005 TWO NOTCH RD STE 40,COLUMBIA,SC,29223,704-919-8902,Tirrea Waymer,Owner,NO,,Standalone,251E00000X,Home Health,2026-07-24,57,Yes
1083535918,"MEDICAL PARTNERS OF MIDDLE GA, LLC",1343 US 82 W,LEESBURG,GA,31763,229-854-4111,Roni Weeks,Chief of Operations,NO,,Standalone,261QU0200X,Urgent Care Center,2026-07-24,59,Yes
1225959133,CONNECTED CARE HOME SERVICES,36 MEDLEY LN,WILLINGBORO,NJ,08046,412-297-9746,Winter Epps,Owner,NO,,Standalone,251E00000X,Home Health,2026-07-24,56,Yes
1043131881,MEDVALUE SUPPLY LLC,206 CHESWICK CIR,SUGAR LAND,TX,77479,888-650-5855,Tariq Nazir,Manager,NO,,Group — 2 locations (shared phone),261QU0200X,Urgent Care Center,2026-07-24,59,Yes
1215858063,MEDVALUE SUPPLY LLC,206 CHESWICK CIR,SUGAR LAND,TX,77479,888-650-5855,Tariq Nazir,Manager,NO,,Group — 2 locations (shared phone),291U00000X,Clinical Medical Laboratory,2026-07-24,59,Yes
1023939956,MY PLACE ON GARLAND WAY RCFE LLC,6185 GARLAND WAY,ROSEVILLE,CA,95747,916-409-5099,Arlene Ferguson,Administrator,NO,,Standalone,310400000X,Assisted Living Facility,2026-07-24,55,Yes
1013838937,ETOWAH OPCO LLC,409 GRADY RD,ETOWAH,TN,37331,423-263-1138,Joshua Sturm,Authorized Signatory,NO,,Standalone,314000000X,Skilled Nursing Facility,2026-07-24,55,Yes
1598686495,RIVERS EDGE CARE CENTER LLC,146 DEAN ST,TAUNTON,MA,02780,508-823-0767,Aaron Chesley,Manager,NO,,Group — 3 locations (shared phone),314000000X,Skilled Nursing Facility,2026-07-24,54,Yes
1114848025,"SALEM WEST OF CASCADIA, LLC",4515 SUNNYSIDE RD SE,SALEM,OR,97302,503-370-8284,Owen Hammond,President,NO,,Group — 45 locations (same owner),314000000X,Skilled Nursing Facility,2026-07-24,55,Yes
1508787490,CANELA HOME HEALTH INC,225 E BROADWAY STE 210A,GLENDALE,CA,91205,888-883-2545,Sarkis Arutiunian,CEO,NO,,Standalone,251E00000X,Home Health,2026-07-24,56,Yes
1760303671,ON THE ROAD TO RECOVERY,3550 OAKLEAF DR,WEST BLOOMFIELD,MI,48324,248-766-8634,Latoya Hawkins,Owner,NO,,Standalone,251E00000X,Home Health,2026-07-24,56,Yes
1013838986,APEX HOME CARE,9581 BLUEWING TER,BLUE ASH,OH,45241,513-708-5724,Yevsey Kats,manager,NO,,Group — 2 locations (shared phone),251E00000X,Home Health,2026-07-24,57,Yes
1851212617,"LABWORKS, LLC",21755 GATEWAY RD,BROOKFIELD,WI,53045,414-248-3601,Bryan Oboyle,CEO,NO,,Standalone,291U00000X,Clinical Medical Laboratory,2026-07-24,59,Yes
1659292548,RIVER EDGE CARE CENTER LLC,146 DEAN ST,TAUNTON,MA,02780,508-823-0767,Aaron Chesley,Manager,NO,,Group — 3 locations (shared phone),314000000X,Skilled Nursing Facility,2026-07-24,54,Yes
1013838911,PRESTIGIOUS MEDICAL AESTHETICS,40820 WINCHESTER RD STE 2505,TEMECULA,CA,92591,951-764-5962,Seleaina Thomas,OWNER,NO,,Standalone,261QU0200X,Urgent Care Center,2026-07-24,59,Yes
1083535017,LARKSPIRE LLC,6650 RIVERS AVE STE 100,NORTH CHARLESTON,SC,29406,406-309-6462,Margaret Walker,Owner,NO,,Group — 84 locations (shared phone),291U00000X,Clinical Medical Laboratory,2026-07-24,59,Yes
1497676274,MEDISOURCE CORP,9522 117TH ST,SOUTH RICHMOND HILL,NY,11419,888-446-4118,Gaurav Singh,owner,NO,,Standalone,261QU0200X,Urgent Care Center,2026-07-24,59,Yes
1902727936,HEALING HANDS RESTORATIVE SERVICE,901 TUSCARAWAS ST E,CANTON,OH,44707,330-353-8852,James Keys,DOO,NO,,Standalone,251E00000X,Home Health,2026-07-24,57,Yes
1083535280,LIMITLESS KARING LLC,6216 KENSINGTON GLEN DR,CANAL WINCHESTER,OH,43110,614-684-8454,Tosha Alston,owner/ceo,NO,,Standalone,251E00000X,Home Health,2026-07-23,58,Yes
1740101989,"SAN DIMAS OPERATIONS, LLC",801 CYPRESS WAY,SAN DIMAS,CA,91773,562-450-1090,Nirjara Acharya,VPO,NO,,Group — 2 locations (shared phone),310400000X,Assisted Living Facility,2026-07-23,56,Yes
1265353486,XCLUSIVE HOME HEALTH CARE LLC,5904 WOODGROVE LN,VA BEACH,VA,23464,948-888-4432,Shanika Garnett,Owner,NO,,Standalone,251E00000X,Home Health,2026-07-23,58,Yes
1699696823,FOREVER YOUNG SENIOR CARE INC,9501 SHOSHONE AVE,NORTHRIDGE,CA,91325,818-207-4220,Yelena Aladadyan,CEO,NO,,Standalone,310400000X,Assisted Living Facility,2026-07-23,56,Yes
1184545428,GUIDED BY GRACE HOMECARE LLC,6183 DIXIE HWY,BRIDGEPORT,MI,48722,989-220-9076,Tiffany Pratt,Owner,NO,,Standalone,251E00000X,Home Health,2026-07-23,57,Yes
1477474443,WM 90 MC LLC,1410 MALLARD COVE DR,CINCINNATI,OH,45246,513-772-6655,Tyler Brady,CFO,NO,,Standalone,310400000X,Assisted Living Facility,2026-07-23,57,Yes
1144141318,OAK & SUMMIT LLC,5900 BALCONES DR STE 32582,AUSTIN,TX,78731,737-305-6147,Syed Ammar Ali,Director,NO,,Standalone,291U00000X,Clinical Medical Laboratory,2026-07-23,60,Yes
1245151398,ELITECARE LLC,13710 E RICE PL STE 240,AURORA,CO,80015,303-717-1885,Oleg Tsybulskiy,Managing Member,NO,,Standalone,251E00000X,Home Health,2026-07-23,57,Yes
1982525267,ZARE SURGERY CENTER PLLC,120 E UNIVERSITY DR STE B,ROCHESTER,MI,48307,248-446-7655,Ehssan Zare,Director,NO,,Standalone,261QA1903X,Ambulatory Surgery Center,2026-07-23,59,Yes
1013838143,CONSULTATION HUB LLC,1221 N VINEYARD AVE APT 30,ONTARIO,CA,91764,929-684-6656,Manpreet Singh,Owner,NO,,Group — 5 locations (shared phone),261QU0200X,Urgent Care Center,2026-07-23,60,Yes
1073434189,ASHER ESTATE INC.,2487 EUCLID CRES E,UPLAND,CA,91784,406-930-0705,Robert Berry,Licensee,NO,,Standalone,310400000X,Assisted Living Facility,2026-07-23,56,Yes
1942121025,METRO LABS EXPRESS LLC,418 BROADWAY STE N,ALBANY,NY,12207,631-317-9193,Louis Harris,Owner,NO,,Standalone,291U00000X,Clinical Medical Laboratory,2026-07-23,60,Yes
1760303747,U.S HOMECARE LLC,10947 BELLFLOWER CT,INDIANAPOLIS,IN,46235,317-827-3948,Shante Hurt,owner,NO,,Standalone,251E00000X,Home Health,2026-07-23,57,Yes
1235050352,OWENS PLAYHOUSE CENTER HOME CARE,10430 ONEIDA AVE,OAK PARK,MI,48237,248-546-9777,Beverly Owens,CEO,NO,,Standalone,251E00000X,Home Health,2026-07-23,57,Yes
1306767538,"SUNNY OT, LLC",11773 SW 150TH PL,MIAMI,FL,33196,305-283-0643,Natalia Orrego,Occupational Therapist,NO,,Standalone,251E00000X,Home Health,2026-07-23,57,Partial
1073434031,HELPSUPPORT,3875 NORTHAMPTON RD,CLEVELAND HEIGHTS,OH,44121,216-253-9115,Romerol Stanton,Administrator,NO,,Standalone,251E00000X,Home Health,2026-07-23,58,Yes
1043131170,KAN GEMS LLC,1221 N VINEYARD AVE APT 30,ONTARIO,CA,91764,929-684-6656,Manpreet Singh,Owner,NO,,Group — 5 locations (shared phone),261QU0200X,Urgent Care Center,2026-07-23,60,Yes
1346161460,CASAWERA ASSISTED LIVING LLC,9532 W FLOWER ST,PHOENIX,AZ,85037,305-542-7724,Natasha Majoro,Owner,NO,,Standalone,310400000X,Assisted Living Facility,2026-07-23,56,Yes
1710808886,MARVELDO LLC,25 1ST AVE SW STE A,WATERTOWN,SD,57201,406-309-6462,David Leonard,Owner,NO,,Group — 84 locations (shared phone),291U00000X,Clinical Medical Laboratory,2026-07-23,60,Yes
1164343364,"OREGON CITY OF CASCADIA, LLC",1400 DIVISION ST,OREGON CITY,OR,97045,503-656-0367,Owen Hammond,President,NO,,Group — 45 locations (same owner),314000000X,Skilled Nursing Facility,2026-07-23,56,Yes
1710808852,RAM UTILITY LLC,1221 N VINEYARD AVE APT 30,ONTARIO,CA,91764,929-684-6656,Manpreet Singh,Owner,NO,,Group — 5 locations (shared phone),261QU0200X,Urgent Care Center,2026-07-23,60,Yes
1790606838,GRACE RENOVATION LLC,1221 N VINEYARD AVE APT 30,ONTARIO,CA,91764,929-684-6656,Manpreet Singh,Owner,NO,,Group — 5 locations (shared phone),261QU0200X,Urgent Care Center,2026-07-23,60,Yes
1548181720,PRIME HEALTHCARE ASC - JOLIET LLC,301 MADISON ST STE 100,JOLIET,IL,60435,815-744-1119,Christopher Doan,Managing Associate General Counsel,NO,,Standalone,261QA1903X,Ambulatory Surgery Center,2026-07-23,59,Yes
1508787607,"DESERT DAWN HEALTHCARE, INC",4539 N 22ND ST # 7124,PHOENIX,AZ,85016,404-664-2503,Tamara Pratt,President,NO,,Group — 2 locations (shared phone),251E00000X,Home Health,2026-07-23,57,Yes
1144141227,VITALNEST HOME CARE LLC,312 JENNIFER LN,JORDAN,MN,55352,608-746-9037,Yankuba Janneh,Owner,NO,,Standalone,310400000X,Assisted Living Facility,2026-07-23,57,Yes
1669393815,ADAL HOME HEALTHCARE INC,1110 MORSE RD STE 128,COLUMBUS,OH,43229,614-929-2907,Faisal Noor,CEO,YES,Adal Home Healthcare Inc,Part of group,251E00000X,Home Health,2026-07-23,58,Partial
1194646380,PEACEFUL HEART HEALTH GROUP LLC,7801 MISSISSIPPI LN,BROOKLYN PARK,MN,55444,612-296-1026,Sukurat Oparemi,MD,YES,Peaceful Heart Health Group Llc,Part of group,310400000X,Assisted Living Facility,2026-07-23,57,Yes
1356262570,ELEVATED HOME CARE SOLUTIONS LLC,3731 NW 197TH TER,MIAMI GARDENS,FL,33055,954-218-6819,Ladaja Thomas,Owner,NO,,Standalone,251E00000X,Home Health,2026-07-23,57,Yes
1235050444,"CASCADIA NORTH OF EUGENE, LLC",1400 DIVISION ST,OREGON CITY,OR,97045,208-401-9600,Owen Hammond,President,NO,,Group — 2 locations (shared phone),314000000X,Skilled Nursing Facility,2026-07-23,56,Yes
1700707965,"CLAIREMONT MESA OPERATIONS, LLC",5219 CLAIREMONT MESA BLVD,SAN DIEGO,CA,92117,562-450-1090,Nirjara Acharya,VPO,NO,,Group — 2 locations (shared phone),310400000X,Assisted Living Facility,2026-07-23,56,Yes
1699696765,MARVELDO LLC,25 1ST AVE SW STE A,WATERTOWN,SD,57201,406-309-6462,David Leonard,Owner,NO,,Group — 84 locations (shared phone),261QU0200X,Urgent Care Center,2026-07-23,60,Yes
1184545303,ECO LIVING SENIOR LLC,35 CALLE JUAN C BORBON STE 1093,GUAYNABO,PR,00969,787-942-2388,Sandra Rosa,President,NO,,Standalone,251E00000X,Home Health,2026-07-23,57,Yes
1295656411,ANDREW'S BOARDING CARE LLC,17441 HIAWATHA ST,GRANADA HILLS,CA,91344,323-304-4567,Arceli Andrade,Manager,NO,,Standalone,310400000X,Assisted Living Facility,2026-07-23,56,Yes
1053232199,STERLING EDGES LLC,1221 N VINEYARD AVE APT 30,ONTARIO,CA,91764,929-684-6656,Manpreet Singh,Owner,NO,,Group — 5 locations (shared phone),261QU0200X,Urgent Care Center,2026-07-23,60,Yes
1871414912,EVERKIND LIVING,6573 ROSE BRIDGE DR,ROSEVILLE,CA,95678,916-719-8541,Neda Dehghani Sanij,Administrator/owner,NO,,Standalone,310400000X,Assisted Living Facility,2026-07-23,56,Yes
1811818016,"NEWPORT OF CASCADIA, LLC",835 SW 11TH ST,NEWPORT,OR,97365,541-265-5356,Owen Hammond,President,NO,,Group — 45 locations (same owner),314000000X,Skilled Nursing Facility,2026-07-23,56,Yes
1699696773,THE WELCOMING ESTATES,17394 MENDOTA ST,DETROIT,MI,48221,734-322-7664,Sylvia Ricks,Managing member,NO,,Standalone,251E00000X,Home Health,2026-07-23,57,Yes
1083535298,"EMILY'S VILLA, INC.",7055 TYRONE AVE,VAN NUYS,CA,91405,818-823-1694,Angela Khacheryan,CEO,NO,,Standalone,310400000X,Assisted Living Facility,2026-07-23,56,Yes
1033030242,SHADREN HOME CARE,164 RUELA DR,NAUGATUCK,CT,06770,203-721-6130,Thomas Davies,Owner,NO,,Standalone,251E00000X,Home Health,2026-07-23,57,Yes
1619898939,LINDO ATARDECER ALF LLC,1140 S 69TH ST,TAMPA,FL,33619,813-785-1732,Aleida Camacho-Barrios,OWNER,NO,,Standalone,310400000X,Assisted Living Facility,2026-07-22,58,Yes
1528989860,THERAPY BUILDERS,6635 W HAPPY VALLEY RD STE A104-218,GLENDALE,AZ,85310,651-354-1155,Danielle Olivarez,Speech Language Pathologist Assist,NO,,Standalone,251E00000X,Home Health,2026-07-22,58,Yes
1578484952,BRIDGEWAY HOME CARE LLC,4015 TRAVIS DR STE 211,NASHVILLE,TN,37211,615-914-8315,Autrice Fleming,"CEO, Managing Member, Owner",NO,,Standalone,251E00000X,Home Health,2026-07-22,59,Yes
1831010248,CLIFTON PARK ASC LLC,612 MAPLE AVE STE 260,SARATOGA SPRINGS,NY,12866,518-489-2663,George Silver,Medical Director,NO,,Standalone,261QA1903X,Ambulatory Surgery Center,2026-07-22,60,Yes
1982525481,GLORY HOME CARE SERVICES,1523 23RD NORTH,COLUMBUS,MS,39701,662-798-9907,Gloria Smith,Owner,NO,,Standalone,251E00000X,Home Health,2026-07-22,58,Yes
1245151679,BRIGHT LIFE SENIOR CARE OF PA LLC,1650 MARKET ST STE 3600,PHILADELPHIA,PA,19103,646-361-4468,Shu Chun Su,Owner,NO,,Standalone,251E00000X,Home Health,2026-07-22,59,Partial
1336060714,GG'S HOME HEALTH CARE SERVICES LLC,173 MARY LOCKE WAY,STATESVILLE,NC,28677,804-926-5173,Eugenia Morse,Owner,NO,,Standalone,251E00000X,Home Health,2026-07-22,58,Yes
1528989076,ACE ASSISTED LIVING INC,6347 APPLE TRL,INVER GROVE HEIGHTS,MN,55077,619-394-1923,Abdirahman Mohamed,Manager,NO,,Standalone,310400000X,Assisted Living Facility,2026-07-22,58,Yes
1164343489,UPCOUNTRY URGENT CARE LLC,40 KUPAOA ST STE B-204,MAKAWAO,HI,96768,808-342-1519,Arieh Levine,Partner,NO,,Standalone,261QU0200X,Urgent Care Center,2026-07-22,61,Yes
1548181969,CHERRY BROOK NURSING AND REHABILITATION CENTER LLC,102 DYER AVE,COLLINSVILLE,CT,06019,860-693-7777,Jay Scheiner,authorized official,NO,,Standalone,314000000X,Skilled Nursing Facility,2026-07-22,56,Yes
1790606168,VISTA VERDE LIVING LLC,23532 PRESIDENT AVE,HARBOR CITY,CA,90710,424-250-9645,Tina Cinco,President,NO,,Standalone,310400000X,Assisted Living Facility,2026-07-22,57,Yes
1912828427,NEXACART LLC,4601 E DOUGLAS AVE STE 150,WICHITA,KS,67218,316-201-0096,Marc Whitman,Owner,NO,,Group — 2 locations (shared phone),261QU0200X,Urgent Care Center,2026-07-22,61,Yes
1326969759,TRANSILVANIA CONSULTING 700 LLC,7662 COPPER COVE PL,ANTELOPE,CA,95843,386-453-8169,Roman Tatarskyi,Administrator,NO,,Standalone,310400000X,Assisted Living Facility,2026-07-22,57,Yes
1457272064,CARE CONNECT,310 EUREKA ST,TURRELL,AR,72384,501-291-5987,Lashonda Lowery,Owner/Administrator,NO,,Standalone,251E00000X,Home Health,2026-07-22,58,Yes
1578484010,"LAKE OSWEGO OF OLYMPUS, LLC",4550 CARMAN DR,LAKE OSWEGO,OR,97035,503-675-6055,Owen Hammond,President,NO,,Group — 2 locations (shared phone),310400000X,Assisted Living Facility,2026-07-22,58,Yes
1811818230,"MONTCLAIR VILLA, INC.",5602 MONTCLAIR CIR,ROCKLIN,CA,95677,916-850-7479,Radu Stefan,Administrator,NO,,Standalone,310400000X,Assisted Living Facility,2026-07-22,57,Yes
1043131659,COMMITTED TO CARING LLC,1108 SHORECREST DR,RACINE,WI,53402,414-446-1249,Ebony Keyes,Owner,NO,,Standalone,251E00000X,Home Health,2026-07-22,59,Yes
1003737503,LOVE & HEART HOME HEALTH LLC,15870 N 1400TH ST,EFFINGHAM,IL,62401,217-254-2954,Lauren Donnell,Owner  Administrator,NO,,Standalone,251E00000X,Home Health,2026-07-22,58,Yes
1356262836,WISDOM HOME CARE LLC,24 MERLIN DR APT E,FAIRFIELD,OH,45014,513-886-3444,Noble Alexander,CEO,NO,,Standalone,251E00000X,Home Health,2026-07-22,59,Yes
1679494074,ADVANCED MOLECULAR GENETICS DIAGNOSTICS LLC,7045 SW 47TH ST STE 200,MIAMI,FL,33155,786-790-2866,Edgar Duarte,COO,NO,,Standalone,291U00000X,Clinical Medical Laboratory,2026-07-22,60,Yes
1235050758,JOY PALACE LLC,10926 DAVID TAYLOR DR STE 120,CHARLOTTE,NC,28262,980-748-1984,Shakita Morris,CEO,NO,,Standalone,251E00000X,Home Health,2026-07-22,58,Yes
1346161700,A GRATEFUL HEART SUPPORTIVE LIVING,2834 N 52ND ST,MILWAUKEE,WI,53210,414-488-9613,Robbie Mcneice,Owner/CEO,NO,,Standalone,251E00000X,Home Health,2026-07-22,59,Yes
1144141680,"LEBANON OF CASCADIA, LLC",350 S 8TH ST,LEBANON,OR,97355,541-259-1221,Owen Hammond,President,NO,,Group — 45 locations (same owner),314000000X,Skilled Nursing Facility,2026-07-22,57,Yes
1578484937,MATAI HOME CARE SERVICES LLC,3748 W CHESTER PIKE STE 119,NEWTOWN SQUARE,PA,19073,484-229-8611,Adekemi Araba,CEO,NO,,Standalone,251E00000X,Home Health,2026-07-22,59,Yes
1043131584,"LAKE OSWEGO OF CASCADIA, LLC",4550 CARMAN DR,LAKE OSWEGO,OR,97035,503-675-6055,Owen Hammond,President,NO,,Group — 2 locations (shared phone),314000000X,Skilled Nursing Facility,2026-07-22,57,Yes
1598686966,EASTLAKE URGENT CARE A PROFESSIONAL MEDICAL CORPORATION,2436 FENTON ST BLDG 6,CHULA VISTA,CA,91914,619-789-7385,Tarek Hassanein,Director,NO,,Standalone,261QU0200X,Urgent Care Center,2026-07-22,61,Yes
1780505081,4210 HICKMAN RD OPCO LLC,4210 HICKMAN RD,DES MOINES,IA,50310,515-271-6141,Jonah Svarc,Member,NO,,Standalone,310400000X,Assisted Living Facility,2026-07-22,58,Yes
1467373803,VIEWEDGE LABORATORY GROUP INC,4201 FM 1960 RD W STE 445,HOUSTON,TX,77068,832-948-0323,Vigen Sargsian,CEO,NO,,Standalone,291U00000X,Clinical Medical Laboratory,2026-07-22,61,Yes
1154242485,SOPHIES ASSISTED LIVING HOME PLLC,2324 W GRENADINE RD,PHOENIX,AZ,85041,602-692-2020,Frewoini Habtemariam,Owner,NO,,Standalone,310400000X,Assisted Living Facility,2026-07-22,57,Yes
1124949441,JENPELIA GROUP LLC,5919 WHITEWING RD,ROSENBERG,TX,77469,832-670-8472,Adaeze Okoye,CEO/Owner,NO,,Standalone,310400000X,Assisted Living Facility,2026-07-22,58,Yes
1356262646,JAZMAX HEALTHCARE LLC,11937 NW 31ST ST,CORAL SPRINGS,FL,33065,954-560-1252,Jasmith Pierre,Owner,NO,,Standalone,310400000X,Assisted Living Facility,2026-07-22,57,Yes
1144141474,"DESERT DAWN HEALTHCARE, INC",200 W MONROE ST # 242,PHOENIX,AZ,85003,404-664-2503,Tamara Pratt,President,NO,,Group — 2 locations (shared phone),251E00000X,Home Health,2026-07-22,58,Yes
1770404089,KERAK,14077 STONE JUG RD,BATTLE CREEK,MI,49015,269-719-2812,Jill Long,Owner,NO,,Group — 2 locations (shared phone),310400000X,Assisted Living Facility,2026-07-22,58,Yes
1609797166,BRIDGECARE HOME HEALTH & INFUSIONS,102 GLAD RD,BURBANK,WA,99323,509-380-7427,Angie Bohne,Owner,NO,,Standalone,251E00000X,Home Health,2026-07-22,59,Yes
1578484911,M AND A PERSONAL CARE SERVICES,11746 STILL HAVEN CT,INDIANAPOLIS,IN,46229,317-417-5509,Tracy Hinton,Part Owner / Agency Manager,NO,,Group — 2 locations (shared phone),251E00000X,Home Health,2026-07-22,58,Yes
1114848850,NEW START HEALTH ENTERPRISES LLC,21100 VINTAGE ST,CHATSWORTH,CA,91311,818-606-1611,Sian Welch,Administrator,NO,,Group — 2 locations (shared phone),314000000X,Skilled Nursing Facility,2026-07-21,57,Yes
1003737719,2414 W FRANK AVE OPCO LLC,2414 W FRANK AVE,LUFKIN,TX,75904,936-699-2544,Nochum Freund,CEO,NO,,Group — 8 locations (same owner),314000000X,Skilled Nursing Facility,2026-07-21,58,Yes
1932020674,WORTHINGTON SNF LLC,2675 36TH ST,PARKERSBURG,WV,26104,304-485-7447,Simcha Werner,Authorized official,NO,,Group — 12 locations (same owner),314000000X,Skilled Nursing Facility,2026-07-21,58,Yes
1114848751,1599 LOMALAND DR OPCO LLC,1599 LOMALAND DR,EL PASO,TX,79935,915-593-1131,Nochum Freund,CEO,NO,,Group — 8 locations (same owner),314000000X,Skilled Nursing Facility,2026-07-21,58,Yes
1467373183,11608 SCOTT SIMPSON DR OPCO LLC,11608 SCOTT SIMPSON DR,EL PASO,TX,79936,915-857-0071,Nochum Freund,CEO,NO,,Group — 8 locations (same owner),314000000X,Skilled Nursing Facility,2026-07-21,58,Yes
1255252870,1315 TEXAS AVE OPCO LLC,1315 TEXAS AVE,SAN ANTONIO,TX,78201,210-736-4238,Nochum Freund,CEO,NO,,Group — 8 locations (same owner),314000000X,Skilled Nursing Facility,2026-07-21,58,Yes
1144141706,MDLITE LLC,5900 BALCONES DR STE 16336,AUSTIN,TX,78731,213-476-9779,Christopher Roman Corona,Owner,NO,,Standalone,291U00000X,Clinical Medical Laboratory,2026-07-21,62,Yes
1316868953,425 SW AVE F OPCO LLC,425 SW AVENUE F,HAMLIN,TX,79520,325-576-3643,Nochum Freund,CEO,NO,,Group — 8 locations (same owner),314000000X,Skilled Nursing Facility,2026-07-21,58,Yes
1538080254,10350 MONTANA AVE OPCO LLC,10350 MONTANA AVE,EL PASO,TX,79925,915-595-6137,Nochum Freund,CEO,NO,,Group — 8 locations (same owner),314000000X,Skilled Nursing Facility,2026-07-21,58,Yes
1184545717,"CLEARTRACK MOBILE COLLECTION SERVICES, LLC",1302 WATSON BLVD # 1012,WARNER ROBINS,GA,31093,478-796-9048,Valarie Gooden,Managing Member,NO,,Standalone,291U00000X,Clinical Medical Laboratory,2026-07-21,61,Yes
1275453987,YAHWEH SKILLED NURSING AND REHABILITATION FACILITY,6306 EMERALD CLOVER DR,KATY,TX,77493,281-844-6285,Hope Ochebiri,Owner,NO,,Standalone,314000000X,Skilled Nursing Facility,2026-07-21,58,Yes
1275454894,3001 WESTWARD DR OPCO LLC,3001 WESTWARD DR,NACOGDOCHES,TX,75964,936-569-2631,Nochum Freund,CEO,NO,,Group — 8 locations (same owner),314000000X,Skilled Nursing Facility,2026-07-21,58,Yes
1760303481,TERRACE HAVEN CARE LLC,1220 LINCOLN TER,COLUMBIA HEIGHTS,MN,55421,612-472-5942,Muneeb Mushtaq,Owner/Managing Member,NO,,Standalone,310400000X,Assisted Living Facility,2026-07-21,59,Yes
1538080155,PLEASANT SNF LLC,640 SANDHILL RD,POINT PLEASANT,WV,25550,304-675-5236,Ari Zadeh,Authorized official,NO,,Group — 10 locations (same owner),314000000X,Skilled Nursing Facility,2026-07-21,58,Yes
1508787227,ARBUTUS PARK SNF LLC,100 PARKWAY DR,CLARKSBURG,WV,26301,304-624-6401,Simcha Werner,Authorized official,NO,,Group — 12 locations (same owner),314000000X,Skilled Nursing Facility,2026-07-21,58,Yes
1851212591,CLAY SNF LLC,1053 CLINIC DR,IVYDALE,WV,25113,304-286-4204,Ari Zadeh,Authorized official,NO,,Group — 10 locations (same owner),314000000X,Skilled Nursing Facility,2026-07-21,58,Yes
1457272148,TRINITY HOME PLUS LLC,1345 CHEROKEE RD,INMAN,KS,67546,620-585-6908,Amy Kelly,OWNER,NO,,Standalone,310400000X,Assisted Living Facility,2026-07-21,59,Yes
1255252946,POCOMOKE OPERATING LLC,1006 MARKET ST,POCOMOKE CITY,MD,21851,467-350-1450,Moishe Mayer,owner,NO,,Group — 5 locations (same owner),314000000X,Skilled Nursing Facility,2026-07-21,57,Yes
1417878109,ELARIS HOME SERVICES LLC,17927 SCHOOL STREET,LANSING,IL,60438,773-240-5043,Oluwatoyin Famoroti,Administrator,NO,,Group — 2 locations (same owner),251E00000X,Home Health,2026-07-21,59,Yes
1770404493,HEROES HOME HEALTH OK LLC,508 W VANDAMENT AVE,YUKON,OK,73099,806-420-0012,Kim Dyson May,CEO/Owner,NO,,Standalone,251E00000X,Home Health,2026-07-21,60,Yes
1225959901,EASTON OPERATING LLC,610 DUTCHMANS LN,EASTON,MD,21601,410-822-4000,Moishe Mayer,owner,NO,,Group — 5 locations (same owner),314000000X,Skilled Nursing Facility,2026-07-21,57,Yes
1700707478,"MUIR BEACH, LLC",105 POWER DR,VALLEJO,CA,94589,707-343-9352,Ryan Williams,Manager,NO,,Standalone,310400000X,Assisted Living Facility,2026-07-21,58,Yes
1073434759,DENTON OPERATING LLC,420 COLONIAL DR,DENTON,MD,21629,410-479-4400,Moishe Mayer,Owner,NO,,Group — 5 locations (same owner),314000000X,Skilled Nursing Facility,2026-07-21,57,Yes
1326968165,HICARES LLC,819 30TH AVE S STE 200D,MOORHEAD,MN,56560,832-863-0858,Winnifred Floberg,Managing member,NO,,Standalone,251E00000X,Home Health,2026-07-21,59,Yes
1619898392,CHESTERTOWN OPERATING LLC,415 MORGNEC RD,CHESTERTOWN,MD,21620,410-778-1900,Moishe Mayer,Owner,NO,,Group — 5 locations (same owner),314000000X,Skilled Nursing Facility,2026-07-21,57,Yes
1205757986,CAMBRIDGE OPERATING LLC,520 GLENBURN AVE,CAMBRIDGE,MD,21613,410-228-9191,Moishe Mayer,Owner,NO,,Group — 5 locations (same owner),314000000X,Skilled Nursing Facility,2026-07-21,57,Yes
1366363939,JOYOUS ENTERPRISES LLC,135 E HAWES AVE,FRESNO,CA,93706,559-355-0935,Mori Vance,CEO,NO,,Standalone,251E00000X,Home Health,2026-07-21,59,Yes
1235050964,CRESTVIEW MANOR SNF LLC,199 COURT ST,JANE LEW,WV,26378,304-884-7811,Simcha Werner,Authorized official,NO,,Group — 12 locations (same owner),314000000X,Skilled Nursing Facility,2026-07-21,58,Yes
1750202420,CABELL SNF LLC,30 HIDDEN BROOK WAY,CULLODEN,WV,25510,304-390-5709,Ari Zadeh,Authorized official,NO,,Group — 10 locations (same owner),314000000X,Skilled Nursing Facility,2026-07-21,58,Yes
1467373118,RAINELLE SNF LLC,276 PENNSYLVANIA AVE,RAINELLE,WV,25962,304-438-6127,Robert Cohen,Authorized official,NO,,Group — 11 locations (same owner),314000000X,Skilled Nursing Facility,2026-07-21,58,Yes
1043131790,FAYETTEVILLE SNF LLC,100 HRESAN BLVD,FAYETTEVILLE,WV,25840,304-574-0770,Robert Cohen,Authorized official,NO,,Group — 11 locations (same owner),314000000X,Skilled Nursing Facility,2026-07-21,58,Yes
1760303416,GLENWOOD SNF LLC,1924 GLENWOOD PARK RD,PRINCETON,WV,24739,304-425-8128,Robert Cohen,Authorized official,NO,,Group — 11 locations (same owner),314000000X,Skilled Nursing Facility,2026-07-21,58,Yes
1912828658,HILLCREST SNF LLC,462 KENMORE DR,DANVILLE,WV,25053,304-369-0986,Ari Zadeh,Authorized official,NO,,Group — 10 locations (same owner),314000000X,Skilled Nursing Facility,2026-07-21,58,Yes
1770403479,A NEW BEGINNING  HOME HEALTHCARE INC,6805 MINNE LUSA BLVD,OMAHA,NE,68112,402-320-6841,Antoinette Murray,CEO,NO,,Standalone,251E00000X,Home Health,2026-07-21,59,Yes
1588585129,AMARILYS MOBILE LAB SERVICES LLC,2828 NOTTEL DR,SAINT CLOUD,FL,34772,330-810-5987,Arilys Pereira,Owner,NO,,Standalone,291U00000X,Clinical Medical Laboratory,2026-07-21,61,Yes
1093636706,CLEARPOINT ON-SITE SERVICES,1602 ALHAMBRA CREST DR,RUSKIN,FL,33570,941-239-3475,Ashley Holloway,CEO,NO,,Standalone,291U00000X,Clinical Medical Laboratory,2026-07-21,61,Yes
1013838648,ELITE SUPPORT & LOGISTICS LLC,4171 LOMAC ST STE E-1,MONTGOMERY,AL,36106,904-762-8175,Andrea Nicholson,Owner/manager,NO,,Standalone,251E00000X,Home Health,2026-07-21,59,Yes
1760302491,HPNV HOLDCO INC,5070 ION DR STE 101,SPARKS,NV,89436,775-982-4100,Patricia Rodriguez,Regional President,YES,Hpnv Holdco Inc,Part of group,291U00000X,Clinical Medical Laboratory,2026-07-21,61,Yes
1891615530,GENESIS WEB SOLUTIONS USA INC,18 WALDRON AVENUE,NYACK,NY,10960,071-830-9757,Arthur Robert,Owner,NO,,Standalone,291U00000X,Clinical Medical Laboratory,2026-07-21,62,Yes
1457272106,MERCER SNF LLC,1275 SOUTHVIEW DR,BLUEFIELD,WV,24701,304-325-5448,Robert Cohen,Authorized official,NO,,Group — 11 locations (same owner),314000000X,Skilled Nursing Facility,2026-07-21,58,Yes
1124949896,CHAMBERSBURG SNF OPCO LLC,55 S 2ND ST,CHAMBERSBURG,PA,17201,717-264-6815,Nicholas Destefane,President,NO,,Group — 47 locations (same owner),314000000X,Skilled Nursing Facility,2026-07-21,57,Yes
1831010545,2550 ZACATECAS DR OPCO LLC,2550 ZACATECAS DR,EAGLE PASS,TX,78852,830-773-4488,Nochum Freund,CEO,NO,,Group — 8 locations (same owner),314000000X,Skilled Nursing Facility,2026-07-21,58,Yes
1861313595,WELLSBURG SNF LLC,70 VALLEY HAVEN DR,WELLSBURG,WV,26070,304-394-5322,Simcha Werner,Authorized official,NO,,Group — 12 locations (same owner),314000000X,Skilled Nursing Facility,2026-07-21,58,Yes
1134040884,BECKLEY SNF LLC,100 HEARTLAND DR,BECKLEY,WV,25801,304-256-1650,Robert Cohen,Authorized official,NO,,Group — 11 locations (same owner),314000000X,Skilled Nursing Facility,2026-07-21,58,Yes
1790606465,COASTAL CARE PARTNERS LLC,4 SKIDAWAY VILLAGE WALK STE B,SAVANNAH,GA,31411,912-598-6312,Merlan Powell,Executive Director,NO,,Standalone,251E00000X,Home Health,2026-07-21,59,Yes
1952221681,COMMUNITY CARE DIAGNOSTICS,4950 KELLER SPRINGS RD STE 220,ADDISON,TX,75001,530-263-7060,Matthew Anderson,Founder,NO,,Standalone,291U00000X,Clinical Medical Laboratory,2026-07-21,62,Yes
1689595357,DUNCANNON SNF OPCO LLC,25 COVE RD,DUNCANNON,PA,17020,717-834-4887,Nicholas Destefane,President,NO,,Group — 47 locations (same owner),314000000X,Skilled Nursing Facility,2026-07-21,57,Yes
1154242725,CAREVIA HOME HEALTH SERVICES LLC,4305 S LEE ST STE 300,BUFORD,GA,30518,973-494-6316,Chinedu Ezeanya,Owner,NO,,Standalone,251E00000X,Home Health,2026-07-21,59,Yes
1285554923,2044 WEST CARE MANOR,2044 W AVENUE H6,LANCASTER,CA,93536,661-729-5324,Marian Antona,ADMINISTRATOR,NO,,Standalone,310400000X,Assisted Living Facility,2026-07-21,58,Yes
1861313538,BERKELEY SPRINGS SNF LLC,456 AUTUMN ACRES RD,BERKELEY SPRINGS,WV,25411,304-258-3673,Meir Spitzer,Authorized official,NO,,Group — 8 locations (same owner),314000000X,Skilled Nursing Facility,2026-07-21,58,Yes
1134040785,HERE 4 U HOME CARE,11923 PANHANDLE RD,HAMPTON,GA,30228,404-903-7804,Korisha Callahan,Owner,NO,,Standalone,251E00000X,Home Health,2026-07-21,59,Yes
1417878182,HARRISVILLE SNF OPCO LLC,555 S MAIN ST,HARRISVILLE,PA,16038,724-735-4224,Nicholas Destefane,President,NO,,Group — 47 locations (same owner),314000000X,Skilled Nursing Facility,2026-07-21,57,Yes
1821918533,JEN'S COMFORT CARE,8218 PROMENADE CIR,SHELBY TWP,MI,48316,586-651-0900,Jennifer Korich,Owner,NO,,Standalone,251E00000X,Home Health,2026-07-21,59,Yes
1912828583,SMD ELITE LLC,1224 MILL ST STE 224,EAST BERLIN,CT,06023,203-666-1042,Monica Ayora,OWNER,NO,,Standalone,291U00000X,Clinical Medical Laboratory,2026-07-21,61,Yes
1437070075,ELODIE HOME CARE LLC,19225 E CAROLINA PL UNIT 105,AURORA,CO,80017,720-757-8084,Yosef Duresa,Managing Member,NO,,Standalone,251E00000X,Home Health,2026-07-21,59,Yes
1346161080,WAYNE SNF LLC,6999 ROUTE 152,WAYNE,WV,25570,304-697-7007,Ari Zadeh,Authorized official,NO,,Group — 10 locations (same owner),314000000X,Skilled Nursing Facility,2026-07-21,58,Yes
1184545824,SUMMERSVILLE SNF LLC,712 PROFESSIONAL PARK DR,SUMMERSVILLE,WV,26651,304-872-7600,Ari Zadeh,Authorized official,NO,,Group — 10 locations (same owner),314000000X,Skilled Nursing Facility,2026-07-21,58,Yes
1154241099,LEWISBURG SNF LLC,979 ROCKY HILL RD,RONCEVERTE,WV,24970,304-645-7270,Robert Cohen,Authorized official,NO,,Group — 11 locations (same owner),314000000X,Skilled Nursing Facility,2026-07-20,59,Yes
1467372284,AFFECTIONATE CARE ADULT FAMILY HOME LLC,4227 W ARROWHEAD RD,SPOKANE,WA,99208,509-315-9957,Peris Kiarie,Owner,NO,,Standalone,310400000X,Assisted Living Facility,2026-07-20,60,Yes
1790605665,KEYSER SNF LLC,135 W SOUTHERN DR,KEYSER,WV,26726,304-788-3415,Meir Spitzer,Authorized official,NO,,Group — 8 locations (same owner),314000000X,Skilled Nursing Facility,2026-07-20,59,Yes
1891615795,HPNV HOLDCO INC,740 DEL MONTE LN STE 3,RENO,NV,89511,775-982-5175,Patricia Rodriguez,Regional President,YES,Hpnv Holdco Inc,Part of group,291U00000X,Clinical Medical Laboratory,2026-07-20,62,Yes
1518887405,MORGANTOWN SNF LLC,30 MON GENERAL DR,MORGANTOWN,WV,26505,304-285-2720,Meir Spitzer,Authorized official,NO,,Group — 8 locations (same owner),314000000X,Skilled Nursing Facility,2026-07-20,59,Yes
1679493555,KINGWOOD SNF LLC,300 MILLER RD,KINGWOOD,WV,26537,304-329-3195,Meir Spitzer,Authorized official,NO,,Group — 8 locations (same owner),314000000X,Skilled Nursing Facility,2026-07-20,59,Yes
1821918723,WILLOW TREE SNF LLC,1263 S GEORGE ST,CHARLES TOWN,WV,25414,304-725-6575,Meir Spitzer,Authorized official,NO,,Group — 8 locations (same owner),314000000X,Skilled Nursing Facility,2026-07-20,59,Yes
1609796580,MARTINSBURG SNF LLC,209 CLOVER ST,MARTINSBURG,WV,25404,304-263-8921,Meir Spitzer,Authorized official,NO,,Group — 8 locations (same owner),314000000X,Skilled Nursing Facility,2026-07-20,59,Yes
1295655116,LINCOLN SNF LLC,200 MONDAY DR,HAMLIN,WV,25523,304-824-3133,Ari Zadeh,Authorized official,NO,,Group — 10 locations (same owner),314000000X,Skilled Nursing Facility,2026-07-20,59,Yes
1699695692,DREXMONT LLC,6212 E PINE LN UNIT 2142,PARKER,CO,80138,406-309-6462,Gary Foreman,Owner,NO,,Group — 84 locations (shared phone),291U00000X,Clinical Medical Laboratory,2026-07-20,62,Yes
1760302731,RITE AT HOME LLC,3 SAWFISH CT,KISSIMMEE,FL,34759,786-305-9679,Kishan Liddell,Administrative,NO,,Standalone,251E00000X,Home Health,2026-07-20,60,Yes
1164342192,MAPLEWOOD SNF LLC,1081 MAPLEWOOD DR,BRIDGEPORT,WV,26330,304-842-4135,Simcha Werner,Authorized official,NO,,Group — 12 locations (same owner),314000000X,Skilled Nursing Facility,2026-07-20,59,Yes
1659291599,LINDSIDE SNF LLC,10797 SENECA TRL S,LINDSIDE,WV,24951,304-753-4332,Robert Cohen,Authorized official,NO,,Group — 2 locations (shared phone),314000000X,Skilled Nursing Facility,2026-07-20,59,Yes
1659291664,BRIDGEPORT SNF LLC,41 CRESTVIEW TER,BRIDGEPORT,WV,26330,304-842-7101,Simcha Werner,Authorized official,NO,,Group — 12 locations (same owner),314000000X,Skilled Nursing Facility,2026-07-20,59,Yes
1356261259,"MEDFORD OF OLYMPUS, LLC",760 SPRING ST,MEDFORD,OR,97504,541-773-7717,Owen Hammond,President,NO,,Group — 2 locations (shared phone),310400000X,Assisted Living Facility,2026-07-20,60,Yes
1538089545,CAMERON SNF LLC,20 WILSON DR,CAMERON,WV,26033,304-686-3318,Simcha Werner,Authorized official,NO,,Group — 12 locations (same owner),314000000X,Skilled Nursing Facility,2026-07-20,59,Yes
1417877366,SENECA SNF LLC,1115 MAPLEWOOD AVE,LEWISBURG,WV,24901,304-753-4332,Robert Cohen,Authorized official,NO,,Group — 2 locations (shared phone),314000000X,Skilled Nursing Facility,2026-07-20,59,Yes
1598685406,BRAXTON SNF LLC,859 DAYS DR,SUTTON,WV,26601,304-765-2861,Ari Zadeh,Authorized official,NO,,Group — 10 locations (same owner),314000000X,Skilled Nursing Facility,2026-07-20,59,Yes
1851211601,SUMMERS SNF LLC,198 JOHN COOK NURSING HOME RD,HINTON,WV,25951,304-466-0332,Robert Cohen,Authorized official,NO,,Group — 11 locations (same owner),314000000X,Skilled Nursing Facility,2026-07-20,59,Yes
1316867344,MOUNDSVILLE SNF LLC,2200 FLORAL ST,MOUNDSVILLE,WV,26041,304-843-1035,Simcha Werner,Authorized official,NO,,Group — 12 locations (same owner),314000000X,Skilled Nursing Facility,2026-07-20,59,Yes
1356261135,OMEGA COMMUNITY CARE LLC,138 PORTSIDE CT,BEAR,DE,19701,267-902-1606,Bongofa Mate,CEO,NO,,Standalone,251E00000X,Home Health,2026-07-20,60,Yes
1457271389,WEBSTER SNF LLC,411 ERBACON RD,COWEN,WV,26206,304-226-5301,Ari Zadeh,Authorized official,NO,,Group — 10 locations (same owner),314000000X,Skilled Nursing Facility,2026-07-20,59,Yes
1548180458,CHARLESTON SNF LLC,3819 CHESTERFIELD AVE,CHARLESTON,WV,25304,304-925-4771,Ari Zadeh,Authorized official,NO,,Group — 10 locations (same owner),314000000X,Skilled Nursing Facility,2026-07-20,59,Yes
1881514768,COMMUNITY THRIVING LLC,3855 PENNSGROVE ST,PHILADELPHIA,PA,19104,215-607-1809,Lynn Greer,Executive Director,NO,,Standalone,310400000X,Assisted Living Facility,2026-07-20,60,Yes
1477473387,"KEIZER OF OLYMPUS, LLC",5210 RIVER RD N,KEIZER,OR,97303,503-393-3624,Owen Hammond,President,NO,,Group — 2 locations (shared phone),310400000X,Assisted Living Facility,2026-07-20,60,Yes
1336069350,CLARKSBURG SNF LLC,2096 DAVISSON RUN RD,CLARKSBURG,WV,26301,304-624-6500,Simcha Werner,Authorized official,NO,,Group — 12 locations (same owner),314000000X,Skilled Nursing Facility,2026-07-20,59,Yes
1134049935,PEACE HOME HEALTH CARE CENTER CORP,4445 W 16TH AVE STE 309A,HIALEAH,FL,33012,786-949-6989,Maria De La Teja,"Owner, CFO",NO,,Standalone,251E00000X,Home Health,2026-07-20,60,Yes
1114847126,BELMONT SNF LLC,506 RIVERVIEW DR,BELMONT,WV,26134,304-665-2065,Simcha Werner,Authorized official,NO,,Group — 12 locations (same owner),314000000X,Skilled Nursing Facility,2026-07-20,59,Yes
1144140120,VITA QUEST LABS LLC,640 W TIMBER BRANCH PKWY,ALEXANDRIA,VA,22302,571-351-9614,Rosane Quirino Rahman,MANAGER,NO,,Standalone,291U00000X,Clinical Medical Laboratory,2026-07-20,63,Yes
1083534002,EAGLE POINTE SNF LLC,1600 27TH ST,PARKERSBURG,WV,26101,304-485-6476,Simcha Werner,Authorized official,NO,,Group — 12 locations (same owner),314000000X,Skilled Nursing Facility,2026-07-20,59,Yes
1881514784,TAYLOR SNF LLC,2 HOSPITAL PLZ,GRAFTON,WV,26354,304-265-0008,Meir Spitzer,Authorized official,NO,,Group — 8 locations (same owner),314000000X,Skilled Nursing Facility,2026-07-20,59,Yes
1417877275,MATTHEW ROOT DO INC,13320 RIVERSIDE DR STE 212,SHERMAN OAKS,CA,91423,818-621-0019,Matthew Root,President/Owner,YES,Matthew Root Do Inc,Part of group,261QA1903X,Ambulatory Surgery Center,2026-07-20,61,Yes
1467372326,SWEET SERENITY PERSONAL CARE HOME LLC,260 OVERLOOK RD,COVINGTON,GA,30014,404-740-4535,Serriasher Evans,Owner,NO,,Standalone,251E00000X,Home Health,2026-07-20,60,Yes
1093635872,"KINGDOM CARE SOLUTIONS, LLC",1434A W MARKET ST,ANDERSON,SC,29624,864-642-9642,Adrain Patterson,Administrator/Owner,YES,"Kingdom Care Solutions, Llc",Part of group,251E00000X,Home Health,2026-07-20,61,Yes
1447170410,HOPEFUL HOMES,1235 E HARDING ST,LONG BEACH,CA,90805,562-513-2740,Yolanda Stowe,Administrator,NO,,Standalone,310400000X,Assisted Living Facility,2026-07-20,59,Yes
1194645150,HOMECARE WITH DIGNITY LLC,8103 MALLARD SHORE DR,LAUREL,MD,20724,240-639-9632,Mariama Bangura,Administrator,NO,,Standalone,251E00000X,Home Health,2026-07-20,60,Yes
1316867294,CLEARHORIZON HOME HEALTH CARE SERVICES,1100 N SHENANDOAH AVE STE B,FRONT ROYAL,VA,22630,808-364-8937,Matthew Rosario,Owner,NO,,Standalone,251E00000X,Home Health,2026-07-20,61,Yes
1518887389,"EUGENE WEST OF CASCADIA, LLC",2360 CHAMBERS ST,EUGENE,OR,97405,541-687-1310,Owen Hammond,President,NO,,Group — 45 locations (same owner),314000000X,Skilled Nursing Facility,2026-07-20,59,Yes
1972423895,"GLADSTONE OF CASCADIA, LLC",220 E HEREFORD ST,GLADSTONE,OR,97027,503-656-0393,Owen Hammond,President,NO,,Group — 45 locations (same owner),314000000X,Skilled Nursing Facility,2026-07-20,59,Yes
1265352124,BLOOM HOME CARE SERVICES LLC,205 N LA SALLE AVE,SIOUX FALLS,SD,57110,605-961-7908,Patrick Paul,CEO,NO,,Standalone,251E00000X,Home Health,2026-07-20,61,Yes
1295655017,MULTILINE ONLINE INC,5900 BALCONES DR STE 32579,AUSTIN,TX,78731,929-607-2179,Mohammad Jamal,CEO,NO,,Standalone,291U00000X,Clinical Medical Laboratory,2026-07-20,63,Yes
1417877291,"HILLSBORO OF CASCADIA, LLC",650 SE OAK ST,HILLSBORO,OR,97123,503-648-8588,Owen Hammond,President,NO,,Group — 45 locations (same owner),314000000X,Skilled Nursing Facility,2026-07-20,59,Yes
1487574265,"JUNCTION CITY OF CASCADIA, LLC",530 BIRCH ST,JUNCTION CITY,OR,97448,541-998-2395,Owen Hammond,President,NO,,Group — 45 locations (same owner),314000000X,Skilled Nursing Facility,2026-07-20,59,Yes
1912827973,"LOVING CARE TRANSITIONAL HOME, LLC",8354 PRINCETON GLENDALE RD STE 209,WEST CHESTER,OH,45069,513-476-7879,Regina Bobie,COO,YES,"Loving Care Transitional Home, Llc",Part of group,251E00000X,Home Health,2026-07-20,61,Yes
1689594590,"KEIZER OF CASCADIA, LLC",5210 RIVER RD N,KEIZER,OR,97303,503-393-3624,Owen Hammond,President,NO,,Group — 2 locations (shared phone),314000000X,Skilled Nursing Facility,2026-07-20,59,Yes
1497675268,ROSE GUEST HOME,1820 BETHANY AVE,SAN JOSE,CA,95132,650-892-3936,Lilian Sacun,Administrator,NO,,Standalone,310400000X,Assisted Living Facility,2026-07-20,59,Yes
1033039102,HOUSE OF VALUES LLC,6936 GREENWAY AVE STE A,SAINT LOUIS,MO,63121,314-650-9615,Tinika Monroe,Owner,NO,,Standalone,251E00000X,Home Health,2026-07-20,60,Partial
1689594491,COLLEBRA ESSENTIALS LLC,5900 BALCONES DR STE 32573,AUSTIN,TX,78731,830-209-2169,Naeem Gul,CEO,NO,,Standalone,291U00000X,Clinical Medical Laboratory,2026-07-20,63,Yes
1265352173,"PORTLAND WEST OF CASCADIA, LLC",6530 SW 30TH AVE,PORTLAND,OR,97239,503-244-7533,Owen Hammond,President,NO,,Group — 45 locations (same owner),314000000X,Skilled Nursing Facility,2026-07-20,59,Yes
1558281360,CARENEST HOME HEALTH LLC,1700 HUGUENOT RD,MIDLOTHIAN,VA,23113,804-397-9937,Janell Bell,LPN,NO,,Standalone,251E00000X,Home Health,2026-07-20,61,Yes
1336069251,"ROGUE VALLEY OF CASCADIA, LLC",625 STEVENS ST,MEDFORD,OR,97504,541-779-3551,Owen Hammond,President,NO,,Group — 45 locations (same owner),314000000X,Skilled Nursing Facility,2026-07-20,59,Yes
1710807581,MARY'S PREMIER CONSULTING LLC,8370 EPWORTH ST,DETROIT,MI,48204,,,,,,Standalone,251E00000X,Home Health,2026-07-20,60,Yes
1649190430,TRUE VALUE ASSISTED LIVING LLC,3300 COUNTY ROAD 10 STE 320D,BROOKLYN CENTER,MN,55429,763-280-0014,Angeline Walker,OWNER,NO,,Standalone,251E00000X,Home Health,2026-07-20,60,Yes
1073433850,"TIGARD OF CASCADIA, LLC",16485 SW PACIFIC HWY,TIGARD,OR,97224,503-620-5141,Owen Hammond,President,NO,,Group — 45 locations (same owner),314000000X,Skilled Nursing Facility,2026-07-20,59,Yes
1528988300,GENTLE HEARTS HOME CARE,32909 NEWCASTLE DR,WARREN,MI,48093,313-455-9152,Syeda Samia,Owner,NO,,Standalone,251E00000X,Home Health,2026-07-20,60,Yes
1043130941,SAFE HAVEN PEACEFUL LIVING,1891 VAN ALLEN CIRCLE,DELTONA,FL,32738,954-826-7679,Smith Augustin,owner,NO,,Standalone,310400000X,Assisted Living Facility,2026-07-20,59,Yes
1851211700,"MAMIE'S LOVING CARE, INC.",3825 YELLOW BANK RD,DUNKIRK,MD,20754,410-257-4565,Mamie Young,PRESIDENT,NO,,Standalone,310400000X,Assisted Living Facility,2026-07-20,60,Yes
1346160124,GRANADA GOLDEN YEARS,17201 LAHEY ST,GRANADA HILLS,CA,91344,747-351-4203,Ruben Sargsyan,CEO,NO,,Standalone,310400000X,Assisted Living Facility,2026-07-20,59,Yes
1841110632,GOLDEN HEARTS HOME HEALTHCARE,114 ASHWOOD LN,ANDERSON,SC,29625,910-470-9621,Shanquilia Davis,Ceo,NO,,Standalone,251E00000X,Home Health,2026-07-20,61,Yes
1255251302,ABT PREMIER HOME CARE LLC,644 W EVERGREEN AVE,YOUNGSTOWN,OH,44511,330-964-6444,Nicole Cospy,owner,NO,,Standalone,251E00000X,Home Health,2026-07-20,61,Yes
1871413872,DREXMONT LLC,6212 E PINE LN UNIT 2142,PARKER,CO,80138,406-309-6462,Gary Foreman,Owner,NO,,Group — 84 locations (shared phone),261QU0200X,Urgent Care Center,2026-07-20,63,Yes
1417877549,CIRCLE OF LOVE HOME HEALTH AGENCY LLC,327 N QUEEN ST STE 308,KINSTON,NC,28501,252-624-4407,Eusheena Harris,RN/Owner,NO,,Standalone,251E00000X,Home Health,2026-07-18,62,Yes
1891615902,ASHLEY'S ANGELS ORGANIZATION,18111 GODDARD ST,DETROIT,MI,48234,313-466-1142,Melody Sorrell,President/Owner,NO,,Standalone,251E00000X,Home Health,2026-07-18,62,Yes
1407776511,ESTORIL GROUP LLC,10151 LARAMIE AVE,CHATSWORTH,CA,91311,818-802-3203,Justin Aquintey,CEO,NO,,Standalone,310400000X,Assisted Living Facility,2026-07-18,61,Yes
1497675763,TRUNDLEBUG LLC,4539 N 22ND ST STE N,PHOENIX,AZ,85016,480-210-6232,Terri Lynn Korthals,Owner,NO,,Group — 2 locations (shared phone),261QU0200X,Urgent Care Center,2026-07-17,66,Yes
1194645481,WAYLAND NURSING AND REHAB LLC,188 COMMONWEALTH RD,WAYLAND,MA,01778,508-653-8500,Avrohom Rotberg,President,NO,,Group — 12 locations (same owner),314000000X,Skilled Nursing Facility,2026-07-17,61,Yes
1609796812,ELEGANT HEALTH RESOURCES LLC,838 S SHERMAN ST,DENVER,CO,80209,303-228-6119,Moneeb Ul Haq,owner,NO,,Standalone,261QU0200X,Urgent Care Center,2026-07-17,66,Yes
1366362634,WOOD MILL NURSING AND REHAB LLC,800 ESSEX ST,LAWRENCE,MA,01841,978-686-2994,Avrohom Rotberg,President,NO,,Group — 12 locations (same owner),314000000X,Skilled Nursing Facility,2026-07-17,61,Yes
1508786716,ZORVEXA LLC,229 SE DOUGLAS ST STE 210,LEES SUMMIT,MO,64063,406-309-6462,Milton Cleghornq,Owner,NO,,Group — 84 locations (shared phone),261QU0200X,Urgent Care Center,2026-07-17,66,Yes
1669392866,BOSWELLYN INC,116 AGNES RD STE 200,KNOXVILLE,TN,37919,865-210-8004,John Aguinaga,Owner,NO,,Standalone,291U00000X,Clinical Medical Laboratory,2026-07-17,66,Yes
1770403032,HANDLE ME WITH CARE LLC,36 TREVA CT,WESTERVILLE,OH,43081,614-822-5616,Rahma Yusuf,Owner,NO,,Standalone,251E00000X,Home Health,2026-07-17,64,Yes
1629998877,FENWARDEN LLC,901 N STATE ST STE A,JACKSON,MS,39202,406-309-6462,Charles Burton,Owner,NO,,Group — 84 locations (shared phone),261QU0200X,Urgent Care Center,2026-07-17,66,Yes
1659291888,CAPE COD NURSING AND REHAB LLC,8 LEWIS POINT RD,BOURNE,MA,02532,508-759-5752,Avrohom Rotberg,President,NO,,Group — 12 locations (same owner),314000000X,Skilled Nursing Facility,2026-07-17,61,Yes
1235059445,AMBERVALE LLC,5534 SAINT JOE RD,FORT WAYNE,IN,46835,406-309-6462,Samee Ijaz,Owner,NO,,Group — 84 locations (shared phone),291U00000X,Clinical Medical Laboratory,2026-07-17,66,Yes
1104746494,FAST & EASY MOBILE LAB LLC,1988 SW MONTERREY LN,PORT ST LUCIE,FL,34953,561-781-5008,Manoucheka Evariste,Owner,NO,,Standalone,291U00000X,Clinical Medical Laboratory,2026-07-17,65,Yes
1780504076,FAIRHAVEN NURSING AND REHAB LLC,184 MAIN ST,FAIRHAVEN,MA,02719,508-997-3193,Avrohom Rotberg,President,NO,,Group — 12 locations (same owner),314000000X,Skilled Nursing Facility,2026-07-17,61,Yes
1972423259,QUIRKENDALE LLC,6545 MARKET AVE N STE 10,CANTON,OH,44721,234-203-0370,Eddie Davis,Owner,NO,,Group — 2 locations (shared phone),261QU0200X,Urgent Care Center,2026-07-17,66,Yes
1871413138,NORTH PARK AL OPCO LLC,1 N PARK CIR,BROOKPARK,OH,44142,216-412-2300,Jeffrey Degyansky,Chief Operating Officer,NO,,Standalone,310400000X,Assisted Living Facility,2026-07-17,63,Yes
1912827254,PRIXRO GRILL INC,9905 S PENNSYLVANIA AVE STE A,OKLAHOMA CITY,OK,73159,405-212-1753,Micheal Townsend,Owner,NO,,Group — 2 locations (shared phone),291U00000X,Clinical Medical Laboratory,2026-07-17,66,Yes
1487574752,FALMOUTH NURSING AND REHAB LLC,359 JONES RD,FALMOUTH,MA,02540,774-349-0220,Avrohom Rotberg,President,NO,,Group — 12 locations (same owner),314000000X,Skilled Nursing Facility,2026-07-17,61,Yes
1629998901,QUIRKENDALE LLC,6545 MARKET AVE N STE 10,CANTON,OH,44721,234-203-0370,Eddie Davis,Owner,NO,,Group — 2 locations (shared phone),291U00000X,Clinical Medical Laboratory,2026-07-17,66,Yes
1437079779,PRIXRO GRILL INC,9905 S PENNSYLVANIA AVE STE A,OKLAHOMA CITY,OK,73159,405-212-1753,Micheal Townsend,Owner,NO,,Group — 2 locations (shared phone),261QU0200X,Urgent Care Center,2026-07-17,66,Yes
1881514149,COTUIT NURSING AND REHAB LLC,161 FALMOUTH RD,MASHPEE,MA,02649,508-477-2490,Avrohom Rotberg,President,NO,,Group — 12 locations (same owner),314000000X,Skilled Nursing Facility,2026-07-17,61,Yes
1811817190,MEADOW VIEW NURSING AND REHAB LLC,134 NORTH ST,NORTH READING,MA,01864,978-276-2000,Avrohom Rotberg,President,NO,,Group — 12 locations (same owner),314000000X,Skilled Nursing Facility,2026-07-17,61,Yes
1508786872,TRUNDLEBUG LLC,4539 N 22ND ST STE N,PHOENIX,AZ,85016,480-210-6232,Terri Lynn Korthals,Owner,NO,,Group — 2 locations (shared phone),291U00000X,Clinical Medical Laboratory,2026-07-17,65,Yes
1043130339,MEGANSETT NURSING AND REHAB LLC,209 COUNTY RD,NORTH FALMOUTH,MA,02556,508-563-5913,Avrohom Rotberg,President,NO,,Group — 12 locations (same owner),314000000X,Skilled Nursing Facility,2026-07-17,61,Yes
1790605046,TECHVISTA INC,8401 MAYLAND DR STE S,RICHMOND,VA,23294,804-325-8209,Terry Vermilya,Owner,NO,,Group — 2 locations (shared phone),291U00000X,Clinical Medical Laboratory,2026-07-17,66,Yes
1013837392,NORWELL NURSING AND REHAB LLC,329 WASHINGTON ST,NORWELL,MA,02061,781-659-4901,Avrohom Rotberg,President,NO,,Group — 12 locations (same owner),314000000X,Skilled Nursing Facility,2026-07-17,61,Yes
1841110186,PENPIXEL LLC,2411 E 4TH ST,BROOKLYN,NY,11223,718-629-8940,Daler Rakhmonov,OWNER,NO,,Standalone,261QU0200X,Urgent Care Center,2026-07-17,66,Yes
1518887736,CINDERLOW INC,201 RUE BEAUREGARD STE 202,LAFAYETTE,LA,70508,406-309-6462,Mohammad Masood,owner,NO,,Group — 84 locations (shared phone),291U00000X,Clinical Medical Laboratory,2026-07-17,66,Yes
1053231225,KINDRED-CONNECT LLC,4220 GLENDALE ST,DETROIT,MI,48238,313-502-0134,Destinee Williams,Owner,NO,,Standalone,251E00000X,Home Health,2026-07-17,63,Yes
1962322107,KELTRIX INC,8401 MAYLAND DR STE V,RICHMOND,VA,23294,406-309-6462,Joan Roach,Owner,NO,,Group — 84 locations (shared phone),291U00000X,Clinical Medical Laboratory,2026-07-17,66,Yes
1083534218,CALILAY LLC,202 N CEDAR AVE STE 1,OWATONNA,MN,55060,406-309-6462,Jazmyne Hicks,Owner,NO,,Group — 84 locations (shared phone),261QU0200X,Urgent Care Center,2026-07-17,66,Yes
1831019033,EVOLINT LAB LLC,13110 MULA CT STE C,STAFFORD,TX,77477,713-443-8523,Chandresh Patel,LLC Member,NO,,Standalone,291U00000X,Clinical Medical Laboratory,2026-07-17,66,Yes
1093635385,DVH HEALTH SOLUTION LLC,1820 N CORPORATE LAKES BLVD STE 207,WESTON,FL,33326,813-334-7460,Karina Garrido Vergara,PRESIDENT,NO,,Standalone,251E00000X,Home Health,2026-07-17,63,Yes
1669392809,KELTRIX INC,8401 MAYLAND DR STE V,RICHMOND,VA,23294,406-309-6462,Joan Roach,Owner,NO,,Group — 84 locations (shared phone),261QU0200X,Urgent Care Center,2026-07-17,67,Yes
1568382828,CHANTERO INC,8401 MAYLAND DR STE A,RICHMOND,VA,23294,804-256-3116,Jeanette Maresco,Owner,NO,,Group — 2 locations (shared phone),261QU0200X,Urgent Care Center,2026-07-17,67,Yes
1790605913,CLOUDSPEAK LLC,8 THE GRN STE R,DOVER,DE,19901,406-309-6462,Joseph Walker,Owner,NO,,Group — 84 locations (shared phone),261QU0200X,Urgent Care Center,2026-07-17,66,Yes
1770403974,MEADOW RIDGE GARDENS LLC,521 MEADOW RIDGE LN,MOBERLY,MO,65270,660-263-0550,Chaim Mandelbaum,Medicare Authorized Official,NO,,Standalone,310400000X,Assisted Living Facility,2026-07-17,63,Yes
1942120118,ASSURED ASSISTED LIVING LLC,1861 SAPLING CT,CASTLE ROCK,CO,80109,,,,,,Standalone,310400000X,Assisted Living Facility,2026-07-17,62,Yes
1952221186,HELPING HEARTS ASSISTED LIVING LLC,4301 E MARTIN LUTHER KING JR BLVD,DENVER,CO,80207,267-752-2162,Danielle Robinson,Administrator,NO,,Standalone,310400000X,Assisted Living Facility,2026-07-17,62,Yes
1992625164,"TOGETHER CARE SERVICE, LLC",904 ANNA PL,DAVENPORT,FL,33837,862-373-7990,Kiara Aulet,Owner,NO,,Standalone,251E00000X,Home Health,2026-07-17,63,Yes
1437079514,PASSIONS HEARTS LLC,13543 POPLAR ST,SOUTHGATE,MI,48195,734-899-7253,Ayonna Wilson,owner,NO,,Standalone,251E00000X,Home Health,2026-07-17,63,Yes
1467372607,FENWARDEN LLC,901 N STATE ST STE A,JACKSON,MS,39202,406-309-6462,Charles Burton,Owner,NO,,Group — 84 locations (shared phone),291U00000X,Clinical Medical Laboratory,2026-07-17,66,Yes
1861312050,CRANBERRY PLACE,1201 CUMBERLAND RD,PITTSBURGH,PA,15237,412-635-0798,Angela Borgo,Director of Quality and Compliance,YES,Upmc Senior Communities,Part of group: Upmc Senior Communities,310400000X,Assisted Living Facility,2026-07-17,63,Yes
1477473619,"TRI-CARE HOME SOLUTIONS, LLC",1970 MAIN ST E STE B7,SNELLVILLE,GA,30078,678-895-3049,Sanya Goss,Owner,NO,,Standalone,251E00000X,Home Health,2026-07-17,63,Yes
1083534291,ZORVEXA LLC,229 SE DOUGLAS ST STE 210,LEES SUMMIT,MO,64063,,,,,,Standalone,291U00000X,Clinical Medical Laboratory,2026-07-17,66,Yes
1871413120,TECHVISTA INC,8401 MAYLAND DR STE S,RICHMOND,VA,23294,804-325-8209,Terry Vermilya,Owner,NO,,Group — 2 locations (shared phone),261QU0200X,Urgent Care Center,2026-07-17,67,Yes
1710807037,FAITHFUL SOLUTIONS LLC,4656 KORTE AVE,SAINT LOUIS,MO,63115,314-893-1092,Latysha Thompson,Owner,NO,,Standalone,291U00000X,Clinical Medical Laboratory,2026-07-17,66,Yes
1154241313,NOBLE CARE LLC,230 HORIZON DR VERONA WI,VERONA,WI,53593,206-683-0114,Bashir Ahmed,CEO,NO,,Standalone,251E00000X,Home Health,2026-07-17,64,Yes
1699695825,4 SISTERS THAT CARE,120 N MCDONOUGH ST,JONESBORO,GA,30236,404-236-9948,Demisa Horton,HOME HEALTH SERVICES DIRECTOR,NO,,Standalone,251E00000X,Home Health,2026-07-17,63,Yes
1649190844,GILAN CLINICAL LABORATORY LLC,11999 KATY FWY STE 225,HOUSTON,TX,77079,832-241-9704,Muhammad Anwar,owner,NO,,Standalone,261QU0200X,Urgent Care Center,2026-07-17,66,Yes
1366362584,CLOUDSPEAK LLC,8 THE GRN STE R,DOVER,DE,19901,406-309-6462,Joseph Walker,Owner,NO,,Group — 84 locations (shared phone),291U00000X,Clinical Medical Laboratory,2026-07-17,65,Yes
1629998976,WARBLEFOOT LLC,1500 N GRANT ST STE N,DENVER,CO,80203,303-747-6053,James Thorsen,Owner,NO,,Group — 2 locations (shared phone),291U00000X,Clinical Medical Laboratory,2026-07-17,65,Yes
1811817166,QUIBBLEWICK LLC,1500 N GRANT ST STE C,DENVER,CO,80203,303-747-6045,David Lucier,Owner,NO,,Group — 2 locations (shared phone),261QU0200X,Urgent Care Center,2026-07-17,66,Yes
1942120290,QUIBBLEWICK LLC,1500 N GRANT ST STE C,DENVER,CO,80203,303-747-6045,David Lucier,Owner,NO,,Group — 2 locations (shared phone),291U00000X,Clinical Medical Laboratory,2026-07-17,65,Yes
1942120175,CINDERLOW INC,201 RUE BEAUREGARD STE 202,LAFAYETTE,LA,70508,406-309-6462,Mohammad Masood,Owner,NO,,Group — 84 locations (shared phone),261QU0200X,Urgent Care Center,2026-07-17,66,Yes
1538089768,"ALLIED NURSES, LLC",900 TRAIL RIDGE RD FL 1,AIKEN,SC,29803,803-902-6615,Greg Roper,CEO,NO,,Standalone,251E00000X,Home Health,2026-07-17,64,Yes
1700706066,WARBLEFOOT LLC,1500 N GRANT ST STE N,DENVER,CO,80203,303-747-6053,James Thorsen,Owner,NO,,Group — 2 locations (shared phone),261QU0200X,Urgent Care Center,2026-07-17,66,Yes
1629998836,COASTAL HOME CARE SERVICES LLC,1275 W GRANADA BLVD STE 6A,ORMOND BEACH,FL,32174,,,,,,Standalone,251E00000X,Home Health,2026-07-17,63,Yes
1871413005,"MEDFORD OF CASCADIA, LLC",835 CRATER LAKE AVE,MEDFORD,OR,97504,541-773-7717,Owen Hammond,President,NO,,Group — 2 locations (shared phone),314000000X,Skilled Nursing Facility,2026-07-17,61,Yes
1831019041,SUPERIOR WOODS OPCO LLC,8380 GEDDES RD,YPSILANTI,MI,48198,734-547-7600,Marcella Graf,CFO,YES,Superior Woods Opco Llc,Part of group,310400000X,Assisted Living Facility,2026-07-17,63,Yes
1013837236,AMBERVALE LLC,5534 SAINT JOE RD,FORT WAYNE,IN,46835,406-309-6462,Samee Ijaz,Owner,NO,,Group — 84 locations (shared phone),261QU0200X,Urgent Care Center,2026-07-17,66,Yes
1124948336,WHY NOT HOME CARE,15485 WHITCOMB ST,DETROIT,MI,48227,313-693-8746,Danielle Pacheco,Owner,NO,,Standalone,251E00000X,Home Health,2026-07-17,63,Yes
1952221210,CHANTERO INC,8401 MAYLAND DR STE A,RICHMOND,VA,23294,804-256-3116,Jeanette Maresco,Owner,NO,,Group — 2 locations (shared phone),291U00000X,Clinical Medical Laboratory,2026-07-17,66,Yes
1558281782,CALILAY LLC,202 N CEDAR AVE STE 1,OWATONNA,MN,55060,406-309-6462,Jazmyne Hicks,Owner,NO,,Group — 84 locations (shared phone),291U00000X,Clinical Medical Laboratory,2026-07-17,66,Yes
1619897931,ABSOLUTE ROYAL HOME SERVICES CORP,1500 CHICAGO AVE APT 24,MINNEAPOLIS,MN,55404,763-620-2544,Ayanle Mohamed,Owner,NO,,Standalone,251E00000X,Home Health,2026-07-17,63,Yes
1891615316,NEXACART LLC,4601 E DOUGLAS AVE STE 150,WICHITA,KS,67218,316-201-0096,Marc Whitman,Owner,NO,,Group — 2 locations (shared phone),291U00000X,Clinical Medical Laboratory,2026-07-16,67,Yes
1114847423,DAILY PALS LLC,2809 HALLIGAN DR,NORTH PLATTE,NE,69101,402-507-7521,Yvemide Anacius,Owner,NO,,Standalone,251E00000X,Home Health,2026-07-16,64,Yes
1861312381,MAGNET HEALTHCARE SERVICES LLC,231 SEAMASTER RD,ESSEX,MD,21221,410-940-7654,Morris Dossen,Care Coordinator,NO,,Standalone,251E00000X,Home Health,2026-07-16,64,Yes
1760302194,DOVE HILL ASSISTED LIVING,1315 E STATE HIGHWAY 22,HAMILTON,TX,76531,254-386-3171,Gary Blake,Manager,NO,,Standalone,310400000X,Assisted Living Facility,2026-07-16,64,Yes
1356261721,BRAINTREE NURSING AND REHAB LLC,95 COMMERCIAL ST,BRAINTREE,MA,02184,781-848-0933,Avrohom Rotberg,President,NO,,Group — 12 locations (same owner),314000000X,Skilled Nursing Facility,2026-07-16,62,Yes
1144140567,CROWN2 ADULT FAMILY HOME LLC,14702 47TH AVE W,LYNNWOOD,WA,98087,206-330-5863,Aklilu Alene,provider/owner,NO,,Standalone,310400000X,Assisted Living Facility,2026-07-16,64,Yes
1154241537,ZENVORA HEALTH LLC,1300 CIMARRON CIR APT D,FAIRBORN,OH,45324,312-395-7290,Prabhjot Singh,Owner,NO,,Group — 19 locations (shared phone),261QU0200X,Urgent Care Center,2026-07-16,67,Yes
1760302079,MYPUREHEART HOMECARE SERVICES,18000 SANTA BARBARA DR,DETROIT,MI,48221,248-991-2740,Myron Tate,owner,NO,,Standalone,251E00000X,Home Health,2026-07-16,64,Yes
1154241529,100 ACRE AFH,1036 S 325TH ST,FEDERAL WAY,WA,98003,206-376-5165,Darryl Lapiguera,Owner,NO,,Standalone,310400000X,Assisted Living Facility,2026-07-16,64,Yes
1346160702,LEGACY CARE PARTNERS LLC,221 MAIN ST STE N,NASHUA,NH,03060,206-790-6791,Mohamed Ali Elmi,DIRECTOR,NO,,Standalone,251E00000X,Home Health,2026-07-16,64,Yes
1114847662,PRECISION LAB BILLING LLC,10316 SPRING IRIS DR,BRISTOW,VA,20136,385-384-2482,Tooba Basharat,Manager,NO,,Standalone,291U00000X,Clinical Medical Laboratory,2026-07-16,67,Yes
1902726474,FILE:///C:/USERS/ALHADMIN/APPDATA/LOCAL/TEMP/,1338 HARRISON AVE,DES MOINES,IA,50314,515-633-7663,Ahmed Abdirahman,CO-OWNER,NO,,Standalone,310400000X,Assisted Living Facility,2026-07-16,64,Yes
1053231449,VELNORA HEALTH LLC,1300 CIMARRON CIR APT D,FAIRBORN,OH,45324,312-395-7290,Narinderpal Singh,Owner,NO,,Group — 19 locations (shared phone),261QU0200X,Urgent Care Center,2026-07-16,67,Yes
1669392262,CATS HOME CARE LLC,3802 STONEBRIDGE DR,MADISON,WI,53719,608-640-2237,Catherine Curry,Owner,NO,,Standalone,251E00000X,Home Health,2026-07-16,65,Yes
1154241669,A LOVING ARM HOME 2 INC.,5409 BRANINBURG CT,CARMICHAEL,CA,95608,916-872-0384,Veronica Inrierno,Licensee,NO,,Standalone,310400000X,Assisted Living Facility,2026-07-16,63,Yes
1316867799,ORAVELLE WELLNESS LLC,3770 SOUTHPOINT PKWY APT 11,OXFORD,OH,45056,312-395-7290,Prabhjot Singh,Owner,NO,,Group — 19 locations (shared phone),261QU0200X,Urgent Care Center,2026-07-16,67,Yes
1184544538,A BLOOMING GRACE INC,6600 BETHIA LN,BROOKLYN PARK,MN,55428,612-361-7902,Farhiya Omar-Samatat,Owner,NO,,Standalone,310400000X,Assisted Living Facility,2026-07-16,64,Yes
1841110319,ANGEL CARE HOMES,520 ALABAMA AVE APT A,SALISBURY,MD,21801,302-252-1398,Shanita Reynolds,CFO,NO,,Standalone,251E00000X,Home Health,2026-07-16,64,Yes
1396665733,CARE SPRING HOMECARE,33 MARKET POINT DR OFC 2029,GREENVILLE,SC,29607,864-397-5617,Chaim Lieberman,Owner,NO,,Standalone,251E00000X,Home Health,2026-07-16,65,Yes
1235059536,HOPE SHORES MCKINLEY,9222 MCKINLEY RD,MONTROSE,MI,48457,916-862-0166,Emily Sedlak,Business Manager,NO,,Standalone,310400000X,Assisted Living Facility,2026-07-16,64,Yes
1336069798,UNIQUE IN LIFE LLC,10 GLENLAKE PKWY # 130-95,SANDY SPRINGS,GA,30328,470-449-4150,Dennice Primo,OWNER OPERATOR,NO,,Standalone,251E00000X,Home Health,2026-07-16,64,Yes
1225958754,FORTABS HEALTH CARE LLC,120 S KANSAS ST,KENNEWICK,WA,99336,614-515-9284,Ajuseh Fortaboh,Owner,NO,,Standalone,251E00000X,Home Health,2026-07-16,65,Yes
1801716261,GRACEFUL LIVING HOME HEALTH CARE LLC,12020 SUNRISE BLVD E APT J206,PUYALLUP,WA,98374,405-318-1779,Clovis Ngwa,Owner,NO,,Standalone,251E00000X,Home Health,2026-07-16,65,Yes
1205756616,EAST VALLEY MANSION ASSISTED LIVING LLC,3368 E SUNNYDALE DR,QUEEN CREEK,AZ,85142,480-988-0445,Nicholas Villegas,Director,NO,,Standalone,310400000X,Assisted Living Facility,2026-07-16,63,Yes
1417877903,SUNSET COAST HOME CARE INC.,10895 CHALLENGE BLVD,LA MESA,CA,91941,619-882-5003,Vanessa Nunez,Chief Executive Officer,NO,,Standalone,310400000X,Assisted Living Facility,2026-07-16,63,Yes
1871413302,ARSHANDA HOUSE MANAGED CARE SOLUTIONS LLC,3576 COVINGTON HWY # 7,DECATUR,GA,30032,833-277-4627,Kawannis Mccoy,Owner/Operator,NO,,Standalone,251E00000X,Home Health,2026-07-16,64,Yes
1588584080,HAUSCARES,1104 FAIRLAWN AVE,LIBERTYVILLE,IL,60048,847-558-2880,Andrew Steinhaus,Manager,NO,,Standalone,251E00000X,Home Health,2026-07-16,64,Yes
1225958614,AUREVIX WELLNESS LLC,777 LAVER RD APT A,MANSFIELD,OH,44905,312-395-7290,Narinderpal Singh,Owner,NO,,Group — 19 locations (shared phone),261QU0200X,Urgent Care Center,2026-07-16,67,Yes
1710807151,"NURSESPRING OF TAMPA, LLC",3915 W KENNEDY BLVD,TAMPA,FL,33609,813-872-8010,Susan Jason,President,NO,,Group — 4 locations (same owner),251E00000X,Home Health,2026-07-16,64,Yes
1598685984,NOVENTRA CARE LLC,3770 SOUTHPOINT PKWY APT 11,OXFORD,OH,45056,312-395-7290,Narinderpal Singh,Owner,NO,,Group — 19 locations (shared phone),261QU0200X,Urgent Care Center,2026-07-16,67,Yes
1053231431,LUMINEXA HEALTH LLC,777 LAVER RD APT A,MANSFIELD,OH,44905,312-395-7290,Prabhjot Singh,Owner,NO,,Group — 19 locations (shared phone),261QU0200X,Urgent Care Center,2026-07-16,67,Yes
1962322396,"NURSESPRING OF PENSACOLA, LLC",5500 N DAVIS HWY,PENSACOLA,FL,32503,850-479-8620,Susan Jason,President,NO,,Group — 4 locations (same owner),251E00000X,Home Health,2026-07-16,64,Yes
1275453615,"NURSESPRING OF NORTHERN FLORIDA, LLC",3380 CAPITAL CIR NE,TALLAHASSEE,FL,32308,850-222-1350,Susan Jason,President,NO,,Group — 4 locations (same owner),251E00000X,Home Health,2026-07-16,64,Yes
1295655710,PIEDMONT ORTHOPEDICS SURGERY CENTER PERIMETER,6105 PEACHTREE DUNWOODY RD STE B102,SANDY SPRINGS,GA,30328,404-737-9233,Michael Ochal,CEO,NO,,Standalone,261QA1903X,Ambulatory Surgery Center,2026-07-16,66,Yes
1124948690,CORONADO SURGERY CENTER LLC,5101 N ORACLE RD STE 111,TUCSON,AZ,85704,520-274-8500,Linda Naputi,cpc,YES,Coronado Surgery Center Llc,Part of group,261QA1903X,Ambulatory Surgery Center,2026-07-16,65,Yes
1932029378,"NURSESPRING OF JACKSONVILLE, LLC",10024 SAN JOSE BLVD,JACKSONVILLE,FL,32257,904-346-0500,Susan Jason,President,NO,,Group — 4 locations (same owner),251E00000X,Home Health,2026-07-16,64,Yes
1184544637,DANIELS HOME CARE LLC,6039 BOYMEL DR APT B,FAIRFIELD,OH,45014,513-764-6635,Daniel Osei,Business Owner,NO,,Standalone,251E00000X,Home Health,2026-07-16,65,Yes
1760301352,WELL HEALTH LABS SA LLC,3463 MAGIC DR STE T4,SAN ANTONIO,TX,78229,346-273-4500,Shoaib Pochi,Owner,NO,,Standalone,291U00000X,Clinical Medical Laboratory,2026-07-15,68,Yes
1013836675,PRIMEHEALTH ORGANISING LLC,1910 PACIFIC AVE STE 14186,DALLAS,TX,75201,312-395-7290,Sairam Anumalla,Owner,NO,,Group — 19 locations (shared phone),261QU0200X,Urgent Care Center,2026-07-15,68,Yes
1245150820,SERENE SANDS HEALTHCARE LLC,1717 W AVERY ST,PENSACOLA,FL,32501,850-434-2355,Soon Burnam,Secretary,NO,,Group — 25 locations (same owner),314000000X,Skilled Nursing Facility,2026-07-15,63,Yes
1437079092,NYONGUO HOME HEALTH SERVICES LLC,8660 MARYLAND CT N,BROOKLYN PARK,MN,55445,240-644-2959,Simon Nyonguo,CEO,NO,,Standalone,251E00000X,Home Health,2026-07-15,65,Yes
1437078029,CHARISMS CARE SPECIALISTS LLC,2431 ALOMA AVE STE 233,WINTER PARK,FL,32792,321-972-1038,Charmaine Hall,Owner,NO,,Standalone,251E00000X,Home Health,2026-07-15,65,Yes
1063332617,PRIMOR HOME HEALTH CARE LLC,8660 MARYLAND CT N,BROOKLYN PARK,MN,55445,424-535-6255,Azombuh Awungafac,CEO,NO,,Standalone,251E00000X,Home Health,2026-07-15,65,Yes
1659290336,OAKRIDGE MEDICAL GROUP LLC,2200 W SPRING CREEK PKWY STE B,PLANO,TX,75023,224-669-6044,Yaser Syed,CEO,NO,,Standalone,261QU0200X,Urgent Care Center,2026-07-15,68,Yes
1659291201,BLISSFUL ASSISTED LIVING 1 LLC,1999 S RALEIGH ST,DENVER,CO,80219,440-494-3285,Tsigie Gebreegziabher,Administrator/owner,NO,,Standalone,310400000X,Assisted Living Facility,2026-07-15,64,Yes
1568381200,"FOUNDATIONS CARE GROUP, LLC",2173 S KINNICKINNIC AVE,MILWAUKEE,WI,53207,414-739-8959,Natasa Cvijanovic,Owner,NO,,Standalone,251E00000X,Home Health,2026-07-15,66,Yes
1982523544,MEDIXON DIAGNOSTICS LLC,1910 PACIFIC AVE STE 14186,DALLAS,TX,75201,312-395-7290,Sairam Anumalla,Owner,NO,,Group — 19 locations (shared phone),261QU0200X,Urgent Care Center,2026-07-15,68,Yes
1275452831,MEDGENIX HEALTHCARE LLC,1910 PACIFIC AVE STE 14186,DALLAS,TX,75201,312-395-7290,Sairam Anumalla,Owner,NO,,Group — 19 locations (shared phone),261QU0200X,Urgent Care Center,2026-07-15,68,Yes
1104745785,"SIMMESPORT OPCO, LLC",16232 HIGHWAY 1,SIMMESPORT,LA,71369,318-941-2294,Victor Gum,MANAGER,YES,Legacy Lc Holdings Llc,Part of group: Legacy Lc Holdings Llc,314000000X,Skilled Nursing Facility,2026-07-15,63,Yes
1588583199,ELEVATE HOME HEALTH CARE LLC,245 KINGSRIDGE DR,COUNCIL BLUFFS,IA,51503,402-639-2655,David Clark,Owner,NO,,Group — 2 locations (same owner),251E00000X,Home Health,2026-07-15,65,Yes
1396664074,ELDERSPHERE HOME CARE SERVICES LLC,9 KARLSBURG RD UNIT 302,MONROE,NY,10950,845-637-4699,Usher Schwartz,Owner,NO,,Standalone,251E00000X,Home Health,2026-07-15,66,Yes
1104745751,HARBOR LIGHT CARE CENTER LLC,19 OBERY ST,PLYMOUTH,MA,02360,508-747-4790,Aaron Chesley,Manager,NO,,Group — 14 locations (same owner),314000000X,Skilled Nursing Facility,2026-07-15,63,Yes
1225958861,"MENARINI SILICON BIOSYSTEMS, INC.",2929 ARCH ST STE 804,PHILADELPHIA,PA,19104,215-346-8200,Ana Aguilar,CFO,NO,,Standalone,291U00000X,Clinical Medical Laboratory,2026-07-15,68,Yes
1538088109,TRUBALANCE HOME HEALTH LLC,1398 N SHADELAND AVE STE 2210,INDIANAPOLIS,IN,46219,317-995-5117,Latoya Miles,Owner,NO,,Standalone,251E00000X,Home Health,2026-07-15,65,Yes
1477472033,"JERNII'S CARING & COMPANIONSHIP, LLC.",11903 E WELLAND ST STE C,INDIANAPOLIS,IN,46229,317-795-5858,Lindsey Goodman,Owner/Administrator,NO,,Standalone,251E00000X,Home Health,2026-07-15,65,Yes
1669391306,HARMONY HEIGHTS HEALTHCARE SOLUTIONS LLC,2500 N ALMA SCHOOL RD,CHANDLER,AZ,85224,480-361-5925,Debra Underwood,OWNER,NO,,Standalone,291U00000X,Clinical Medical Laboratory,2026-07-15,67,Yes
1043139728,VALLEY COMFORT CARE INC,15105 BURTON ST,PANORAMA CITY,CA,91402,818-736-1232,Armine Avetsisyan,ceo,NO,,Standalone,310400000X,Assisted Living Facility,2026-07-15,64,Yes
1295654960,VALLEY OASIS CARE INC,15107 BURTON ST,PANORAMA CITY,CA,91402,424-205-7554,Hayk Kostandyan,ceo,NO,,Standalone,310400000X,Assisted Living Facility,2026-07-15,64,Yes
1407775091,MEDAXIS HEALTH MANAGEMENT LLC,2100 MANCHESTER RD STE A,WHEATON,IL,60187,312-395-7290,Syed Ibrahim,Owner,NO,,Group — 19 locations (shared phone),261QU0200X,Urgent Care Center,2026-07-15,68,Yes
1295654903,WANAS GROUP LLC,500 LOCUST ST,DES MOINES,IA,50309,646-544-6156,Mokube Fritz,Owner,NO,,Standalone,251E00000X,Home Health,2026-07-15,65,Yes
1891615449,"LEGACYMD SURGICAL CENTER, INC",81812 DR CARREON BLVD STE F,INDIO,CA,92201,760-352-2551,John Strong,President,NO,,Standalone,261QA1903X,Ambulatory Surgery Center,2026-07-15,66,Yes
1437078094,ROYALTY CARE HOMES,2260 FIESTA CT,ATWATER,CA,95301,209-205-7485,Brian Armstrong,CFO/LICENSEE,NO,,Standalone,310400000X,Assisted Living Facility,2026-07-15,64,Yes
1922927508,SUPERB HOMECARE SERVICES,1144 EXECUTIVE CIR,CARY,NC,27511,984-326-0970,Brittany Willard,Owner,NO,,Standalone,251E00000X,Home Health,2026-07-15,65,Yes
1912826587,EVION MED SERVICES LLC,4100 SPRING VALLEY RD STE 623,DALLAS,TX,75244,312-395-7290,Sairam Anumalla,Owner,NO,,Group — 19 locations (shared phone),261QU0200X,Urgent Care Center,2026-07-15,68,Yes
1972422533,MED PROVIDENCE SOLUTIONS LLC,4100 SPRING VALLEY RD STE 623,DALLAS,TX,75244,312-395-7290,Sairam Anumalla,Owner,NO,,Group — 19 locations (shared phone),261QU0200X,Urgent Care Center,2026-07-15,68,Yes
1467371294,PRIME CARE HOMES LLC,1818 E BLUESTONE DR,EAGAN,MN,55122,,,,,,Standalone,310400000X,Assisted Living Facility,2026-07-14,66,Yes
1790604593,BAKERS FIELD SUPPLIES,4609 ERNEST DR,FOREST PARK,GA,30297,713-755-6565,Nancy Knight,MANAGER,NO,,Group — 4 locations (shared phone),291U00000X,Clinical Medical Laboratory,2026-07-14,68,Yes
1184543076,"SCV HOLDINGS, LLC",3125 PRAIRIE ROSE DR,MANKATO,MN,56001,507-344-6777,Randall Benson,Treasurer,NO,,Standalone,310400000X,Assisted Living Facility,2026-07-14,66,Yes
1497674154,MOUNTAINVIEW CONSULTING LLC,8809 BEACON AVE,HESPERIA,CA,92344,442-267-5700,Aileen Andrada,Administrator/Managing Member,NO,,Standalone,310400000X,Assisted Living Facility,2026-07-14,65,Yes
1467371385,VIVENTA ASSISTED LIVING,549 VAN BUREN AVE,SAINT PAUL,MN,55103,651-357-8878,Gemeda Argo,Authorized person/owner,NO,,Standalone,310400000X,Assisted Living Facility,2026-07-14,66,Yes
1083533814,LABORATORIO CLINICO LA MONSERRATE CORP.,1159 CALLE MAGNOLIA,MAYAGUEZ,PR,00682,787-833-4454,Jeannette Troche,President,YES,Laboratorio Clinico La Monserrate Corp.,Part of group,291U00000X,Clinical Medical Laboratory,2026-07-14,69,Yes
1962321828,"OHIO LIVING POWELL, LLC",10272 SAWMILL PKWY,POWELL,OH,43065,614-356-9810,Laurence Gumina,CEO,NO,,Standalone,310400000X,Assisted Living Facility,2026-07-14,66,Yes
1265351050,FRESNO SUPPLIES,4609 ERNEST DR,FOREST PARK,GA,30297,713-755-6565,Nancy Knight,MANAGER,NO,,Group — 4 locations (shared phone),291U00000X,Clinical Medical Laboratory,2026-07-14,68,Yes
1932028735,OAKLAND SUPPLIES,4609 ERNEST DR,FOREST PARK,GA,30297,713-755-6565,Nancy Knight,MANAGER,NO,,Group — 4 locations (shared phone),291U00000X,Clinical Medical Laboratory,2026-07-14,68,Yes
1982523932,MEDSTAR HOME SERVICES LLC,3533 CEDAR AVE S,MINNEAPOLIS,MN,55407,612-919-5496,Nawal Osoble,owner,NO,,Standalone,310400000X,Assisted Living Facility,2026-07-14,66,Yes
1972422822,ENVISION ALL THINGS LLC,1863 CASCADE ST,FAYETTEVILLE,NC,28301,910-224-0082,Carmen Jones,Owner,NO,,Standalone,291U00000X,Clinical Medical Laboratory,2026-07-14,69,Yes
1881513679,SAN JOSE SUPPLIES,4609 ERNEST DR,FOREST PARK,GA,30297,713-755-6565,Nancy Knight,MANAGER,NO,,Group — 4 locations (shared phone),291U00000X,Clinical Medical Laboratory,2026-07-14,68,Yes
1336068287,SUNNYSIDE SENIOR LIVING INC,120 20TH CENTURY BLVD,TURLOCK,CA,95380,209-668-8014,Krystal Calderon,Administrative Assistant,NO,,Standalone,310400000X,Assisted Living Facility,2026-07-14,65,Yes
1265351142,VITALCORE LABS,5028 ASTERIA ST,TORRANCE,CA,90503,646-980-3590,Chase Evans,owner,NO,,Group — 2 locations (same owner),291U00000X,Clinical Medical Laboratory,2026-07-14,68,Yes
1457270241,FAITHWORKS SERVICES LLC,521 E 33RD ST,LORAIN,OH,44055,440-219-5846,Danielle Mercer,Founder,NO,,Standalone,251E00000X,Home Health,2026-07-14,67,Yes
1598684334,BYASSPREMIERHEALTHCARE,80 S LIBERTY ST,POWELL,OH,43065,614-296-3599,Princess Heirsmac,Manager,NO,,Standalone,251E00000X,Home Health,2026-07-14,67,Yes
1497674212,CARE OF HOPE,204 JORDAN LN,WETHERSFIELD,CT,06109,917-553-9465,Terenia Obeng,owner,NO,,Standalone,251E00000X,Home Health,2026-07-14,66,Yes
1144149105,MARION CARE ORGANIZATION,8273 LAKEVIEW DR,MACEDONIA,OH,44056,216-258-2177,Marlon Reed,Owner,NO,,Standalone,251E00000X,Home Health,2026-07-14,67,Yes
1912826702,WILLOW BROOK CARE CENTER LLC,76 NORTH ST,MIDDLEBORO,MA,02346,508-947-4774,Aaron Chesley,Manager,NO,,Group — 14 locations (same owner),314000000X,Skilled Nursing Facility,2026-07-14,64,Yes
1093634891,VALLEYGATE SURGERY CENTER-MIDLAND LLC,3225 SUNSET BLVD,WEST COLUMBIA,SC,29169,910-406-9455,Virginia Jones,Chief Executive Officer,NO,,Standalone,261QA1903X,Ambulatory Surgery Center,2026-07-14,68,Yes
1053230961,RAPID RESPONSE HOMES CARE AGENCY LLC,1085 NEW BURTON RD,DOVER,DE,19904,302-565-7528,Mercy Nyamokoh,Director,NO,,Standalone,251E00000X,Home Health,2026-07-14,66,Yes
1700705605,MERITUS ROBINWOOD ENDOSCOPY CENTER LLC.,11110 MEDICAL CAMPUS RD STE 248,HAGERSTOWN,MD,21742,301-665-4560,Joshua Repac,CFO,NO,,Standalone,261QA1903X,Ambulatory Surgery Center,2026-07-14,68,Yes
1144149980,PATIENTFIRST MANAGEMENT LLC,3 W 18TH ST UNIT 3,WEEHAWKEN,NJ,07086,312-395-7290,Yaqub Ali Mohammed,Owner,NO,,Group — 19 locations (shared phone),261QU0200X,Urgent Care Center,2026-07-14,69,Yes
1255250130,LOYALTY HOME CARE,681 FALCON LN,ABERDEEN,MD,21001,757-510-8086,Gokah Evans,Administrator/ Owner,NO,,Group — 2 locations (shared phone),251E00000X,Home Health,2026-07-14,66,Yes
1366361206,LOCALS URGENT CARE,612 PALISADE AVE,JERSEY CITY,NJ,07307,724-986-8900,Ross Beyer,FNP-C,NO,,Standalone,261QU0200X,Urgent Care Center,2026-07-14,69,Yes
1417876293,GOLDEN GATE SURGICENTER LLC,450 SUTTER ST RM 1130,SAN FRANCISCO,CA,94108,415-393-9600,James Chen,Manager,NO,,Standalone,261QA1903X,Ambulatory Surgery Center,2026-07-14,67,Yes
1023937869,HEALTH ORBIT MEDICAL SOLUTIONS LLC,3 W 18TH ST UNIT 3,WEEHAWKEN,NJ,07086,312-395-7290,Yaqub Ali Mohammed,Owner,NO,,Group — 19 locations (shared phone),261QU0200X,Urgent Care Center,2026-07-14,69,Yes
1013836881,HOMECARE WITH AUDREY,4506 HAMILTON AVE,BALTIMORE,MD,21206,410-776-8273,Audrey Cottrell,Owner,NO,,Standalone,251E00000X,Home Health,2026-07-14,66,Yes
1023937935,CEDAR GROVE CARE CENTER LLC,40 MARTIN ST,MELROSE,MA,02176,781-665-7050,Aaron Chesley,Manager,NO,,Group — 14 locations (same owner),314000000X,Skilled Nursing Facility,2026-07-14,64,Yes
1073432894,ALISHA HOME CARE AGENCY LLC,6617 WALTON HALL CT,WAXHAW,NC,28173,917-257-6551,Reena Sharma,FNP,NO,,Standalone,251E00000X,Home Health,2026-07-14,66,Yes
1720907603,TRUETEST LABORATORIES,700 CHILDS WAY,LOS ANGELES,CA,90089,646-980-3589,Will Parker,owner,NO,,Group — 2 locations (same owner),291U00000X,Clinical Medical Laboratory,2026-07-14,68,Yes
1851210694,EMPOWER EMPLOYMENT PATHWAYS LLC,110 GALWAY LN,STAFFORD,VA,22554,757-920-8673,Fauzia Tamanna,owner,NO,,Standalone,251E00000X,Home Health,2026-07-14,67,Yes
1093634966,LEGACY HOME HEALTH LLC,5025 BIGLEAF RD,FREDERICKSBURG,VA,22407,216-235-5726,Taylor Woodruff-Cross,Owner,NO,,Standalone,251E00000X,Home Health,2026-07-14,67,Yes
1982523866,S&W SENIORS CARE LLC,6521 ARLINGTON BLVD STE 308B,FALLS CHURCH,VA,22042,571-648-6083,Franci Maldonado,Owner,NO,,Standalone,251E00000X,Home Health,2026-07-14,67,Yes
1629997457,HEALING HANDS HOMECARE & MINISTRIES,915 TRILLIUM ST,DUNCAN,SC,29334,856-839-7747,Vanessa Castro,owner and executive director,NO,,Standalone,251E00000X,Home Health,2026-07-14,67,Yes
1578482360,BAY MEADOW CARE CENTER LLC,193 PLEASANT ST,ATTLEBORO,MA,02703,508-222-4950,Aaron Chesley,Manager,NO,,Group — 14 locations (same owner),314000000X,Skilled Nursing Facility,2026-07-14,64,Yes
1558280347,RIVERBEND CARE CENTER LLC,146 DEAN ST,TAUNTON,MA,02780,508-823-0767,Aaron Chesley,Manager,NO,,Group — 3 locations (shared phone),314000000X,Skilled Nursing Facility,2026-07-14,64,Yes
1336068261,STONEBRIDGE CARE CENTER LLC,25 ARMORY ST,WEST NEWTON,MA,02465,617-969-2300,Aaron Chesley,Manager,NO,,Group — 14 locations (same owner),314000000X,Skilled Nursing Facility,2026-07-14,64,Yes
1114846037,DIGNITY COMMUNITY CARE,1420 S CENTRAL AVE,GLENDALE,CA,91204,818-502-1900,Steven Scharmann,Admin of Payor Programs,YES,Catholic Health Initiatives,Part of group: Catholic Health Initiatives,314000000X,Skilled Nursing Facility,2026-07-14,64,Yes
1255250072,HARMONY HOME CARE AIDES,11501 DUBLIN BLVD STE 200-42,DUBLIN,CA,94568,925-499-9381,Dorcus Mabara,owner,NO,,Standalone,251E00000X,Home Health,2026-07-14,66,Yes
1225957293,INFINITY DIAGNOSTICS,822 E 20TH ST,LOS ANGELES,CA,90011,646-980-3585,Adam Davis,owner,NO,,Group — 2 locations (same owner),291U00000X,Clinical Medical Laboratory,2026-07-14,68,Yes
1902725880,PRIME DIAGNOSTICS,400 W 1ST ST,CHICO,CA,95929,646-980-3588,Max Taylor,owner,NO,,Standalone,291U00000X,Clinical Medical Laboratory,2026-07-14,68,Yes
1083533871,"PERFECTCARE HOME HEALTH SERVICES, LLC",365 BROOKSIDE LN,ODENVILLE,AL,35120,205-753-9019,Debbie Donald,Owner,NO,,Standalone,251E00000X,Home Health,2026-07-14,66,Yes
1558280487,GRANITE HILL CARE CENTER LLC,1199 JOHN FITCH HWY,FITCHBURG,MA,01420,978-345-0146,Aaron Chesley,Manager,NO,,Group — 14 locations (same owner),314000000X,Skilled Nursing Facility,2026-07-14,64,Yes
1649199522,PRECISION HEALTH LABS,9500 GILMAN DR,LA JOLLA,CA,92093,646-980-3587,Sam Carter,owner,NO,,Standalone,291U00000X,Clinical Medical Laboratory,2026-07-14,68,Yes
1336068303,APEX MEDICAL LABORATORY,444 N CAMDEN DR,BEVERLY HILLS,CA,90210,646-980-3581,Jack Miller,owner,NO,,Standalone,291U00000X,Clinical Medical Laboratory,2026-07-14,68,Yes
1073432043,ALLIED MEDICAL LABORATORY,595 MARKET ST,SAN FRANCISCO,CA,94105,646-980-3583,David Miller,owner,NO,,Standalone,291U00000X,Clinical Medical Laboratory,2026-07-14,68,Yes
1942129770,USHA NURSE LLC,2262 VALLEY VIEW AVE E,MAPLEWOOD,MN,55119,952-657-9029,Feven Usha,RN,NO,,Standalone,251E00000X,Home Health,2026-07-14,66,Yes
1205755139,MEADOWBROOK CARE CENTER LLC,383 MILL ST,WORCESTER,MA,01602,508-791-8131,Aaron Chesley,Manager,NO,,Group — 14 locations (same owner),314000000X,Skilled Nursing Facility,2026-07-14,64,Yes
1215856000,PINE RIDGE CARE CENTER LLC,460 WASHINGTON ST,NORWOOD,MA,02062,781-769-2200,Aaron Chesley,Manager,NO,,Group — 14 locations (same owner),314000000X,Skilled Nursing Facility,2026-07-14,64,Yes
1235058207,METRO MEDICAL LABORATORY,822 E 20TH ST,LOS ANGELES,CA,90011,646-980-3582,Ethan Brown,owner,NO,,Standalone,291U00000X,Clinical Medical Laboratory,2026-07-14,68,Yes
1871412734,ABCD PRIMARY AND URGENT CARE INC,7291 BOULDER AVE STE C,HIGHLAND,CA,92346,909-788-6777,Gospha Campbell,MD/CEO,NO,,Standalone,261QU0200X,Urgent Care Center,2026-07-14,69,Yes
1952220790,EVERGREEN HEALTH LLC,391 HIGH PEAK RD,MONROE,VA,24574,347-392-9898,Georgia Davidson,Manager,NO,,Group — 2 locations (shared phone),261QU0200X,Urgent Care Center,2026-07-14,70,Yes
1568381440,NOVA DIAGNOSTIC LABS,5905 WILSHIRE BLVD,LOS ANGELES,CA,90036,646-980-3586,Luke Davis,owner,NO,,Standalone,291U00000X,Clinical Medical Laboratory,2026-07-14,68,Yes
1982523130,GRACEFUL BEGINNINGS HOME CARE AGENCY LLC,4000 FABER PLACE DR STE 300,NORTH CHARLESTON,SC,29405,843-790-0868,Jamie Hunter,Owner,NO,,Standalone,251E00000X,Home Health,2026-07-13,68,Yes
1760301998,FRANCIS PLACE OPERATOR LLC,400 SUMMERVILLE BLVD,EUREKA,MO,63025,636-938-5151,Jaqques Wolf,Manager,NO,,Standalone,314000000X,Skilled Nursing Facility,2026-07-13,65,Yes
1447179700,HEARTH HOME CARE SERVICES LLC,9337 GLENLOCH ST,PHILADELPHIA,PA,19114,267-261-8005,Fabian Krasniqi,Managing Member,NO,,Standalone,251E00000X,Home Health,2026-07-13,68,Partial
1215856513,HAND IN HAND SUPPORTIVE CARE AGENCY,5175 JERRY TARKANIAN WAY UNIT 20202,LAS VEGAS,NV,89148,702-581-6651,Ebony Petty,Owner/ Administrator,NO,,Standalone,251E00000X,Home Health,2026-07-13,68,Yes
1326967589,CLASS A SIGNATURE LLC,20608 OLD HOMESTEAD DR,HARPER WOODS,MI,48225,313-485-5945,Tawanna Urquhart,Owner,NO,,Standalone,291U00000X,Clinical Medical Laboratory,2026-07-13,70,Yes
1598684862,"PA HEALTH AND CARE SERVICES, LLC",308 N 64TH ST FL 2,PHILADELPHIA,PA,19139,215-594-1322,Marlene Mccoy,Co-owner/Administrator,NO,,Standalone,251E00000X,Home Health,2026-07-13,68,Partial
1558280669,THRIVE USA HOME CARE TN LLC,222 2ND AVE S FL 17,NASHVILLE,TN,37201,615-623-4545,Danny Rodriguez,CEO,NO,,Standalone,251E00000X,Home Health,2026-07-13,68,Yes
1487573523,FRED'S GROUP SERVICE LLLC,759 WESSEL DR STE 8B,FAIRFIELD,OH,45014,513-276-2588,Fred Achu,ceo,NO,,Group — 2 locations (shared phone),251E00000X,Home Health,2026-07-13,68,Yes
1770402984,"PUSH KREWE, PLLC",860 MARISOL BAY FR,KATY,TX,77493,240-416-5156,Shateria Leblanc,Owner,NO,,Standalone,251E00000X,Home Health,2026-07-13,67,Yes
1376462358,FRONTIER LAB LLC,127 W HARGETT ST STE 301,RALEIGH,NC,27601,346-396-1252,Jalen Martin,MANAGING MEMBER,NO,,Group — 41 locations (shared phone),261QU0200X,Urgent Care Center,2026-07-13,70,Yes
1437078516,TRIED & TRUE HOME CARE LLC,201 S LIVINGSTON AVE STE 1A,LIVINGSTON,NJ,07039,908-456-6773,Lydia Barimah,OWNER,NO,,Standalone,251E00000X,Home Health,2026-07-13,67,Yes
1316866437,GLOVES HEALTHCARE SERVICES LLC,14440 CHERRY LANE CT # 3,LAUREL,MD,20707,301-357-4635,Patience Zayzay,CEO,NO,,Standalone,251E00000X,Home Health,2026-07-13,67,Yes
1730008004,WALO CLEANING SERVICES LLC,263 WILLIAM ST,FALL RIVER,MA,02721,508-965-1188,Sandrine Cherilus,owner,NO,,Standalone,251E00000X,Home Health,2026-07-13,67,Yes
1093634024,FAITH HOPE & LOVE CARE II,28128 LOMO DR,RANCHO PALOS VERDES,CA,90275,323-842-0580,Brenda Hernandez,Administrator Licensee,NO,,Standalone,310400000X,Assisted Living Facility,2026-07-13,66,Yes
1760301048,LANDMARK HOMECARE LLC,20200 GOVERNORS DR STE 100,OLYMPIA FIELDS,IL,60461,773-691-6277,Stephen Okowi,Manager,NO,,Standalone,251E00000X,Home Health,2026-07-13,67,Yes
1730008988,DIRECT DRAWS CORPORATION,30 HAMPSTEAD CIR,WYNNEWOOD,PA,19096,267-545-8573,Jennifer Oliver,Owner,NO,,Standalone,291U00000X,Clinical Medical Laboratory,2026-07-13,70,Yes
1487573663,ASCENSION HOLISTIC CARE LLC,2680 E MAIN ST STE 330,PLAINFIELD,IN,46168,317-400-4442,Mobolanle Adegunle,CEO,NO,,Standalone,251E00000X,Home Health,2026-07-13,67,Yes
1164341210,EASY RESEARCHER LLC,3507 ASHLOCK DR,HOUSTON,TX,77082,579-400-1124,Robert Russell,CEO,NO,,Group — 2 locations (shared phone),291U00000X,Clinical Medical Laboratory,2026-07-13,70,Yes
1770402943,WARMING HEARTS SUPPORTIVE SERVICES LLC,6390 SPRINGWOOD RD,CLEVELAND,OH,44130,216-645-9628,Santa Caraballo,CEO,NO,,Standalone,251E00000X,Home Health,2026-07-13,68,Yes
1285553461,"MI CASA ALF 1, LLC",8610 SW 97TH RD,MIAMI,FL,33173,786-615-9435,Carlos Oramas Garrido,Owner,NO,,Standalone,310400000X,Assisted Living Facility,2026-07-13,66,Partial
1639098718,CROWN CLINICAL LABS LLC,9301 DAIRY VIEW LN APT 1804,HOUSTON,TX,77099,346-396-1252,Isabella Henry,Manager,NO,,Group — 41 locations (shared phone),291U00000X,Clinical Medical Laboratory,2026-07-13,70,Yes
1427977438,4EVER WELLCARE SERVICES,2330 SCENIC HWY S,SNELLVILLE,GA,30078,470-209-5447,Krystal Pope,Owner,NO,,Standalone,251E00000X,Home Health,2026-07-13,67,Yes
1164341244,PRIVATE CIRCLE CARE LLC,12921 SW 232ND LN,HOMESTEAD,FL,33032,786-617-5447,Vanessa Stephen,VP of Operations,NO,,Standalone,251E00000X,Home Health,2026-07-13,67,Partial
1215856224,KAISON PASSIONATE CARE,112 S 7TH ST,SUFFOLK,VA,23434,948-225-1069,Khadji Hawkins,owner,NO,,Standalone,251E00000X,Home Health,2026-07-13,68,Yes
1710806757,INTEGRITY HEALTHCARE OF FLORIDA LLC,4300 S JOG RD,GREENACRES,FL,33454,561-879-6084,Beatrice Murillo,Nurse Practitioner,NO,,Standalone,261QU0200X,Urgent Care Center,2026-07-13,70,Yes
1851210959,BREUER HEALTH OF BOYNTON BEACH,1708 NE 4TH ST,BOYNTON BEACH,FL,33435,561-336-3578,Abraham Breuer,Owner,NO,,Standalone,310400000X,Assisted Living Facility,2026-07-13,66,Yes
1518886548,MACU'S COMFORT CARE LLC,4901 EASTPARK BLVD STE 225,MADISON,WI,53718,608-440-4896,Yolanda Houmey,Owner,NO,,Standalone,251E00000X,Home Health,2026-07-13,68,Yes
1215856331,MGM CARE HOME INC.,9581 BALLINGER DR,SACRAMENTO,CA,95829,279-247-5013,Michael Sarmiento,ADMINISTRATOR,NO,,Standalone,310400000X,Assisted Living Facility,2026-07-13,66,Yes
1619896958,MRC HEALTHCARE L.L.C.,3049 CLEVELAND AVE STE 105,FORT MYERS,FL,33901,239-789-1829,Maricel Rodriguez Canizares,OWNER / D.O.N.,NO,,Standalone,251E00000X,Home Health,2026-07-13,67,Yes
1952220006,TANDO LLC,15000 W AIRPORT BLVD APT 1234,SUGAR LAND,TX,77498,346-396-1252,Olivia Henry,Managing member,NO,,Group — 41 locations (shared phone),261QU0200X,Urgent Care Center,2026-07-13,70,Yes
1972422087,JERSEY CONSTRUCTION BUSINESS LLC,31 FINLAY PL,NEWARK,NJ,07106,973-382-6054,Abdul Aakhir Yasin,Managing Member,NO,,Standalone,310400000X,Assisted Living Facility,2026-07-13,67,Yes
1700705985,SPHERE SURGERY CENTER LLC,4441 W AIRPORT FWY STE 215,IRVING,TX,75062,469-913-6136,Victoria Pham,Vice President of Operations,NO,,Standalone,261QA1903X,Ambulatory Surgery Center,2026-07-13,69,Yes
1811816978,S&K CARE CENTER INC,11338 LULL ST,SUN VALLEY,CA,91352,818-210-0066,Knarik Hovsepyan,CEO,NO,,Standalone,310400000X,Assisted Living Facility,2026-07-13,66,Yes
1881513802,ASK HOME HEALTH LLC,12010 E LAKE CIR,GREENWOOD VILLAGE,CO,80111,571-365-1826,Shika Gautam,Owner,NO,,Standalone,251E00000X,Home Health,2026-07-13,67,Yes
1144149444,BRIGHT WHITE LLC,7509 CANTRELL RD STE 205,LITTLE ROCK,AR,72207,501-214-0660,Alaina Teniente,owner,NO,,Standalone,261QU0200X,Urgent Care Center,2026-07-13,70,Yes
1295654283,SERENE MERCY NURSING LLC,21300 N JOHN WAYNE PKWY STE 101,MARICOPA,AZ,85139,480-330-8399,Mercy Waweru,CEO,NO,,Standalone,251E00000X,Home Health,2026-07-13,67,Yes
1306765490,A NURTURING AWAY FROM HOME  INC SUPPORTIVE APARTMENT,3513 W LISBON AVE,MILWAUKEE,WI,53208,414-573-8836,Christina Cunningham,President,NO,,Standalone,310400000X,Assisted Living Facility,2026-07-13,67,Yes
1063331379,HONOR IN HOME HEALTH CARE SERVICES,4539 N 22ND ST STE R,PHOENIX,AZ,85016,888-422-7328,Sabina Riggi,Business Manager,NO,,Standalone,251E00000X,Home Health,2026-07-11,69,Yes
1669391900,KM MOBILE LAB ENTERPRISES LLC,318 HOSPITAL DR,THOMSON,GA,30824,706-843-7275,Kyanna Mullen,Owner,NO,,Standalone,291U00000X,Clinical Medical Laboratory,2026-07-11,71,Yes
1578482808,LISA'S LOVING CARE,201 ROSEMAR ST,PHILADELPHIA,PA,19120,215-868-2874,Alethea Kornegay,owner,NO,,Standalone,251E00000X,Home Health,2026-07-11,70,Partial
1194644427,MAHOGANY HOMES LLC,1192 60TH AVE,OAKLAND,CA,94621,510-502-2622,Sharawn Tipton,CEO and RCFE Administrator,NO,,Standalone,310400000X,Assisted Living Facility,2026-07-11,68,Yes
1821917154,NORTH STAR HOME CARE LLC,7420 WINDY PINES PL,ANNANDALE,VA,22003,571-237-4024,Maham Sarfraz,OWNER,NO,,Standalone,251E00000X,Home Health,2026-07-11,70,Yes
1740109057,TRUSED CARE HOME CARE,195 VENTURE PATH,HIRAM,GA,30141,706-299-9962,India Odom,Owner,NO,,Standalone,251E00000X,Home Health,2026-07-11,69,Yes
1053230516,BEACON POINT CARE CENTER LLC,120 MAIN ST,MALDEN,MA,02148,781-324-5600,Aaron Chesley,Manager,NO,,Group — 14 locations (same owner),314000000X,Skilled Nursing Facility,2026-07-10,68,Yes
1699694190,"PAINTED MIRAGE SURGERY CENTER, LLC",5550 PAINTED MIRAGE RD STE 115,LAS VEGAS,NV,89149,702-456-0025,Amanda Dean,Administrator,NO,,Standalone,261QA1903X,Ambulatory Surgery Center,2026-07-10,72,Yes
1669391082,LANDMARK OF OAK LAWN REHABILITATION AND NURSING CENTER LLC,9525 MAYFIELD AVE,OAK LAWN,IL,60453,773-348-4055,Aaron Mauer,CEO,NO,,Group — 6 locations (same owner),314000000X,Skilled Nursing Facility,2026-07-10,68,Yes
1720907223,GRANITE PEAKS ENDOSCOPY SURGICENTER LLC,10150 S PETUNIA WAY STE B,SANDY,UT,84092,801-619-1115,David Mcknight,VP/CFO,NO,,Group — 2 locations (same owner),261QA1903X,Ambulatory Surgery Center,2026-07-10,72,Yes
1437078821,TEE&TEE CARE SERVICE LLC,5684 LOUDON DR,INDIANAPOLIS,IN,46235,317-998-5293,Lauren Henard,Owner,NO,,Standalone,251E00000X,Home Health,2026-07-10,70,Yes
1609795160,CAROL HEALTHCARE SERVICES LLC,5602 TRAMORE RD,BALTIMORE,MD,21214,443-857-8753,Caroline Duru,CEO,NO,,Standalone,251E00000X,Home Health,2026-07-10,70,Yes
1649199001,BETTER HEALTH AA HOME CARE INC,6740 VESPER AVE STE 201,VAN NUYS,CA,91405,818-619-5856,Ani Agabekyan,CEO,NO,,Standalone,251E00000X,Home Health,2026-07-10,70,Yes
1588583009,LANDMARK OF ITASCA REHABILITATION AND NURSING CENTER LLC,535 S ELM ST,ITASCA,IL,60143,630-773-9416,Aaron Mauer,CEO,NO,,Group — 6 locations (same owner),314000000X,Skilled Nursing Facility,2026-07-10,68,Yes
1093634412,LANDMARK OF HYDE PARK NURSING AND REHABILITATION CENTER LLC,6125 S KENWOOD AVE,CHICAGO,IL,60637,773-752-6000,Aaron Mauer,CEO,NO,,Group — 6 locations (same owner),314000000X,Skilled Nursing Facility,2026-07-10,68,Yes
1114846508,AYA HEALTH LLC,306 W REDWOOD ST # 4284,BALTIMORE,MD,21201,410-916-8857,Olivia Addo,Executive Director,NO,,Group — 2 locations (shared phone),251E00000X,Home Health,2026-07-10,70,Yes
1619896032,LANDMARK AT 95TH REHABILITATION AND NURSING CENTER LLC,1010 W 95TH ST,CHICAGO,IL,60643,773-298-1177,Aaron Mauer,CEO,NO,,Group — 6 locations (same owner),314000000X,Skilled Nursing Facility,2026-07-10,68,Yes
1265351738,GAODAYONGY INC,1401 21ST ST STE R,SACRAMENTO,CA,95811,702-727-6279,Dayong Gao,owner,NO,,Standalone,291U00000X,Clinical Medical Laboratory,2026-07-10,72,Yes
1972422327,OMNIA DX INC,3014 N HOLLYWOOD WAY,BURBANK,CA,91505,818-934-8088,Liana Aghajanyan,CEO,NO,,Group — 2 locations (shared phone),291U00000X,Clinical Medical Laboratory,2026-07-10,72,Yes
1780503250,"ELMWOOD COMMON CARE CENTER, LLC",743 MAIN ST,MELROSE,MA,02176,781-662-7500,Aaron Chesley,Manager,NO,,Group — 14 locations (same owner),314000000X,Skilled Nursing Facility,2026-07-10,68,Yes
1801715305,OAKWELL HOME CARE LLC,27 VILLA ROMA DR,TEWKSBURY,MA,01876,267-650-5042,Nathalie Bejin,CEO/Owner,YES,Oakwell Care,Part of group: Oakwell Care,251E00000X,Home Health,2026-07-10,70,Yes
1558280974,"1925 N STATE STREET OPCO, LLC",1925 N STATE ST,OREM,UT,84057,801-494-2020,Candice Fine,Chief Administrative Officer,NO,,Group — 2 locations (same owner),310400000X,Assisted Living Facility,2026-07-10,69,Yes
1598684011,"301 N 1200 E OPCO, LLC",301 N 1200 E,LEHI,UT,84043,385-484-8899,Candice Fine,Chief Administrative Officer,NO,,Group — 2 locations (same owner),310400000X,Assisted Living Facility,2026-07-10,69,Yes
1841119369,LANDMARK OF CICERO REHABILITATION AND NURSING CENTER LLC,5825 W CERMAK RD,CICERO,IL,60804,708-656-9120,Aaron Mauer,CEO,NO,,Group — 6 locations (same owner),314000000X,Skilled Nursing Facility,2026-07-10,68,Yes
1811816325,EMPOWER HAVEN,6924 PAWTUCKETT RD,CHARLOTTE,NC,28214,980-210-9672,Miracle Howard,Owner,NO,,Standalone,310400000X,Assisted Living Facility,2026-07-10,70,Yes
1689592198,KILIMANJARO HOME CARE LLC,606 LIBERTY AVE,PITTSBURGH,PA,15222,202-696-2045,Ester Mukesha,owner,NO,,Standalone,251E00000X,Home Health,2026-07-10,71,Yes
1821917378,JULIES HOME HEALTH AID AGENCY LLC,146 UNION AVE,LINDEN,NJ,07036,908-494-2634,Juliet Liburd,Owner,NO,,Standalone,251E00000X,Home Health,2026-07-10,70,Yes
1326967761,COMFORTING CARE HOME HEALTH,20250 RUSSELL ST,DETROIT,MI,48203,248-515-1384,Darkeisha Gibbons,Ceo,NO,,Standalone,251E00000X,Home Health,2026-07-10,70,Yes
1932028388,VELLORA HOME CARE LLC,1904 TAMARACK LN,JANESVILLE,WI,53545,559-381-9232,Seth Rowton,Owner,NO,,Standalone,251E00000X,Home Health,2026-07-10,71,Yes
1598683096,"SF BAY AREA ASSISTED LIVING,LLC",1589 BEECHWOOD AVE,SAN LEANDRO,CA,94579,510-789-3125,E Trias,Managing Member,NO,,Standalone,310400000X,Assisted Living Facility,2026-07-10,69,Yes
1184543530,"BORIS M. ACKERMAN, M.D. PC",360 SAN MIGUEL DR STE 607,NEWPORT BEACH,CA,92660,949-759-3284,Boris Ackerman,Medical Director,NO,,Standalone,261QA1903X,Ambulatory Surgery Center,2026-07-10,71,Yes
1922927342,AVODAH HOME CARE SERVICES LLC,5490 MCGINNIS VILLAGE PL STE 207,ALPHARETTA,GA,30005,404-492-9637,Emma Swinnie,Owner,NO,,Standalone,251E00000X,Home Health,2026-07-10,70,Yes
1922927441,SOS PHYSIO HOMECARE LLC,4410 W 16TH AVE STE 48,HIALEAH,FL,33012,305-306-8376,Matvey Gorzhevsky,OWNER/PRESIDENT,NO,,Standalone,251E00000X,Home Health,2026-07-10,70,Yes
1740109230,SOUTHEASTERN VIRGINIA TRAINING CENTER,2100 STEPPINGSTONE SQ,CHESAPEAKE,VA,23320,757-424-8240,Heather Fisher,CEO,NO,,Standalone,314000000X,Skilled Nursing Facility,2026-07-10,69,Yes
1407774904,INFINITY HEALTH URGENT CARE,8001 MADISON AVE,CITRUS HEIGHTS,CA,95610,916-234-5070,Spien Komak,President,NO,,Standalone,261QU0200X,Urgent Care Center,2026-07-10,73,Yes
1255250601,HARAWAY MEDICAL EXPRESS PLLC,7475 W SAHARA AVE,LAS VEGAS,NV,89117,702-294-0080,Sherif Haraway,OWNER,NO,,Standalone,261QU0200X,Urgent Care Center,2026-07-10,73,Yes
1336067909,HOMEELLA LLC,229 CHAPARRALL CREEK DR APT 312,HAZELWOOD,MO,63042,314-820-9120,Alexandra Foggie,Owner,NO,,Standalone,251E00000X,Home Health,2026-07-09,71,Yes
1982522678,MICHIGAN INSTITUTE OF PUBLIC HEALTH,3925 FORTUNE BLVD,SAGINAW,MI,48603,989-341-5078,David Stockman,Owner,NO,,Standalone,291U00000X,Clinical Medical Laboratory,2026-07-09,74,Yes
1548188139,VERNON OPCO LLC,1050 CONVALESCENT RD,VERNON,AL,35592,205-695-9313,Sarah Becher,Member,NO,,Group — 4 locations (same owner),314000000X,Skilled Nursing Facility,2026-07-09,69,Yes
1356269054,DMH HOMECARE LLC,1039 RIVER VALLEY DR,FLINT,MI,48532,810-691-6239,Lawanda Halford-Dupree,Owner,NO,,Standalone,251E00000X,Home Health,2026-07-09,71,Yes
1568380103,AMERIPATH INDIANAPOLIS PC,1000 W 10TH ST,ROLLA,MO,65401,573-458-7050,Robert Quirey,AO,YES,Ameripath Inc.,Part of group: Ameripath Inc.,291U00000X,Clinical Medical Laboratory,2026-07-09,74,Yes
1760300222,BERKELEY HEALTH & REHAB LLC,6909 NORTH AVE,OAK PARK,IL,60302,708-386-1112,Jeff Mermelstein,Member,NO,,Standalone,314000000X,Skilled Nursing Facility,2026-07-09,69,Yes
1063330652,CHERISHED MOMENTS HOMECARE LLC.,23726 JOY RD,REDFORD,MI,48239,313-414-6166,Lakisha Humber,owner,NO,,Standalone,251E00000X,Home Health,2026-07-09,71,Yes
1922926518,RED BAY OPCO LLC,106 10TH AVE NW,RED BAY,AL,35582,256-356-4982,Sarah Becher,Member,NO,,Group — 4 locations (same owner),314000000X,Skilled Nursing Facility,2026-07-09,69,Yes
1992623557,"COLUMBUS GLOBAL HOME HEALTH SERVICES, INC",3288 MORSE RD,COLUMBUS,OH,43231,614-337-2580,Nuro Omar,executive director,NO,,Standalone,251E00000X,Home Health,2026-07-09,72,Partial
1407774078,IMPERISHABLE HOME CARE LLC,2001 MARTIN LUTHER KING JR DR SW,ATLANTA,GA,30310,770-291-9812,Lawanda Savage,Owner,NO,,Standalone,251E00000X,Home Health,2026-07-09,71,Yes
1346168929,JOYFUL HOMES III,9427 VICKIJOHN DR,HOUSTON,TX,77031,832-368-7194,Edith Ugwu,ADMINISTRATOR,NO,,Standalone,310400000X,Assisted Living Facility,2026-07-09,71,Yes
1114845898,OLIMPIA'S HOME CARE LLC,2517 W BARBIE LN,PHOENIX,AZ,85085,503-351-5775,Jordan Beltz,Owner,NO,,Standalone,310400000X,Assisted Living Facility,2026-07-09,70,Yes
1043138647,"LABARIUM DIAGNOSTIC SYSTEMS, INC.",6015 BENJAMIN RD STE 315,TAMPA,FL,33634,850-460-1484,Brian Meshkin,President,NO,,Standalone,291U00000X,Clinical Medical Laboratory,2026-07-09,73,Yes
1700704442,MCALESTER SNF OPERATIONS LLC,615 E MORRIS AVE,MCALESTER,OK,74501,918-426-4010,Ethan Dreifus,Manager,NO,,Group — 6 locations (same owner),314000000X,Skilled Nursing Facility,2026-07-09,70,Yes
1164340808,MARLOW NURSING SNF OPERATIONS LLC,702 S 9TH ST,MARLOW,OK,73055,580-658-5468,Ethan Dreifus,Manager,NO,,Group — 6 locations (same owner),314000000X,Skilled Nursing Facility,2026-07-09,70,Yes
1629996368,LINDSAY MANOR SNF OPERATIONS LLC,1103 W CHEROKEE ST,LINDSAY,OK,73052,405-756-4334,Ethan Dreifus,Manager,NO,,Group — 6 locations (same owner),314000000X,Skilled Nursing Facility,2026-07-09,70,Yes
1477471076,NOVELA HOME HEALTH LLC,2687 RUSSELL WOODS DR,DELAWARE,OH,43015,614-599-7512,Fatou Ceesay,Owner,NO,,Standalone,251E00000X,Home Health,2026-07-09,72,Yes
1114845849,GRACEWOOD HEALTH SNF OPERATIONS LLC,6201 E 36TH ST,TULSA,OK,74135,918-622-3430,Ethan Dreifus,Manager,NO,,Group — 6 locations (same owner),314000000X,Skilled Nursing Facility,2026-07-09,70,Yes
1164340741,ROLLING FIELDS PA OPCO LLC,9108 STATE HIGHWAY 198,CONNEAUTVILLE,PA,16406,732-580-1018,Joseph Greenzweig,Managing Member,NO,,Standalone,314000000X,Skilled Nursing Facility,2026-07-09,69,Yes
1720906373,MIRIAM HOME CARE SERVICES LLC,4745 POPLAR AVE STE 210,MEMPHIS,TN,38117,901-218-8408,Nashanay Hopkins,OWNER,NO,,Standalone,251E00000X,Home Health,2026-07-09,72,Yes
1588582118,TENDER HEARTS LLC,243 OCTOBER GLORY DR,BLYTHEWOOD,SC,29016,803-572-6982,Deautra Salmond,Owner,NO,,Standalone,251E00000X,Home Health,2026-07-09,72,Yes
1821916552,LAKEVIEW SNF OPERATIONS LLC,607 WOODLAND AVE,EUFAULA,OK,74432,918-618-9588,Ethan Dreifus,Manager,NO,,Group — 6 locations (same owner),314000000X,Skilled Nursing Facility,2026-07-09,70,Yes
1164340642,GOLDEN PATH INC,11377 GAYNOR AVE,GRANADA HILLS,CA,91344,747-234-7090,Flora Avanesyan,LICENSEE,NO,,Standalone,310400000X,Assisted Living Facility,2026-07-09,70,Yes
1295653855,"A NEW DAWN ASSISTED LIVING, LLC",7639 GUMBORO RD,PITTSVILLE,MD,21850,410-713-9871,Dawn Townsend,Owner/ALM,NO,,Standalone,310400000X,Assisted Living Facility,2026-07-09,71,Yes
1073431532,STATE OF MN RECEIVERSHIP - TERRACE CRYSTAL,3245 VERA CRUZ AVE N,CRYSTAL,MN,55422,763-971-6300,Peter Schuna,Managing Agent,NO,,Standalone,314000000X,Skilled Nursing Facility,2026-07-09,69,Yes
1699693283,"TERRACE HOME HEALTH BOISE, LLC",2100 NORTHWEST BLVD STE 120,COEUR D ALENE,ID,83814,208-765-4343,Jason Gatherum,CDO,NO,,Standalone,251E00000X,Home Health,2026-07-09,71,Yes
1740108349,KIND PATH LLC,7974 COBB ST,CITRUS HEIGHTS,CA,95610,916-582-9819,Manavdeep Sohal,Supervisor,NO,,Standalone,310400000X,Assisted Living Facility,2026-07-09,70,Yes
1841118742,AMERICAN CURRENT CARE OF MINNESOTA PC,4360 12TH AVE E,SHAKOPEE,MN,55379,651-968-5952,John Anderson,VP,NO,,Group — 7 locations (same owner),261QU0200X,Urgent Care Center,2026-07-08,75,Yes
1013835883,ROCK PORT WELLNESS & REHABILITATION LLC,470 RAINBOW DR,ROCK PORT,MO,64482,660-744-6252,David Garetz,CFO,NO,,Group — 4 locations (same owner),314000000X,Skilled Nursing Facility,2026-07-08,70,Yes
1649198466,AL GLORY CARE HOME LLC,2532 E HUNTINGTON DR,TEMPE,AZ,85282,480-710-2883,Kumar Gaurav,Owner,NO,,Standalone,310400000X,Assisted Living Facility,2026-07-08,71,Yes
1861310732,FOX RIDGE WELLNESS & REHABILITATION LLC,22371 STATE HIGHWAY 46,MARYVILLE,MO,64468,660-562-2876,David Garetz,CFO,NO,,Group — 4 locations (same owner),314000000X,Skilled Nursing Facility,2026-07-08,70,Yes
1003734849,GRAND PARK SNF OPERATOR LLC,2312 W 8TH ST,LOS ANGELES,CA,90057,626-793-6152,Steven Berger,Manager,NO,,Standalone,314000000X,Skilled Nursing Facility,2026-07-08,70,Yes
1245158039,VALLEY CARE HOMES LLC,5329 W CARSON RD,LAVEEN,AZ,85339,602-737-7310,Yusuf Ali,Owner,NO,,Standalone,310400000X,Assisted Living Facility,2026-07-08,71,Yes
1609794577,HERITAGE WELLNESS & REHABILITATION LLC,17451 MEDICAL CENTER PKWY,INDEPENDENCE,MO,64057,816-373-7795,David Garetz,CFO,NO,,Group — 4 locations (same owner),314000000X,Skilled Nursing Facility,2026-07-08,70,Yes
1093633984,CARBON HEALTH URGENT CARE OF CALIFORNIA PC,2920 TELEGRAPH AVE # 100,BERKELEY,CA,94705,415-404-3168,Marley Page,Director Contracting,NO,,Standalone,261QU0200X,Urgent Care Center,2026-07-08,75,Yes
1821916693,KIRKWOOD WELLNESS & REHABILITATION LLC,711 S KIRKWOOD RD,KIRKWOOD,MO,63122,314-965-0864,David Garetz,CFO,NO,,Group — 4 locations (same owner),314000000X,Skilled Nursing Facility,2026-07-08,70,Yes
1730007576,BRIGHTSHIELD CARE LLC,4139 W VINE ST STE 109,KISSIMMEE,FL,34741,757-987-5868,Patrick Stanley,MANAGER,NO,,Standalone,261QU0200X,Urgent Care Center,2026-07-08,75,Yes
1396663233,ZION CONGREGATE LIVING LLC,986 W MARSHALL BLVD,SAN BERNARDINO,CA,92405,909-525-6757,Imelda Julian,Sole Member/Manager,NO,,Standalone,314000000X,Skilled Nursing Facility,2026-07-08,70,Yes
1467370288,"KIZUNA HOMECARE, LLC",18349 AMIE AVE,TORRANCE,CA,90504,310-214-2659,Wyatt Loo,MEMBER,NO,,Standalone,310400000X,Assisted Living Facility,2026-07-08,71,Yes
1063330801,CARDINAL HEALTH SUPPLIES LLC,5749 WESTGATE DR,ORLANDO,FL,32835,803-232-3151,Vamsi Krishna Addagarla,Owner,NO,,Group — 9 locations (shared phone),261QU0200X,Urgent Care Center,2026-07-08,75,Yes
1184542854,ARJAN CARE HOME INC #2,7601 COMMONWEALTH DR,ANTELOPE,CA,95843,916-840-6100,Sarvejeet Bhandal,Licensee,YES,Arjan Care Home Inc #2,Part of group,310400000X,Assisted Living Facility,2026-07-08,71,Yes
1760300545,ASHER'S RESIDENTIAL CARE FACILITY,1666 S SAGEBRUSH RD,PALM SPRINGS,CA,92264,760-844-0754,Mark Anthony Maligaya,Administrator,NO,,Standalone,310400000X,Assisted Living Facility,2026-07-08,71,Yes
1942128806,1977 MESK,605 LOUIS DR,WARMINSTER,PA,18974,407-305-3791,Ilona Osadze,Administrator,NO,,Standalone,261QU0200X,Urgent Care Center,2026-07-08,75,Yes
1174441919,"PARTNERS IN SENIOR LIVING, LLC",10449 OAK RANCH PL,ESCONDIDO,CA,92026,858-261-4639,Brenna Tomlinson,CEO,NO,,Standalone,310400000X,Assisted Living Facility,2026-07-08,71,Yes
1386562288,CABO ROJO MEDICAL URGENCY,47 CALLE HOSTOS,CABO ROJO,PR,00623,787-255-0200,Luis Perez Tijerina,Director,NO,,Standalone,261QU0200X,Urgent Care Center,2026-07-08,75,Yes
1205754058,CORVEXA MEDICAL LLC,2500 WILCREST DR STE 300,HOUSTON,TX,77042,346-428-9216,Abdul Ismail Khan,OWNER,NO,,Group — 3 locations (same owner),291U00000X,Clinical Medical Laboratory,2026-07-08,75,Yes
1891613873,AMERICAN CURRENT CARE OF MINNESOTA PC,600 COON RAPIDS BLVD NW STE 2,COON RAPIDS,MN,55433,651-968-5273,John Anderson,VP,NO,,Group — 7 locations (same owner),261QU0200X,Urgent Care Center,2026-07-08,75,Yes
1487572467,AMERICAN CURRENT CARE OF MINNESOTA PC,1400 CORPORATE CENTER CURV STE 200,EAGAN,MN,55121,651-968-5732,John Anderson,VP,NO,,Group — 7 locations (same owner),261QU0200X,Urgent Care Center,2026-07-08,75,Yes
1316865165,COGNIX MEDICAL LLC,8300 CYPRESS CREEK PKWY STE 100,HOUSTON,TX,77070,346-438-9292,Abdul Ismail Khan,OWNER,NO,,Group — 3 locations (same owner),291U00000X,Clinical Medical Laboratory,2026-07-08,75,Yes
1619895513,AMERICAN CURRENT CARE OF MINNESOTA PC,1661 SAINT ANTHONY AVE,SAINT PAUL,MN,55104,651-968-5293,John Anderson,VP,NO,,Group — 7 locations (same owner),261QU0200X,Urgent Care Center,2026-07-08,75,Yes
1518885383,"BD ZANESVILLE OPCO, LLC",1575 BOWERS LN,ZANESVILLE,OH,43701,740-450-9999,Shannon Rinearson,Director of Revenue Cycle,NO,,Group — 4 locations (same owner),310400000X,Assisted Living Facility,2026-07-08,72,Yes
1134047053,HARMONY HOME LIVING CENTER,13647 ASHLAR SLATE PL,RIVERVIEW,FL,33579,386-334-0233,T'Ona Smith,Secretary,YES,Harmony Home Living Center,Part of group,310400000X,Assisted Living Facility,2026-07-08,72,Yes
1790603652,"BD MEDINA SOUTH OPCO, LLC",100 HIGH POINT DR,MEDINA,OH,44256,330-723-0110,Shannon Rinearson,Director of Revenue Cycle,NO,,Group — 4 locations (same owner),310400000X,Assisted Living Facility,2026-07-08,72,Yes
1154249902,LIVELY RESIDENTIAL PARADISE,16558 MANSFIELD ST,DETROIT,MI,48235,313-229-6215,Santanna Lively,Owner,NO,,Standalone,251E00000X,Home Health,2026-07-08,72,Yes
1265350029,WARMTH & WISDOM HOME CARE,801 PITTSBORO ST,FUQUAY VARINA,NC,27526,919-753-7503,Latilia Martin,CEO,NO,,Standalone,251E00000X,Home Health,2026-07-08,72,Yes
1720906563,LOVING QUALITY HOME HEALTH CARE AGENCY IN HOME,2870 NETHERTON DR,SAINT LOUIS,MO,63136,314-455-9053,Patricia Woods,Owner,NO,,Standalone,251E00000X,Home Health,2026-07-08,72,Partial
1013835875,GLORIOUS LIVING HOME INC,5204 REDWATER DR,ARLINGTON,TX,76018,817-716-7273,Ellen Clinton,Consultant,NO,,Standalone,310400000X,Assisted Living Facility,2026-07-08,72,Yes
1518885581,UNIQUE PHLEBOTOMIST,256 DECATUR ST,TOLEDO,OH,43609,419-764-9191,Kizzy Williams,phlebotomist,NO,,Standalone,251E00000X,Home Health,2026-07-08,73,Yes
1033037841,SENIOR ROLL CALL LLC,729 MARLPIT ROAD,MIDDLETOWN,DE,19709,302-663-1712,Kevon Cumberbatch,Owner/Founder,NO,,Standalone,251E00000X,Home Health,2026-07-08,72,Yes
1629996582,FRED'S GROUP SERVICE LLLC,759 WESSEL DR STE 8B,FAIRFIELD,OH,45014,513-276-2588,Fred Achu,OWNER,YES,Fred Achu,Part of group: Fred Achu,251E00000X,Home Health,2026-07-08,73,Yes
1669390449,"EVERGREEN GARDENS ASSISTED LIVING, INC.",18344 HUNT RD,STRONGSVILLE,OH,44136,724-822-9611,Joshua Early,Owner,NO,,Standalone,310400000X,Assisted Living Facility,2026-07-08,72,Yes
1225956063,CARDINAL HEALTH SUPPLIES LLC,5749 WESTGATE DR,ORLANDO,FL,32835,803-232-3151,Vamsi Krishna Addagarla,Owner,NO,,Group — 9 locations (shared phone),291U00000X,Clinical Medical Laboratory,2026-07-08,74,Yes
1871411694,TRUSTED CARE HOME HEALTH LLC,107 W 78TH PL,MERRILLVILLE,IN,46410,219-472-8041,Lynnetta Stewart,Owner,NO,,Standalone,251E00000X,Home Health,2026-07-08,72,Yes
1326966292,"BD LAKEVIEW CROSSING OPCO, LLC",4000 LAKEVIEW XING,GROVEPORT,OH,43125,614-836-5990,Shannon Rinearson,Director of Revenue,NO,,Group — 4 locations (same owner),310400000X,Assisted Living Facility,2026-07-08,72,Yes
1154249118,GOLDEN YEARS IN HOME CARE LLC,14150 E 102ND AVE,COMMERCE CITY,CO,80022,720-339-4365,Meiko Burnette,OWNER,NO,,Standalone,251E00000X,Home Health,2026-07-08,72,Yes
1215855986,KT'S ASSISTED LIVING INC,207 NW 3RD CT,HALLANDALE BEACH,FL,33009,954-218-9062,Latrice Austin,Owner,NO,,Standalone,310400000X,Assisted Living Facility,2026-07-08,71,Yes
1811815749,ZENCARE INTEGRATIVE SERVICES LLC,9740 GRAND AVE S STE 240,BLOOMINGTON,MN,55420,612-607-9813,Bahjo Mohamed,Manager/CEO,NO,,Standalone,251E00000X,Home Health,2026-07-08,72,Yes
1457279234,"BD MOUNT VERNON OPCO, LLC",1615 YAUGER RD,MOUNT VERNON,OH,43050,740-306-3604,Shannon Rinearson,Director of Revenue Cycle,NO,,Group — 4 locations (same owner),310400000X,Assisted Living Facility,2026-07-08,72,Yes
1598683435,SOUTHERN GRACE HOME HEALTH & HOSPICE LLC,6510 GAINES ST,EIGHT MILE,AL,36613,251-753-4827,Matthew Armstrong,Owner,NO,,Standalone,251E00000X,Home Health,2026-07-08,72,Yes
1831017672,GENTLE CARE LLC,448 S WESTFIELD ST,WICHITA,KS,67209,316-519-0140,Richard Mfuko,Owner/Operator,NO,,Standalone,310400000X,Assisted Living Facility,2026-07-08,72,Yes
1205754124,TAIKKY HOME CARE LLC,977 MORGAN RUN RD,MIDDLE RIVER,MD,21220,443-686-8377,Taibat Ibidapo,CEO,NO,,Standalone,251E00000X,Home Health,2026-07-08,72,Yes
1700704780,ABUNDANT SOLUTIONS COMPANY,1809 S 4TH ST,PHILADELPHIA,PA,19148,267-621-9175,David Gonzales,Owner,NO,,Standalone,251E00000X,Home Health,2026-07-08,73,Partial
1679491625,BRADIE NEST CARE,10740 99TH PL N,MAPLE GROVE,MN,55369,605-416-4773,Daniel Rabura,MANAGER,NO,,Standalone,310400000X,Assisted Living Facility,2026-07-08,72,Yes
1679491419,"DENALI CARE SERVICES, LLC.",3327D FAIRBANKS ST,ANCHORAGE,AK,99503,907-336-2273,Rosalina Mavaega,Administrator,NO,,Standalone,251E00000X,Home Health,2026-07-08,72,Yes
1568380434,THE LEGACY AT OAK HILL,7501 W US HIGHWAY 290,AUSTIN,TX,78736,512-487-6130,Seth Walker,CFO,NO,,Standalone,310400000X,Assisted Living Facility,2026-07-08,72,Yes
1922926765,TRENCH LOGISTICS LLC,5749 WESTGATE DR STE 105,ORLANDO,FL,32835,803-232-3151,Vamsi Krishna Addagarla,Owner,NO,,Group — 9 locations (shared phone),291U00000X,Clinical Medical Laboratory,2026-07-08,74,Yes
1023936051,"AHC OF WACO, LLC",5801 CROSSLAKE PKWY,WACO,TX,76712,254-218-7900,Nathan Oxnam,President,YES,"New Ahc Holdings, Llc","Part of group: New Ahc Holdings, Llc",314000000X,Skilled Nursing Facility,2026-07-07,72,Yes
1568380863,AFMC DIAMOND CARE INC.,27215 BARADA AVE,SANTA CLARITA,CA,91350,661-487-4912,Ma Karren Lyn Corbito,Licensee,NO,,Standalone,310400000X,Assisted Living Facility,2026-07-07,72,Yes
1679491807,GRACIOUS HANDS HOME HEALTH LLC,3025 UNIVERSITY AVE # 401,COLUMBUS,GA,31907,706-580-5328,Latisha Nelson,Ceo,NO,,Standalone,251E00000X,Home Health,2026-07-07,73,Yes
1205754330,WAY HOMES MEDICAL LLC,600 ASYLUM AVE,HARTFORD,CT,06105,307-622-9550,Sumithra Chundru,owner,NO,,Group — 6 locations (shared phone),261QU0200X,Urgent Care Center,2026-07-07,76,Yes
1700704962,A&S HELPING HANDS HOMECARE LLC,3959 N WHITTIER PL,INDIANAPOLIS,IN,46226,317-696-1089,Shanika Fowler,owner,NO,,Standalone,251E00000X,Home Health,2026-07-07,73,Yes
1831017052,WHITE DIAMONDS LLC,1500 N GRANT ST STE R,DENVER,CO,80203,303-747-5176,Dannie Campbell,Owner,NO,,Group — 2 locations (shared phone),291U00000X,Clinical Medical Laboratory,2026-07-07,75,Yes
1265350565,R&L HOMECARE,7781 BURNETTE ST,DETROIT,MI,48210,313-677-1904,Lawanda Willinham,Owner,NO,,Standalone,251E00000X,Home Health,2026-07-07,73,Yes
1427976521,HIGHGATE LLC,1209 MOUNTAIN ROAD PL NE STE R,ALBUQUERQUE,NM,87110,505-207-6944,Vivian Pynes,Owner,NO,,Group — 2 locations (shared phone),261QU0200X,Urgent Care Center,2026-07-07,76,Yes
1427976620,MEDSTAR URGENT CARE LLC,1231 3RD ST NE,WASHINGTON,DC,20002,855-910-3278,Stephanie Schneider,Vice President,NO,,Standalone,261QU0200X,Urgent Care Center,2026-07-07,76,Yes
1346168648,INEZS EMPOWERMENT HOUSE LLC,5915 LANDERWOOD DR,GREENSBORO,NC,27405,336-303-6926,Linwood Little,Executive Director,NO,,Standalone,310400000X,Assisted Living Facility,2026-07-07,73,Yes
1740108984,RICHARD CRUZ CAPITAL LLC,14094 SW SAFI TER,PORT SAINT LUCIE,FL,34987,386-960-4318,Richard Cruz,Owner,NO,,Standalone,251E00000X,Home Health,2026-07-07,73,Yes
1992623128,DALEY PRECISION LABS,2525 NORTH LOOP W STE 150,HOUSTON,TX,77008,346-355-8322,Bridney Mcbride,Laboratory Director,NO,,Standalone,291U00000X,Clinical Medical Laboratory,2026-07-07,76,Yes
1396663480,"T.S.RN TRAINING SERVICES, LLC.",926 BEACON SQUARE CT APT 433,GAITHERSBURG,MD,20878,202-657-3699,Tihesha Simmons,owner/CEO,NO,,Standalone,251E00000X,Home Health,2026-07-07,73,Yes
1356269351,UNIQUE TRADES HEALTHCARE,9800 AIRLINE HWY STE 253,BATON ROUGE,LA,70816,225-256-2220,Tanya Johnson,owner,NO,,Group — 2 locations (same owner),251E00000X,Home Health,2026-07-07,73,Yes
1659299691,"AMERICAN CURRENT CARE OF OHIO, P.A., CO.",6160 CHAMBERSBURG RD,HUBER HEIGHTS,OH,45424,937-237-6231,John Anderson,VP,NO,,Group — 7 locations (same owner),261QU0200X,Urgent Care Center,2026-07-07,76,Yes
1528986569,ROYAL BRIDGE HOME HEALTH CARE LLC,8760 S MARYLAND PKWY STE 120,LAS VEGAS,NV,89123,702-415-7974,Youssra Boudrif,CEO,NO,,Standalone,251E00000X,Home Health,2026-07-07,74,Yes
1740108943,CORECIRCUIT LLC,701 SOUTH ST STE 100,MOUNTAIN HOME,AR,72653,870-987-1024,Donna Johnson,Owner,NO,,Group — 2 locations (shared phone),261QU0200X,Urgent Care Center,2026-07-07,76,Yes
1316865561,NOVASTACK LLC,4539 N 22ND ST STE R,PHOENIX,AZ,85016,480-210-2734,Virginia Bentley,Owner,NO,,Group — 2 locations (shared phone),261QU0200X,Urgent Care Center,2026-07-07,76,Yes
1124946363,KINGSWELL LLC,270 TRACE COLONY PARK DR STE B,RIDGELAND,MS,39157,601-427-4067,Harold Meyer Jr,Owner,NO,,Group — 2 locations (shared phone),261QU0200X,Urgent Care Center,2026-07-07,76,Yes
1629996855,KINGSWELL LLC,270 TRACE COLONY PARK DR STE B,RIDGELAND,MS,39157,601-427-4067,Harold Meyer Jr,Owner,NO,,Group — 2 locations (shared phone),291U00000X,Clinical Medical Laboratory,2026-07-07,76,Yes
1497673651,CORECIRCUIT LLC,701 SOUTH ST STE 100,MOUNTAIN HOME,AR,72653,870-987-1024,Donna Johnson,Owner,NO,,Group — 2 locations (shared phone),291U00000X,Clinical Medical Laboratory,2026-07-07,75,Yes
1154249365,NORTHVALE LLC,2222 W GRAND RIVER AVE STE A,OKEMOS,MI,48864,517-253-9625,Earnest White,owner,NO,,Group — 2 locations (shared phone),291U00000X,Clinical Medical Laboratory,2026-07-07,76,Yes
1851219059,HIGHGATE LLC,1209 MOUNTAIN ROAD PL NE,ALBUQUERQUE,NM,87110,505-207-6944,Vivian Pynes,Owner,NO,,Group — 2 locations (shared phone),291U00000X,Clinical Medical Laboratory,2026-07-07,76,Yes
1700704947,AVIARA HOME CARE MO LLC,222 S MERAMEC AVE STE 202-1053,SAINT LOUIS,MO,63105,917-572-7660,Ellen Kramer,CEO,NO,,Standalone,251E00000X,Home Health,2026-07-07,73,Partial
1316865322,DRIVEGUARD AUTO INC,5950 CROOKED CREEK RD STE 150R,PEACHTREE CORNERS,GA,30092,470-826-3480,Mahith Devthi,President,NO,,Standalone,261QU0200X,Urgent Care Center,2026-07-07,76,Yes
1407774573,"NEW START HOME HEALTH CARE, INC.",21100 VINTAGE ST,CHATSWORTH,CA,91311,818-606-1611,Sian Welch,Administrator,NO,,Group — 2 locations (shared phone),314000000X,Skilled Nursing Facility,2026-07-07,71,Yes
1508784620,HAVENS ASSISTED LIVING LLC,1700 NJ 37 WEST,TOMS RIVER,NJ,08757,732-341-0880,Avrohom Friedman,Partner,NO,,Standalone,310400000X,Assisted Living Facility,2026-07-07,73,Yes
1053239186,WAY HOMES MEDICAL LLC,600 ASYLUM AVE,HARTFORD,CT,06105,586-209-3987,Sumithra Chundru,Owner,NO,,Group — 2 locations (same owner),291U00000X,Clinical Medical Laboratory,2026-07-07,75,Yes
1700704822,INOVA TECHNOLOGIES LLC,11047 SW 16TH MNR,DAVIE,FL,33324,307-622-9550,Muhammad Muheet,Owner,NO,,Group — 6 locations (shared phone),291U00000X,Clinical Medical Laboratory,2026-07-07,75,Yes
1659299683,"AHC OF ELK GROVE, LLC",9955 LOTZ PKWY,ELK GROVE,CA,95757,385-622-4500,Nathan Oxnam,President,YES,"New Ahc Holdings, Llc","Part of group: New Ahc Holdings, Llc",314000000X,Skilled Nursing Facility,2026-07-07,71,Yes
1285552273,PALMS ASSISTED LIVING LLC,8411 E VIA DE JARDIN,SCOTTSDALE,AZ,85258,480-840-7058,Brandon Lebster,Owner,NO,,Standalone,310400000X,Assisted Living Facility,2026-07-07,72,Yes
1184542300,WHITE DIAMONDS LLC,1500 N GRANT ST STE R,DENVER,CO,80203,303-747-5176,Dannie Campbell,Owner,NO,,Group — 2 locations (shared phone),261QU0200X,Urgent Care Center,2026-07-07,76,Yes
1619895729,THG HEALTH,1440 N EDGEWOOD ST STE 169,ARLINGTON,VA,22201,571-774-5551,Dominique Flye,Nursing Director,NO,,Standalone,251E00000X,Home Health,2026-07-07,74,Yes
1639097710,"HCRI TUCSON PROPERTIES, INC",4242 BRYANT IRVIN RD,BENBROOK,TX,76109,817-763-0088,James Winter,CFO,NO,,Standalone,310400000X,Assisted Living Facility,2026-07-07,73,Yes
1033037254,MICROSEQDX,1735 KELLER SPRINGS RD STE 210,CARROLLTON,TX,75006,225-573-2690,Rahul Sharma,PRESIDENT,NO,,Standalone,291U00000X,Clinical Medical Laboratory,2026-07-07,76,Yes
1821916925,LOVED ONES HOME CARE LLC,7095 TULANE RD N APT 102,HORN LAKE,MS,38637,901-614-7583,Kinyetta Phillips,Owner/CEO,NO,,Standalone,251E00000X,Home Health,2026-07-07,73,Yes
1619895851,NOVASTACK LLC,4539 N 22ND ST STE R,PHOENIX,AZ,85016,480-210-2734,Virginia Bentley,Owner,NO,,Group — 2 locations (shared phone),291U00000X,Clinical Medical Laboratory,2026-07-07,75,Yes
1760300966,PLEDGE SENIOR HOUSING LLC,412 S 30TH ST,MESA,AZ,85204,480-522-9775,Kenneth Washington,CEO,NO,,Standalone,310400000X,Assisted Living Facility,2026-07-07,72,Yes
1750209987,RIDGEWALL LLC,212 N 2ND ST STE 100,RICHMOND,KY,40475,859-946-4671,David White,Owner,NO,,Standalone,261QU0200X,Urgent Care Center,2026-07-07,76,Yes
1881512903,NEXT FILER LLC,11047 SW 16TH MNR,DAVIE,FL,33324,307-622-9550,Muhammad Muheet,Owner,NO,,Group — 6 locations (shared phone),291U00000X,Clinical Medical Laboratory,2026-07-07,75,Yes
1912825019,PAVILIS TRANPORTATION  LLC,3018 N US HIGHWAY 301 STE 200,TAMPA,FL,33619,813-458-2859,Edena Raymond,MANAGER,NO,,Standalone,251E00000X,Home Health,2026-07-07,73,Yes
1497673610,NORTHVALE LLC,2222 W GRAND RIVER AVE STE A,OKEMOS,MI,48864,517-253-9625,Earnest White,Owner,NO,,Group — 2 locations (shared phone),261QU0200X,Urgent Care Center,2026-07-07,76,Yes
1932027364,ALPHA URGENT CARE INC.,25134 HANCOCK AVENUE,MURRIETA,CA,92562,972-880-0557,Mark Shafik,CEO,NO,,Standalone,261QU0200X,Urgent Care Center,2026-07-06,77,Yes
1225956584,THE ONE STEP CLOSER GROUP INC,12340 ALGONQUIN RD,APPLE VALLEY,CA,92308,562-221-4466,Tyneka Sheriff,CEO,NO,,Standalone,310400000X,Assisted Living Facility,2026-07-06,73,Yes
1033037379,ADVANCED DIALYSIS JACKSONVILLE LLC,5445 NORWOOD AVE,JACKSONVILLE,FL,32208,904-593-5333,Gaurav Tandon,Owner,NO,,Standalone,261QE0700X,Dialysis / ESRD Treatment Facility,2026-07-06,76,Yes
1497673834,"ASPIRE HEALTH PARTNERS, LLC",32 W TAFT AVE,SAPULPA,OK,74066,918-322-1350,Quinton Bohannon,Partner,NO,,Standalone,261QU0200X,Urgent Care Center,2026-07-06,77,Yes
1710805080,PHYSICIAN ASSISTANT NURSING CARE OF AMERICA,208 N 29TH ST,BILLINGS,MT,59101,888-334-5966,Sharon Peart,ceo/owner,NO,,Group — 4 locations (shared phone),251E00000X,Home Health,2026-07-06,74,Yes
1063330348,PHYSICIAN ASSISTANT NURSING CARE OF AMERICA,208 N 29TH ST STE 219,BILLINGS,MT,59101,888-334-5966,Sharon Peart,CEO/OWNER,NO,,Group — 4 locations (shared phone),251E00000X,Home Health,2026-07-06,74,Yes
1982522272,"LONGCARE HOME HEALTH SERVICES, LLC",3693 WINDING PATH DR,CANAL WINCHESTER,OH,43110,614-598-3090,Vanne Cervuti Gandziami Nzila,CEO,NO,,Standalone,251E00000X,Home Health,2026-07-06,75,Yes
1710804240,ABLENIA K,16722 CRANE AVE,HAZEL CREST,IL,60429,708-632-1318,Brandi Adams,CEO,NO,,Standalone,251E00000X,Home Health,2026-07-06,74,Yes
1841117371,BILLYJANE DC LLC,7102 ROSEWOOD DR,WEST CHESTER,OH,45069,513-227-5545,Richard Feng,CEO,NO,,Standalone,251E00000X,Home Health,2026-07-06,75,Yes
1689592073,PURPLE KISSES LLC,5228 MARKET ST,YOUNGSTOWN,OH,44512,330-953-2350,Nicole Nixon,Owner,NO,,Standalone,251E00000X,Home Health,2026-07-06,75,Yes
1447178843,SINCERE CARE SHAKOPEE LLC,1737 RIVERSIDE DR,SHAKOPEE,MN,55379,612-735-4509,Naima Mohamed,Director,NO,,Standalone,310400000X,Assisted Living Facility,2026-07-06,74,Yes
1134047459,ARIZO SENIOR CARE LLC,30903 LAELIA CIR,MURRIETA,CA,92563,951-599-4790,Ivan Arizobal,Administrator,NO,,Standalone,310400000X,Assisted Living Facility,2026-07-06,73,Yes
1336066737,CAYLANI HOME CARE SERVICES LLC,1300 MADISON CHASE APT 3,WEST PALM BEACH,FL,33411,561-698-2488,Chanice Hanson,Owner,NO,,Standalone,251E00000X,Home Health,2026-07-06,74,Yes
1437076866,TOP NOTCH INC,285 CONCORD RD,MARLBOROUGH,MA,01752,781-530-0039,Muzafalu Sseruwagi,DIRECTOR,NO,,Standalone,251E00000X,Home Health,2026-07-06,74,Yes
1528986890,ALWAYS STAY HOME NURSING SERVICE INC.,5 W MENDENHALL ST,BOZEMAN,MT,59715,888-334-5966,Sharon Peart,CEO/Owner,NO,,Group — 4 locations (shared phone),251E00000X,Home Health,2026-07-06,74,Yes
1588582803,BEXAR COUNTY HOSPITAL DISTRICT,4502 MEDICAL DR,SAN ANTONIO,TX,78229,210-358-4000,Christopher Hurley,Executive Vice President/CFO,YES,Bexar County Hospital District,Part of group,291U00000X,Clinical Medical Laboratory,2026-07-06,77,Yes
1144148487,HAIGH SURGICAL INSTITUTE LLC,311 HAIGH RD STE 100,NEWBURY PARK,CA,91320,661-388-4143,Alen Ternian,MEDICAL DIRECTOR,NO,,Group — 2 locations (shared phone),261QA1903X,Ambulatory Surgery Center,2026-07-06,75,Yes
1770400160,"HIGH POINT RESIDENCE CHICAGO WEST, LLC",2800 W FULTON ST,CHICAGO,IL,60612,847-676-1700,Kathleen Adams,VP Revenue Cycle,NO,,Group — 3 locations (shared phone),310400000X,Assisted Living Facility,2026-07-06,74,Yes
1518885953,KARDIAC KONNECTIONS,3 S TUNNEL RD STE K2,ASHEVILLE,NC,28805,828-407-8060,Katimah Grifin,CEO/owner,NO,,Standalone,251E00000X,Home Health,2026-07-06,74,Yes
1932026333,HIGH POINT RESIDENCE DES PLAINES,1750 ELMHURST RD,DES PLAINES,IL,60018,847-676-1700,Kathleen Adams,VP Revenue Cycle,NO,,Group — 3 locations (shared phone),310400000X,Assisted Living Facility,2026-07-06,74,Yes
1538086921,"HIGH POINT RESIDENCE NORTH AURORA, LLC",210 AIRPORT RD,NORTH AURORA,IL,60542,847-676-1700,Kathleen Adams,VP Revenue Cycle,NO,,Group — 3 locations (shared phone),310400000X,Assisted Living Facility,2026-07-06,74,Yes
1033037460,"REGENCY CARE PARTNERS, LLC",5500 CHEROKEE AVE STE 250,ALEXANDRIA,VA,22312,703-244-1997,Danayt Aman,Administrator,NO,,Standalone,251E00000X,Home Health,2026-07-06,75,Yes
1811814247,OCEANFRONT CARE SERVICES LLC,255 CHERRY VALLEY DR APT L9,INKSTER,MI,48141,313-513-0068,Michelle J,Manager,NO,,Standalone,251E00000X,Home Health,2026-07-06,74,Yes
1235057639,PINE RESIDENTIAL VILLA INC.,3266 PINE AVE,LONG BEACH,CA,90807,310-422-0950,Michelle Porca,Licensee,NO,,Standalone,310400000X,Assisted Living Facility,2026-07-06,73,Yes
1912824392,NOVACARE ENTERPRISE,4925C W FOREST HOME AVE,MILWAUKEE,WI,53219,414-512-5651,Josette Paige,Owner,YES,Novacare Enterprise,Part of group,251E00000X,Home Health,2026-07-06,75,Yes
1003733544,JEAN AND DAVE HOME HEALTH L.L.C,7404 E 118TH TER,KANSAS CITY,MO,64134,816-328-2353,Donesha Hanson,Owner,NO,,Standalone,251E00000X,Home Health,2026-07-06,74,Yes
1750209086,HIESPLACE LLC,23151 COLUMBUS AVE,WARREN,MI,48089,586-335-0635,Kyiya Hines,CAREGIVER/OWNER,NO,,Standalone,251E00000X,Home Health,2026-07-06,74,Yes
1184542458,"NH ASL DUNEDIN TENANT, LLC",2010 GREENBRIAR BLVD,CLEARWATER,FL,33763,727-735-6200,James Hickok,Authorized Representative,NO,,Standalone,310400000X,Assisted Living Facility,2026-07-06,73,Yes
1346168671,"CYNTHIER'S HOMECARE AGENCY, LLC",1551 DUNWOODY VILLAGE PKWY STE 889102,DUNWOODY,GA,30338,313-543-4480,Tamika Burnette,Owner,NO,,Standalone,251E00000X,Home Health,2026-07-06,74,Yes
1164349601,STEADY HOME HEALTH,435 JEREMIAH DR UNIT D,SIMI VALLEY,CA,93065,206-769-2716,Joseph Williams,CEO/ Founder,NO,,Standalone,251E00000X,Home Health,2026-07-06,74,Yes
1538087895,ALWAYS STAY HOME NURSING SERVICE INC.,208 N 29TH ST STE 237,BILLINGS,MT,59101,888-334-5966,Sharon Peart,Owner/CEO,NO,,Group — 4 locations (shared phone),251E00000X,Home Health,2026-07-06,74,Yes
1164349585,BLOSSOM HOMES LLC,2482 SW SUMMIT ST,PORT ST LUCIE,FL,34984,954-395-8198,Jasmin Martin,Administration,NO,,Standalone,310400000X,Assisted Living Facility,2026-07-06,73,Yes
1780501163,"HANDS OF HEALING HOME HEALTH CARE, LLC",311 BURRINGTON RD,GREENVILLE,NC,27834,252-916-6741,Shirika Brummell,CEO,NO,,Standalone,251E00000X,Home Health,2026-07-06,74,Yes
1619894102,"ADVENTHEALTH CENTRA CARE OF KANSAS, INC.",11245 SHAWNEE MISSION PKWY,SHAWNEE,KS,66203,913-268-4455,Matthew Brice,CFO,NO,,Standalone,261QU0200X,Urgent Care Center,2026-07-04,79,Yes
1134046642,APPLE SENIOR CARE OF CORONA,13176 MARCH WAY,CORONA,CA,92879,951-858-8615,Aisha Bari,Partner,NO,,Standalone,310400000X,Assisted Living Facility,2026-07-04,75,Yes
1174440721,LOVING TOUCH HOME HEALTH CARE LLC,11187 BOCA WOODS LN,BOCA RATON,FL,33428,973-464-7097,Jason Shatsky,Owner,NO,,Standalone,251E00000X,Home Health,2026-07-03,77,Yes
1356268817,MED CARE FOUNDATION,6975 W 130TH ST,PARMA HEIGHTS,OH,44130,440-888-7487,Jessica Li,Authorized Official,YES,Med Care Foundation,Part of group,291U00000X,Clinical Medical Laboratory,2026-07-03,80,Yes
1952228405,FOREVER LOVING HANDS UNLIMITED SERVICES INC,412 SE FAITH TER,PORT SAINT LUCIE,FL,34983,772-212-3095,Elisabeth Jean-Baptiste,CFO,NO,,Standalone,310400000X,Assisted Living Facility,2026-07-03,77,Yes
1336066976,ROSEMARY HOMECARE LLC,2111 E BROADWAY RD STE 6,TEMPE,AZ,85282,480-228-2745,Ibrahim A Elrayah,OWNER/MANAGER,NO,,Standalone,251E00000X,Home Health,2026-07-03,77,Yes
1407773047,VITALITY HOME SUPPORT LLC,2705 FALLING BROOK TER,ADELPHI,MD,20783,301-637-7924,John Njinjoh,owner,NO,,Standalone,251E00000X,Home Health,2026-07-03,77,Yes
1316864945,ENCORE VILLAGE SLF LLC,350 W SCHAUMBURG RD,SCHAUMBURG,IL,60194,847-884-5000,Harry Barax,Partner,NO,,Standalone,310400000X,Assisted Living Facility,2026-07-03,77,Yes
1578480117,LIFE AND LIGHT THERAPY SERVICES,413 LYMAN AVE,BALTIMORE,MD,21212,443-854-3059,Abimbola Adewumi,Director,YES,Life And Light Healthcare Services Llc,Part of group: Life And Light Healthcare Services Llc,251E00000X,Home Health,2026-07-03,77,Yes
1396662862,"TRANSITION ASSISTED LIVING, LLC",128 MICHIGAN AVE,GLADSTONE,MI,49837,906-420-8900,Crystal Hayes-Jackson,President & Administrator,NO,,Standalone,310400000X,Assisted Living Facility,2026-07-03,77,Yes
1518884253,HOPE SENIOR LIVING LLC,7117 MAIN AVE,ORANGEVALE,CA,95662,951-775-4933,Navgeet Kaur,Licensee,NO,,Group — 2 locations (shared phone),310400000X,Assisted Living Facility,2026-07-02,77,Yes
1518884196,"ASTER MEADOWS HEALTHCARE, INC.",1031 SW 130TH ST,BURIEN,WA,98146,206-242-3213,Soon Burnam,Secretary,NO,,Group — 25 locations (same owner),314000000X,Skilled Nursing Facility,2026-07-02,77,Yes
1841117595,ANGELS ON DUTY,13001 LA MIRADA BLVD,LA MIRADA,CA,90638,562-298-3593,Valeria Barragan,Owner,NO,,Standalone,251E00000X,Home Health,2026-07-02,78,Yes
1912824590,ABLOOM COMFORT HOME CARE,1196 CEDARWOOD DR,WOODBURY,MN,55125,612-409-4351,Bruce Tollefson,Administrator,NO,,Standalone,310400000X,Assisted Living Facility,2026-07-02,78,Yes
1184541906,APEX HOME HEALTH LLC,515 13TH ST STE 205,MODESTO,CA,95354,209-648-1763,Harmandip Singh,Owner/Administrator,NO,,Standalone,251E00000X,Home Health,2026-07-02,78,Yes
1952228686,ABOR INC,1450 SANDPEBBLE DR APT 333,WHEELING,IL,60090,773-614-0515,Abolanle Okegbemi,EXECUTIVE DIRECTOR,NO,,Standalone,251E00000X,Home Health,2026-07-02,78,Yes
1740107325,PHYSICIAN SERVICES GROUP OF SOUTH CAROLINA,109 BENTZ RD,PIEDMONT,SC,29673,864-845-5177,Charity Fitzsimmons,Nurse Practitioner,NO,,Standalone,314000000X,Skilled Nursing Facility,2026-07-02,77,Yes
1952228728,INFINITE COMMUNITY SOLUTIONS LLC,1561 PARKGLEN CIR,APOPKA,FL,32712,904-979-2027,Alicia Moss,DIRECTOR,NO,,Standalone,251E00000X,Home Health,2026-07-02,78,Yes
1326965906,"PIKE VALLEY HEALTHCARE, INC.",1250 NE 145TH ST,SHORELINE,WA,98155,206-363-5856,Soon Burnam,Secretary,NO,,Group — 25 locations (same owner),314000000X,Skilled Nursing Facility,2026-07-02,77,Yes
1366369118,BLOODBOUND,6512 SIX FORKS RD STE 200,RALEIGH,NC,27615,984-386-1089,Regina Johnson,Certified Phlebotomist,NO,,Standalone,251E00000X,Home Health,2026-07-02,78,Yes
1972420685,DP HOMECARE LIVING LLC,14022 FORT NELSON DR,HOUSTON,TX,77083,281-570-3577,Perpetua Ekeh,MANAGING DIRECTOR,NO,,Standalone,310400000X,Assisted Living Facility,2026-07-02,78,Yes
1235056813,"GOLDENROD ACRES HEALTHCARE, INC.",1703 CALIFORNIA AVE SW,SEATTLE,WA,98116,206-937-9750,Soon Burnam,Secretary,NO,,Group — 25 locations (same owner),314000000X,Skilled Nursing Facility,2026-07-02,77,Yes
1669399390,COREPOINT DIAGNOSTICS LLC,800 ROOSEVELT RD STE 410,GLEN ELLYN,IL,60137,312-395-7290,Anwar Mohammed,Owner,NO,,Group — 19 locations (shared phone),261QU0200X,Urgent Care Center,2026-07-02,81,Yes
1295652857,HEALTHORA LLC,31 GOURDON CT,LAKE SAINT LOUIS,MO,63367,346-396-1252,Brennan Giesler,OWNER,NO,,Group — 41 locations (shared phone),261QU0200X,Urgent Care Center,2026-07-02,81,Yes
1790602548,PRESTIGECARE HOME HEALTH SERVICES LLC,2219 S MOUNTAIN AVE,ONTARIO,CA,91762,833-755-2273,Jayden Burton,CEO,NO,,Group — 2 locations (shared phone),251E00000X,Home Health,2026-07-02,78,Yes
1639096340,BIG RAPIDS FIELDS ASSISTED LIVING LLC,18900 16 MILE RD,BIG RAPIDS,MI,49307,231-598-9230,Douglas Boehm,Director,NO,,Standalone,310400000X,Assisted Living Facility,2026-07-02,78,Yes
1104743921,DFP CORPORATION,2399 WALDRON DR,ANCHORAGE,AK,99507,907-743-2993,Dionisio Pentecostes,Owner,NO,,Standalone,310400000X,Assisted Living Facility,2026-07-02,77,Yes
1235056979,TRUCORE PRIORITY LABS,8880 HIGHWAY 6 STE 170,MISSOURI CITY,TX,77459,281-906-6950,Enrico Foxx,Owner,NO,,Standalone,291U00000X,Clinical Medical Laboratory,2026-07-02,81,Yes
1912824665,HERITAGE MED SYSTEMS LLC,3030 WARRENVILLE RD STE 270,LISLE,IL,60532,312-395-7290,Ibrahim Syed,Owner,NO,,Group — 19 locations (shared phone),261QU0200X,Urgent Care Center,2026-07-02,81,Yes
1134046840,LAKE CARE LLC,3524 LAKE BLVD,OCEANSIDE,CA,92056,760-945-1811,Scott Kirby,Manager,NO,,Standalone,310400000X,Assisted Living Facility,2026-07-02,77,Yes
1538086350,CIRCLE CITY EXPRESS AND WELLNESS,7411 HEATHROW WAY,INDIANAPOLIS,IN,46241,317-852-3505,Kyra Cooke,Nurse Practitioner,NO,,Standalone,261QU0200X,Urgent Care Center,2026-07-02,81,Yes
1881511541,VIDA HOMECARE SERVICES LLC,2360 SIPES AVE,SANFORD,FL,32771,689-332-7267,Whitney Williams,CEO,NO,,Standalone,251E00000X,Home Health,2026-07-02,78,Yes
1548187131,I.T.A HOME CARE LLC,125 MEADOWRIDGE DR,COVINGTON,GA,30016,706-319-0110,Neisha-Kay Mckenzie,Owner/Administrator,NO,,Standalone,310400000X,Assisted Living Facility,2026-07-02,78,Yes
1174440887,SUPER QUALITY CARE LLC,1083 HICKS BLVD STE 15,FAIRFIELD,OH,45014,513-790-7596,Pashupati Mainali,OFFICE ADMIN,NO,,Standalone,251E00000X,Home Health,2026-07-02,79,Yes
1912824517,"LAVIM CARE, LLC",3900 WOODLAKE BLVD STE 306-1,GREENACRES,FL,33463,561-420-7251,Fabiola Jean Baptiste,Owner/CFO/CEO,NO,,Standalone,251E00000X,Home Health,2026-07-02,78,Yes
1588581151,OMNICARE MEDICAL SERVICES LLC,3 W 18TH ST UNIT 3,WEEHAWKEN,NJ,07086,312-395-7290,Yaqub Ali Mohammed,Owner,NO,,Group — 19 locations (shared phone),261QU0200X,Urgent Care Center,2026-07-02,81,Yes
1124945878,SAPPHIRE AT MAPLE CREST LLC,4452 SQUAW PRAIRIE RD,BELVIDERE,IL,61008,815-547-6377,Eitan Zeffren,Medicare Authorized Official,NO,,Group — 4 locations (same owner),314000000X,Skilled Nursing Facility,2026-07-02,76,Yes
1225955966,VERION MEDICAL LABORATORY LLC,800 ROOSEVELT RD STE 410,GLEN ELLYN,IL,60137,312-395-7290,Anwar Mohammed,Owner,NO,,Group — 19 locations (shared phone),261QU0200X,Urgent Care Center,2026-07-02,81,Yes
1083531677,NOESON HEALTHCARE SERVICES LLC,351 CANTON ST,RANDOLPH,MA,02368,617-905-6552,Mario Austin,CEO,NO,,Standalone,251E00000X,Home Health,2026-07-02,78,Yes
1376460006,MEDQUEST MEDICAL LABORATORY LLC,3030 WARRENVILLE RD STE 273,LISLE,IL,60532,312-395-7290,Begum Asiya,Owner,NO,,Group — 19 locations (shared phone),261QU0200X,Urgent Care Center,2026-07-02,81,Yes
1588581177,LOVE 2 LOVE HOME CARE LLC,637 CHAPEL HILL RD STE B,BURLINGTON,NC,27215,336-524-6099,Christopher Wilson,Owner,NO,,Standalone,251E00000X,Home Health,2026-07-02,78,Yes
1245157825,"ROWAN RIDGE HEALTHCARE, INC.",805 FRONT ST S,ISSAQUAH,WA,98027,425-392-1271,Soon Burnam,Secretary,NO,,Group — 25 locations (same owner),314000000X,Skilled Nursing Facility,2026-07-02,77,Yes
1396662979,"LEGEND MOBILE NOTARY SERVICES, LLC D/B/A LEGEND SCREENING & DIAGNOSTICS SERVICES",1700 PENNSYLVANIA AVE STE 103,MCDONOUGH,GA,30253,470-399-1217,Audrey Moore,Owner,NO,,Standalone,291U00000X,Clinical Medical Laboratory,2026-07-02,80,Yes
1386561041,SAPPHIRE AT NORTHWOODS LLC,2250 PEARL ST,BELVIDERE,IL,61008,815-544-0358,Eitan Zeffren,Medicare Authorized Official,NO,,Group — 4 locations (same owner),314000000X,Skilled Nursing Facility,2026-07-02,76,Yes
1063339836,GEORGETOWN BY AXIOM LLC,1655 S GEORGETOWN ST,WICHITA,KS,67218,316-685-0400,Brenda Kruse,CFO,NO,,Standalone,310400000X,Assisted Living Facility,2026-07-02,78,Yes
1366369126,MY VETERAN HOME CARE LLC,106 LANGTREE VILLAGE DR STE 301,MOORESVILLE,NC,28117,559-423-3216,Kaila Feldmann,Managing Member,NO,,Standalone,251E00000X,Home Health,2026-07-02,78,Yes
1124945043,BSCH BUTTE ONE LLC,3251 NETTIE ST,BUTTE,MT,59701,406-723-3225,Alicia Cepeda,Senior Legal/Risk Manager,NO,,Group — 42 locations (same owner),314000000X,Skilled Nursing Facility,2026-07-01,77,Yes
1871410704,LOESH RIO RANCHO LLC,2410 19TH ST SE,RIO RANCHO,NM,87124,385-342-5175,Alicia Cepeda,Senior Legal/Risk Manager,NO,,Group — 42 locations (same owner),314000000X,Skilled Nursing Facility,2026-07-01,77,Yes
1588581599,HIGHER QUALITY HEALTH INC.,500 S PALM CANYON DR STE 209,PALM SPRINGS,CA,92264,760-249-2223,Samuel Alexander,Director,NO,,Standalone,251E00000X,Home Health,2026-07-01,79,Yes
1487571303,BSCH CLANCY LLC,474 HIGHWAY 282,CLANCY,MT,59634,406-933-8311,Alicia Cepeda,Senior Legal/Risk manager,NO,,Group — 42 locations (same owner),314000000X,Skilled Nursing Facility,2026-07-01,77,Yes
1376460295,BSCH BILLINGS ONE LLC,1807 24TH ST W,BILLINGS,MT,59102,406-656-5010,Alicia Cepeda,Senior Legal/Risk Manager,NO,,Group — 42 locations (same owner),314000000X,Skilled Nursing Facility,2026-07-01,77,Yes
1306763289,PROHEALTH PARTNERS 2 LLC,1202 S CHERYL LN,BROWNFIELD,TX,79316,806-637-9066,Yaksh Patel,Manager,NO,,Standalone,310400000X,Assisted Living Facility,2026-07-01,79,Yes
1144147174,CHARITY'S GRACE LLC,4125 AL HIGHWAY 87,TROY,AL,36079,334-482-5699,Troy Dunn,Program Coordinator,NO,,Standalone,251E00000X,Home Health,2026-07-01,79,Yes
1346167251,BSCH HELENA LLC,2555 E BROADWAY ST,HELENA,MT,59601,406-447-1651,Alicia Cepeda,Senior Legal/Risk Manager,NO,,Group — 42 locations (same owner),314000000X,Skilled Nursing Facility,2026-07-01,77,Yes
1861319741,PROMPTCARE LABORATORIES,9853 S 700 E BSMT UNIT,SANDY,UT,84070,615-810-2433,Seyi Falekun,Owner,NO,,Standalone,291U00000X,Clinical Medical Laboratory,2026-07-01,82,Yes
1043137821,DORSEY'S LOVE & CARE,7460 OLD CHAPEL,ATLANTA,GA,30349,404-980-5089,Tamona Smith,Owner/Administrator,NO,,Standalone,251E00000X,Home Health,2026-07-01,79,Yes
1801713714,BSCH DEER LODGE LLC,1100 TEXAS AVE,DEER LODGE,MT,59722,406-846-1655,Alicia Cepeda,Senior Legal/Risk Manager,NO,,Group — 42 locations (same owner),314000000X,Skilled Nursing Facility,2026-07-01,77,Yes
1699692525,RSH FARGO LLC,1315 UNIVERSITY DR S,FARGO,ND,58103,701-237-3030,Alicia Cepeda,Senior Legal/Risk Manager,NO,,Group — 42 locations (same owner),314000000X,Skilled Nursing Facility,2026-07-01,77,Yes
1023935970,PREMIER CLINICAL LABORATORY LLC,115 TWIN OAKS DR APT 212,JOLIET,IL,60431,346-396-1252,Tanzeem Ahmed,OWNER,NO,,Group — 41 locations (shared phone),261QU0200X,Urgent Care Center,2026-07-01,82,Yes
1700703626,BSCH BILLINGS TWO LLC,2115 CENTRAL AVE,BILLINGS,MT,59102,406-656-6500,Alicia Cepeda,Senior Legal/Risk Manager,NO,,Group — 42 locations (same owner),314000000X,Skilled Nursing Facility,2026-07-01,77,Yes
1457278459,1UNITY HOME CARE LLC,9711 E HAWAII PL,AURORA,CO,80247,720-693-6799,Fahad Ali,Owner,NO,,Standalone,251E00000X,Home Health,2026-07-01,79,Yes
1104743038,MRSH ABERDEEN LLC,400 8TH AVE NW,ABERDEEN,SD,57401,605-225-2550,Alicia Cepeda,Senior Legal/Risk Manager,NO,,Group — 42 locations (same owner),314000000X,Skilled Nursing Facility,2026-07-01,78,Yes
1962329920,"SILVER NEST HOME CARE, LLC",1578 HALBROOK PLACE SW,MARIETTA,GA,30008,706-761-6553,Antonia Harris,Owner,NO,,Standalone,251E00000X,Home Health,2026-07-01,79,Yes
1639096506,BEACON CONCIERGE NURSING LLC,45 DAN RD STE 125,CANTON,MA,02021,617-279-1268,Aline Correia,Founder and director,NO,,Standalone,251E00000X,Home Health,2026-07-01,79,Yes
1679490569,SWEET COMPLIANCE SOLUTIONS LLC,333 WEST LOOP N STE 440,HOUSTON,TX,77024,832-770-7755,Tracee Hudson,Compliance Manager,NO,,Standalone,291U00000X,Clinical Medical Laboratory,2026-07-01,82,Yes
1720905771,HWREP I ALAMAR OPCO LLC,8785 LAKE WORTH RD,WELLINGTON,FL,33467,561-320-4500,Elliot Pessis,Chief Operating Officer,NO,,Standalone,310400000X,Assisted Living Facility,2026-07-01,79,Yes
1376460329,MAJESKI HOME HEALTH AGENCY,201 E MEADOW RD STE 101,EDEN,NC,27288,336-814-1938,Keitra King,Director,NO,,Standalone,251E00000X,Home Health,2026-07-01,79,Yes
1245157213,CJ'S HOME CARE LLC,6034 CHESTER AVE STE 105A,JACKSONVILLE,FL,32217,904-723-1314,Curline Darden,Owner,YES,Cj'S Home Care Llc,Part of group,251E00000X,Home Health,2026-07-01,79,Yes
1497672372,CROSSROADS HOME CARE SERVICES LLC,2311 E BELTLINE AVE SE STE 103,GRAND RAPIDS,MI,49546,616-228-1890,Brandi Smith,Operations Manager,NO,,Standalone,251E00000X,Home Health,2026-07-01,79,Yes
1033036090,OSL PALM COAST OPERATING LLC,100 MAGNOLIA TRACE WAY,PALM COAST,FL,32164,386-445-3500,Ayla Harwood,COO,NO,,Group — 4 locations (same owner),310400000X,Assisted Living Facility,2026-07-01,78,Yes
1801713839,ACCURATEDX LABORATORY INC,7100 EUCLID AVE STE 144,CLEVELAND,OH,44103,425-499-8375,Mahad Shakil,Owner,NO,,Group — 2 locations (shared phone),291U00000X,Clinical Medical Laboratory,2026-07-01,82,Yes
1447177241,"PRIMEDRAW MOBILE LAB, LLC",4549 BIG ISLAND DR,KISSIMMEE,FL,34746,689-264-8546,Zailys Vizcarrondo Isaac,Owner,NO,,Standalone,251E00000X,Home Health,2026-07-01,79,Yes
1811814916,PRIORITY HOME HEALTH CARE SERVICES LLC,4743 LEGACY OAKS DR,ORLANDO,FL,32839,787-662-8761,Angel Abad Martinez,PRESIDENT,NO,,Standalone,251E00000X,Home Health,2026-07-01,79,Yes
1366369290,MRSH SPEARFISH LLC,1020 N 10TH ST,SPEARFISH,SD,57783,605-642-2716,Alicia Cepeda,Senior Legal/Risk Manager,NO,,Group — 42 locations (same owner),314000000X,Skilled Nursing Facility,2026-07-01,78,Yes
1609793504,"LAB OPERATIONS, LLC",380R MERRIMACK ST STE 100,METHUEN,MA,01844,917-767-1104,Zaka Shafiq,OWNER,NO,,Group — 4 locations (same owner),291U00000X,Clinical Medical Laboratory,2026-07-01,82,Yes
1376460162,FAISALZ UPDATES LLC,847 S GREENBRIER ST APT 71,ARLINGTON,VA,22204,307-622-9550,Syed Faisal Ali Shah,Owner,NO,,Group — 6 locations (shared phone),261QU0200X,Urgent Care Center,2026-07-01,83,Yes
1083531057,OSL NPR OPERATING LLC,6120 CONGRESS ST,NEW PORT RICHEY,FL,34653,727-848-3617,Ayla Harwood,COO,NO,,Group — 4 locations (same owner),310400000X,Assisted Living Facility,2026-07-01,78,Yes
1811814882,HALLOWSTONE CHARLOTTE OPERATING LLC,18400 COCHRAN BLVD APT 106,PORT CHARLOTTE,FL,33948,941-548-7945,Ayla Harwood,COO,NO,,Group — 4 locations (same owner),310400000X,Assisted Living Facility,2026-07-01,78,Yes
1700703774,OSL BOYNTON BEACH OPERATING LLC,1935 S FEDERAL HWY APT 106,BOYNTON BEACH,FL,33435,561-736-2424,Ayla Harwood,COO,NO,,Group — 4 locations (same owner),310400000X,Assisted Living Facility,2026-07-01,78,Yes
1356268379,LEARNABILITY GROWS,2400 N 2ND ST STE 406,MINNEAPOLIS,MN,55411,612-283-1522,Kyle Pedroza,Tresurer,NO,,Standalone,251E00000X,Home Health,2026-07-01,79,Yes
1437076411,"J&J ASSISTED LIVING, LLC",1217 LANCE DR,SANTA ROSA,CA,95401,707-548-8176,Josephine Alcones,Manager,NO,,Standalone,310400000X,Assisted Living Facility,2026-07-01,78,Yes
1023935012,NM HOME HEALTHCARE LLC,7504 ESMAIL CT NE,ALBUQUERQUE,NM,87113,505-620-7279,Lilly Robertson,Owner,NO,,Standalone,251E00000X,Home Health,2026-07-01,80,Yes
1831016807,AURA BLOOM ASSISTED LIVING LLC,2745 RIGGS AVE,BALTIMORE,MD,21216,443-380-9691,Josetta Hill,Owner,NO,,Standalone,310400000X,Assisted Living Facility,2026-07-01,79,Yes
1003733064,SIAL ACQUISITION LLC,110 HENDERSON AVE,STATEN ISLAND,NY,10301,718-727-8100,Shia Rosenbaum,Officer,NO,,Standalone,251E00000X,Home Health,2026-07-01,80,Yes
1831016757,WILKINS SUPPORTIVE HANDS SERVICES LLC,2713 KNOLLWOOD TRL,EUSTIS,FL,32726,352-553-9277,Mynesha Wilkins,CEO,NO,,Standalone,251E00000X,Home Health,2026-07-01,79,Yes
1609793488,SCENIC MANOR 2 INC,2949 MORGAN LOOP,ANCHORAGE,AK,99516,971-269-9382,Rowena Jones,Administrator,NO,,Group — 2 locations (shared phone),310400000X,Assisted Living Facility,2026-07-01,78,Yes
1750208542,SCENIC MANOR 2 INC,2949 MORGAN LOOP,ANCHORAGE,AK,99516,971-269-9382,Rowena Jones,Administrator,NO,,Group — 2 locations (shared phone),310400000X,Assisted Living Facility,2026-07-01,78,Yes
1053238097,"SUMMERVILLE ENDOSCOPY SURGICENTER, LLC",328 MIDLAND PKWY,SUMMERVILLE,SC,29485,843-722-8000,David Mcknight,VP/CFO,NO,,Group — 2 locations (same owner),261QA1903X,Ambulatory Surgery Center,2026-07-01,81,Yes
1831016831,VISAMO HOME HEALTH CARE AGENCY,227 CHILTON WAY,FAIRLESS HILLS,PA,19030,657-293-5668,Priyanka Patel,President,NO,,Standalone,251E00000X,Home Health,2026-07-01,80,Yes
1962329060,CHARITI HELPING HANDS,1084 W ASHLAND AVE,GLENOLDEN,PA,19036,404-274-3144,Lamaika Gustama,Owner,NO,,Standalone,251E00000X,Home Health,2026-07-01,80,Yes
1689591661,NEXT FILER LLC,11047 SW 16TH MNR,DAVIE,FL,33324,307-622-9550,Muhammad Muheet,Owner,NO,,Group — 6 locations (shared phone),261QU0200X,Urgent Care Center,2026-07-01,82,Yes
1821915752,MRSH BELLE FOURCHE LLC,2200 13TH AVE,BELLE FOURCHE,SD,57717,605-892-3331,Alicia Cepeda,Senior Legal/Risk Manager,NO,,Group — 42 locations (same owner),314000000X,Skilled Nursing Facility,2026-07-01,78,Yes
1407773500,JJHSUPPORT,5480 ROTHERMUND DR,CANAL WINCHESTER,OH,43110,614-787-4916,Joseph Hair,Admin.,NO,,Standalone,251E00000X,Home Health,2026-07-01,80,Yes
1437076494,INFINITE ELITE CARE LLC.,3600 NEWTON AVE,CINCINNATI,OH,45207,513-827-4665,Carolyn Jeffries,CEO,NO,,Standalone,251E00000X,Home Health,2026-07-01,80,Yes
1750208740,SYNEXIS LAB AND DIAGNOSTICS LLC,7685 103RD ST STE 200,JACKSONVILLE,FL,32210,314-629-5794,Farooq Bajwa,Owner,NO,,Standalone,291U00000X,Clinical Medical Laboratory,2026-07-01,81,Yes
1316864390,INOVA TECHNOLOGIES LLC,11047 SW 16TH MNR,DAVIE,FL,33324,307-622-9550,Muhammad Muheet,owner,NO,,Group — 6 locations (shared phone),261QU0200X,Urgent Care Center,2026-07-01,82,Yes
1023935905,ANGELS OASIS CLHF LLC,12018 SARAH ST,VALLEY VILLAGE,CA,91607,323-284-2061,Alvin Uy,Owner,NO,,Standalone,310400000X,Assisted Living Facility,2026-07-01,78,Yes
1043137037,BOOST AT HOME LLC,6971 W CEDARWOOD CIR,MCCORDSVILLE,IN,46055,463-777-2855,Andrew Thrall,Owner,NO,,Standalone,251E00000X,Home Health,2026-07-01,79,Yes
1093632879,BROWN AND BURNS ELITE HEALTHCARE AND TRANSPORTATION LLC,918 LLOYD RD,WICKLIFFE,OH,44092,440-553-3480,Shalonda Brown,Administrator,NO,,Standalone,251E00000X,Home Health,2026-07-01,80,Yes
1245157387,TRUE WELLNESS SURGICAL INC,435 N ROXBURY DR STE 107,BEVERLY HILLS,CA,90210,424-652-8801,Sejal Patel,Owner,NO,,Group — 2 locations (same owner),261QA1903X,Ambulatory Surgery Center,2026-06-30,81,Yes
1356268486,EMPERIAL HOME HEALTH CARE INC,1905 W SPRUCE ST,TAMPA,FL,33607,813-997-8374,Jerel Fussell,Owner,NO,,Standalone,251E00000X,Home Health,2026-06-30,80,Yes
1992622112,MARTHA'S LOVING HANDS PERSONAL CARE AGENCY LLC,8645 N 73RD ST,MILWAUKEE,WI,53223,414-349-8273,Keyana Danner,Proivder,NO,,Standalone,251E00000X,Home Health,2026-06-30,81,Yes
1538086731,GOLDEN SPRINGS HOMECARE LLC,1966 MAIN ST,EAST HARTFORD,CT,06108,862-318-2922,Natania Williams-Wright,MANAGER,NO,,Standalone,251E00000X,Home Health,2026-06-30,80,Yes
1467379503,CONNECT EFFECT HEALTHCARE SOLUTIONS LLC,160 NW 176TH ST STE 306,MIAMI GARDENS,FL,33169,561-565-1236,Rashida Biggs,"Owner, CFO",NO,,Standalone,251E00000X,Home Health,2026-06-30,80,Yes
1508783796,ANM COLORADO LLC,7535 E HAMPDEN AVE STE 400,DENVER,CO,80231,845-548-7800,Mordechai Schwab,Administrator,NO,,Group — 3 locations (shared phone),251E00000X,Home Health,2026-06-30,80,Yes
1972420081,MUNSTER AMBULATORY SURGERY CENTER LLC,9410 CALUMET AVE STE 304,MUNSTER,IN,46321,219-389-2243,Edward Kowlowitz,Owner,NO,,Standalone,261QA1903X,Ambulatory Surgery Center,2026-06-30,82,Yes
1184541245,1102 RIVER RD TX15 OPCO LLC,1102 RIVER RD,BOERNE,TX,78006,830-299-2799,Josef Neuman,Manager,NO,,Standalone,314000000X,Skilled Nursing Facility,2026-06-30,79,Yes
1457278673,SINGING RIVER SURGERY CENTER LLC,103 HELTON CT,FLORENCE,AL,35630,256-760-0672,Hope Craft,Chief Administrative Officer,NO,,Standalone,261QA1903X,Ambulatory Surgery Center,2026-06-30,81,Yes
1104743244,AMAZING GLORY HOME CARE LLC,3022 JAVIER RD STE 124,FAIRFAX,VA,22031,703-891-2147,Hellen Osano,ADMINISTRATOR,NO,,Standalone,251E00000X,Home Health,2026-06-30,81,Yes
1255258364,AMORUSO CARE HOME,4649 PLANTATION DR,FAIR OAKS,CA,95628,916-475-7261,Titiana Chira,Administrator,NO,,Standalone,310400000X,Assisted Living Facility,2026-06-30,79,Yes
1548187727,CORNERSTONE RESIDENTIAL LIVING GOSHEN,30585 DELANCY RD,VISALIA,CA,93291,559-731-8618,Vincent Falcone,CEO,NO,,Standalone,310400000X,Assisted Living Facility,2026-06-30,79,Yes
1710804851,"TRUE DNA DIAGNOSTIC, LLC",3461 ROCKMILL DR STE 440,ELLENWOOD,GA,30294,903-722-3123,Makesha Mcclenton,Owner/CEO,NO,,Standalone,291U00000X,Clinical Medical Laboratory,2026-06-30,82,Yes
1124945258,HIDDEN HARBORS NURSING LLC,31601 HARPER AVE,SAINT CLAIR SHORES,MI,48082,734-636-4000,Lamont Jones,Manager,NO,,Standalone,310400000X,Assisted Living Facility,2026-06-30,80,Yes
1275450421,NOOR HAVEN INC,3265 W SARAZENS CIR STE 204C,MEMPHIS,TN,38125,469-918-1892,Mishara Boyd,owner,NO,,Standalone,251E00000X,Home Health,2026-06-30,81,Yes
1710804877,"HOME HELPERS HOME CARE OF HAVERHILL, MA",35 4TH AVE,HAVERHILL,MA,01830,617-401-6896,Alma Khan,Owner Operator,NO,,Standalone,251E00000X,Home Health,2026-06-30,80,Yes
1881511939,MINA'S SENIOR LIVING LLC,10163 DORMER WAY,ELK GROVE,CA,95757,916-776-7060,Mariatou Sisay,Licensee,NO,,Standalone,310400000X,Assisted Living Facility,2026-06-30,79,Yes
1902723299,8 COLONIAL DRIVE WESTBOROUGH OPERATOR LLC,8 COLONIAL DR,WESTBOROUGH,MA,01581,516-537-8689,Ariel Erlichman,Owner,NO,,Standalone,314000000X,Skilled Nursing Facility,2026-06-30,78,Yes
1417874504,VERIFY DIAGNOSTICS LLC,2200 RENAISSANCE BLVD STE 100,KING OF PRUSSIA,PA,19406,877-895-8658,Christopher Howlett,Chief Executive Officer,NO,,Standalone,291U00000X,Clinical Medical Laboratory,2026-06-30,83,Yes
1982521043,MARAVIDA SARASOTA MGT LLC,7130 BENEVA RD,SARASOTA,FL,34238,863-272-7386,Roberto Carebetta,MANAGING MEMBER,NO,,Group — 2 locations (shared phone),310400000X,Assisted Living Facility,2026-06-30,80,Yes
1639096753,SGBRC LLC,24596 DARDANIA AVE,MISSION VIEJO,CA,92691,949-637-0295,Albert Dahbour,Licensee,NO,,Standalone,310400000X,Assisted Living Facility,2026-06-30,79,Yes
1225955461,NOVA MEDICAL DIAGNOSTIC PRACTICE PLLC,8746 168TH PL FL 1,JAMAICA,NY,11432,718-206-2688,Rabeya Chowdhury,Doctor,YES,New Life Medical Services Pc,Part of group: New Life Medical Services Pc,291U00000X,Clinical Medical Laboratory,2026-06-30,83,Yes
1164349213,MARAVIDA ORANGE CITY MGT LLC,202 STRAWBERRY OAKS DR,ORANGE CITY,FL,32763,386-878-4374,Roberto Carebetta,MANAGING MEMBER,NO,,Group — 4 locations (same owner),310400000X,Assisted Living Facility,2026-06-30,79,Yes
1114844297,MOVAL HEALTHCARE CENTER CORPORATION,24859 BRODIAEA AVE,MORENO VALLEY,CA,92553,424-247-5083,Cesar Chavez,OWNER,NO,,Standalone,314000000X,Skilled Nursing Facility,2026-06-30,78,Yes
1265359434,"COUNTRY WALK CARE, LLC",14621 SW 143RD PLACE CIR,MIAMI,FL,33186,305-542-2664,Michel Martinez Menendez,Owner,NO,,Standalone,310400000X,Assisted Living Facility,2026-06-30,79,Partial
1619894763,MARAVIDA LAKELAND MGT LLC,605 CARPENTERS WAY,LAKELAND,FL,33809,863-272-7386,Roberto Carebetta,MANAGING MEMBER,NO,,Group — 2 locations (shared phone),310400000X,Assisted Living Facility,2026-06-30,79,Yes
1154248474,GRACEFUL HOME CARE LLC,1614 E MAIN ST STE C,NEW IBERIA,LA,70560,337-251-5630,Calmesha Colar,Owner/ Director,NO,,Standalone,291U00000X,Clinical Medical Laboratory,2026-06-30,83,Yes
1992622047,MARAVIDA BRANDON MGT LLC,824 N PARSONS AVE,BRANDON,FL,33510,813-413-6924,Roberto Carebetta,MANAGING MEMBER,NO,,Group — 4 locations (same owner),310400000X,Assisted Living Facility,2026-06-30,79,Yes
1306763560,AMC HOME CARE SERVICES LLC,1919 E TILLMAN RD,FORT WAYNE,IN,46816,260-431-9177,Su Bai,Owner,NO,,Standalone,251E00000X,Home Health,2026-06-30,80,Yes
1770400897,SILVERCREST OF URBANA REHABILITATION & HEALTHCARE CENTER LLC,2380 S US HIGHWAY 68,URBANA,OH,43078,937-653-5291,Kevin Daubenmire,Medicare Authorized Official,NO,,Standalone,310400000X,Assisted Living Facility,2026-06-30,80,Yes
1922925155,NOVADX CLINICAL INC,99 NW 183RD ST STE 116,MIAMI GARDENS,FL,33169,786-332-8853,Julio Castro,owner,NO,,Standalone,291U00000X,Clinical Medical Laboratory,2026-06-30,82,Yes
1144147307,GUARDIAN DIAGNOSTICS LLC,4800 NW 2ND AVE STE 6,BOCA RATON,FL,33431,813-928-7939,Sue Kincer,BILLING MANGER,NO,,Group — 2 locations (shared phone),291U00000X,Clinical Medical Laboratory,2026-06-30,82,Yes
1073430120,NORTHERN LIGHTS LIVING LLC,1621 VASHON CIR,ANCHORAGE,AK,99515,907-538-5708,Myra Castrejon,Owner,NO,,Standalone,310400000X,Assisted Living Facility,2026-06-30,79,Yes
1932026051,WATERFORD SKILLED NURSING LLC,220 APPLEGROVE ST NE,NORTH CANTON,OH,44720,330-499-8341,Israel Feldheim,manager,YES,Waterford Skilled Nursing Llc,Part of group,310400000X,Assisted Living Facility,2026-06-30,80,Yes
1285551598,CONVENIENTMD - FFS UC LLC,40 WATERVILLE COMMONS DR UNIT 1B,WATERVILLE,ME,04901,207-352-2025,Rachel Castellez-Davidson,Medical Staffing Lead,NO,,Standalone,261QU0200X,Urgent Care Center,2026-06-30,83,Yes
1346167665,LABORATORY SERVICES OF TEXAS LLC DBA PILLARSDX,11301 FALLBROOK DR STE 102D,HOUSTON,TX,77065,706-949-8976,Fern Johnson,Owner,NO,,Standalone,291U00000X,Clinical Medical Laboratory,2026-06-30,83,Yes
1881511962,POSEY'S HOME HEALTHCARE AGENCY,1425 ZARKER ST,HARRISBURG,PA,17104,717-648-2639,Moneque Winters Posey,CEO / Owner,NO,,Standalone,251E00000X,Home Health,2026-06-30,81,Yes
1396662425,NEOGENOMICS LABORATORIES INC,51 COLUMBIA,ALISO VIEJO,CA,92656,866-776-5907,Abhishek Jain,CFO,NO,,Standalone,291U00000X,Clinical Medical Laboratory,2026-06-30,82,Yes
1649197765,CIM HOME CARE LLC,1000 S MICHIGAN AVE APT 506,CHICAGO,IL,60605,872-352-5824,Alicia Slaughter,owner,NO,,Standalone,251E00000X,Home Health,2026-06-30,80,Yes
1629994991,T-JA ENTERPRISE LLC,107 SANDPIPER DR,VALLEJO,CA,94589,707-803-0654,Rogie Mallari,Managing Owner,YES,T-Ja Enterprise Llc,Part of group,310400000X,Assisted Living Facility,2026-06-29,80,Yes
1972429447,CODELOGIC LLC,117 S LEXINGTON ST STE 100,HARRISONVILLE,MO,64701,816-793-0550,Nasir Mehmood,Owner,NO,,Standalone,261QU0200X,Urgent Care Center,2026-06-29,84,Yes
1962328260,DIVINE LIVING LLC,1303 S FRONTAGE RD # 171,HASTINGS,MN,55033,651-203-8772,Carissa Ozangar,Chief Financial Officer,NO,,Standalone,251E00000X,Home Health,2026-06-29,81,Yes
1568388874,GAYLE HOMECARE,2222 W GRAND RIVER AVE STE A,OKEMOS,MI,48864,518-217-8761,Jennifer Mcleggan,OWNER,NO,,Standalone,251E00000X,Home Health,2026-06-29,81,Yes
1578489001,SYNERGY WJ LLC,5449 S SEMORAN BLVD STE 234,ORLANDO,FL,32822,407-432-2515,Shelly-Ann Wint,CEO/DON,NO,,Standalone,251E00000X,Home Health,2026-06-29,81,Yes
1073439543,INDEPENDENCE AT HOME GEORGIA,3293 STONE MOUNTAIN HWY STE G-28,SNELLVILLE,GA,30078,215-764-9676,Tianna Dukes,CEO,NO,,Standalone,251E00000X,Home Health,2026-06-29,81,Yes
1801712351,HLNB OPERATIONS LLC,6101 NORMAL BLVD,LINCOLN,NE,68506,402-489-7175,Brian Gopin,Authorized Signatory,NO,,Standalone,314000000X,Skilled Nursing Facility,2026-06-29,79,Yes
1700702297,ALDERSTONE LLC,117 S LEXINGTON ST STE 100,HARRISONVILLE,MO,64701,816-884-9444,Arthur Clements,OWNER,NO,,Group — 2 locations (shared phone),261QU0200X,Urgent Care Center,2026-06-29,84,Yes
1992621429,CEDAR FALLS OPCO LLC,1728 W 8TH ST,CEDAR FALLS,IA,50613,319-277-2437,Brantley Shattuck,MANAGING PARTNER,NO,,Group — 2 locations (same owner),314000000X,Skilled Nursing Facility,2026-06-29,79,Yes
1164349429,ONE TOUCH HOME HEALTH AGENCY LLC,236 IVY CHASE LOOP,DALLAS,GA,30157,770-885-0391,Judith Ugorji,Organizer,NO,,Standalone,251E00000X,Home Health,2026-06-29,81,Yes
1083531339,TIDECREST HOME HEALTH PARTNERS LLC,4214 INDIAN RIVER RD STE E,CHESAPEAKE,VA,23325,757-867-0135,Tyniqua Rowe,Owner,NO,,Standalone,251E00000X,Home Health,2026-06-29,82,Yes
1407772932,OSAGE OPCO LLC,830 S 5TH ST,OSAGE,IA,50461,641-732-5520,Brantley Shattuck,MANAGING PARTNER,NO,,Group — 2 locations (same owner),314000000X,Skilled Nursing Facility,2026-06-29,79,Yes
1174449664,NEW ANGLE HOMES LLC,8454 S WOLCOTT AVE,CHICAGO,IL,60620,708-513-1168,Sedrick Mickey,Manager,NO,,Standalone,251E00000X,Home Health,2026-06-29,81,Yes
1073430336,IC NURSING SERVICES INC,1601 N PALM AVE STE 306C,PEMBROKE PINES,FL,33026,954-589-5079,Iliana Camejo,OWNER,YES,Ic Nursing Services Inc,Part of group,251E00000X,Home Health,2026-06-29,81,Yes
1427974997,ANGELS ON EARTH LLC,3489 N 76TH ST STE 111,MILWAUKEE,WI,53222,414-451-6296,Gloria Baxter,Program Administrator,NO,,Standalone,251E00000X,Home Health,2026-06-29,82,Yes
1538085816,ADVANCED PATHWAYS HOMECARE LLC,7905 W APPLETON AVE STE 104,MILWAUKEE,WI,53218,414-651-3634,Latrisa Giles,CEO,NO,,Standalone,251E00000X,Home Health,2026-06-29,82,Yes
1285550657,TAILORED IN GRACE LLC,3538 VALLESTON PKWY APT 2,TOLEDO,OH,43607,419-340-9530,Taylor Grace,Owner,NO,,Standalone,251E00000X,Home Health,2026-06-29,81,Yes
1609793967,APEX HOME CARE SERVICES,18958 KENTUCKY ST,DETROIT,MI,48221,704-965-0549,Akoh Anyangwe,C.E.O,NO,,Standalone,251E00000X,Home Health,2026-06-29,81,Yes
1700703055,VITALITY HEALTH CARE,535 MORRIS AVE STE 3,SPRINGFIELD,NJ,07081,908-376-9384,Stephanie Wahad,owner,YES,Vitality Health Care,Part of group,251E00000X,Home Health,2026-06-29,82,Yes
1659297950,HEALING AND HARMONY HOME CARE LLC,931 S SEMORAN BLVD STE 214,WINTER PARK,FL,32792,570-688-8490,Erami Wilson,Owner,NO,,Standalone,251E00000X,Home Health,2026-06-29,81,Yes
1427974864,LIVONIA SNF OPCO LLC,28550 FIVE MILE RD,LIVONIA,MI,48154,734-427-8270,Nicholas Destefane,President,NO,,Group — 47 locations (same owner),314000000X,Skilled Nursing Facility,2026-06-29,79,Yes
1992621338,FLUSHING SNF OPCO LLC,540 SUNNYSIDE DR,FLUSHING,MI,48433,810-659-5695,Nicholas Destefane,President,NO,,Group — 47 locations (same owner),314000000X,Skilled Nursing Facility,2026-06-29,79,Yes
1871419200,BATTLE CREEK SNF OPCO LLC,200 ROOSEVELT AVE E,BATTLE CREEK,MI,49037,269-965-3327,Nicholas Destefane,President,NO,,Group — 47 locations (same owner),314000000X,Skilled Nursing Facility,2026-06-29,79,Yes
1538085915,TRUE CARE LLC,9932 10TH AVE SW UNIT 103,SEATTLE,WA,98106,206-822-5105,Mahad Ali,CEO,NO,,Standalone,251E00000X,Home Health,2026-06-29,82,Yes
1215853585,INNOVEXA LAB LLC,4344 ALDERNY PL,HIGH POINT,NC,27265,346-396-1252,Muhammad Usman,MD,NO,,Group — 41 locations (shared phone),291U00000X,Clinical Medical Laboratory,2026-06-29,84,Yes
1740106269,MICHIGAN PEDIATRIC SURGERY CENTER PC,28815 8 MILE RD,LIVONIA,MI,48152,313-701-4723,Hassan Oueis,Dental Director,NO,,Standalone,261QA1903X,Ambulatory Surgery Center,2026-06-29,83,Yes
1831015171,SARA MEDEICAL SUPPLIES,30 N GOULD ST STE N,SHERIDAN,WY,82801,713-766-2796,Mary Holbrook,CEO,NO,,Group — 2 locations (shared phone),291U00000X,Clinical Medical Laboratory,2026-06-29,84,Yes
1316863673,"CLAIREMONT MANAGEMENT SERVICES, LLC",6052 BROOKLYN AVE,SAN DIEGO,CA,92114,619-827-1886,Zhike Pruett,Owner,YES,Caring Home Care,Part of group: Caring Home Care,310400000X,Assisted Living Facility,2026-06-29,80,Yes
1043136591,THIS TOO SHALL PASS FAVORS TRANSITIONAL HOUSING LLC,4608 BUNDYHILL DR,AUSTIN,TX,78723,512-748-4288,Zakura Favors,Owner,NO,,Standalone,310400000X,Assisted Living Facility,2026-06-29,81,Yes
1184540619,LES MUMININ LLC,5479 IMPERIAL AVE APT 4,SAN DIEGO,CA,92114,619-765-8094,Knylarie Mathis,Managing Member,NO,,Standalone,251E00000X,Home Health,2026-06-29,81,Yes
1902722390,"NORTH CAROLINA INTERVENTIONAL PAIN - B, LLC",701 PINER RD STE 120A,WILMINGTON,NC,28409,770-962-3642,Amit Patel,CEO,NO,,Group — 2 locations (shared phone),261QA1903X,Ambulatory Surgery Center,2026-06-29,83,Yes
1194641456,AVYA DIAGNOSTICS LLC,11301 FALLBROOK DR STE 120,HOUSTON,TX,77065,281-653-9211,Daniel Milan,AUTHORIZED OFFICIAL,NO,,Standalone,291U00000X,Clinical Medical Laboratory,2026-06-29,84,Yes
1346166857,THE FEET WASHERS,118 N 9TH ST,FORT PIERCE,FL,34950,772-971-6129,Erna Julien,Owner,NO,,Standalone,251E00000X,Home Health,2026-06-29,81,Yes
1457277899,FLUSHING OPCO LLC,640 SUNNYSIDE DR,FLUSHING,MI,48433,810-487-0045,Nicholas Destefane,President,NO,,Group — 47 locations (same owner),310400000X,Assisted Living Facility,2026-06-29,81,Yes
1841116399,"PRECISION SCREENING SERVICES, LLC",1156 POMONA RD,CLEVELAND HEIGHTS,OH,44121,216-236-8343,Diamond Phillips,Owner,NO,,Standalone,291U00000X,Clinical Medical Laboratory,2026-06-29,84,Yes
1316863749,STAR LABS OF TEXAS LLC,2720 E YANDELL DR STE 100,EL PASO,TX,79903,915-202-9530,Meghan Arriola,CEO,NO,,Standalone,291U00000X,Clinical Medical Laboratory,2026-06-29,84,Yes
1790601268,ALDERSTONE LLC,117 S LEXINGTON ST STE 100,HARRISONVILLE,MO,64701,816-884-9444,Arthur Clements,Owner,NO,,Group — 2 locations (shared phone),291U00000X,Clinical Medical Laboratory,2026-06-29,84,Yes
1659297158,RELENTLESS SCREENING AND SOLUTIONS,8128 S POLK ST,DALLAS,TX,75232,972-750-0392,Lateasha Pippens,owner,NO,,Standalone,291U00000X,Clinical Medical Laboratory,2026-06-29,84,Yes
1962328229,PIMS MEDICAL CENTER,30 N GOULD ST STE N,SHERIDAN,WY,82801,713-766-2796,Mary Holbrook,ceo,NO,,Group — 2 locations (shared phone),291U00000X,Clinical Medical Laboratory,2026-06-29,84,Yes
1750207221,MIRACLEHANDS LLC,216 ORTEGA AVE,BRIDGEPORT,CT,06606,203-572-7187,Carmen Otero,owner,NO,,Standalone,251E00000X,Home Health,2026-06-27,83,Yes
1396661864,COMFORT AT HOME CARE LLC,8631 HOPEWELL CT,CAMBY,IN,46113,463-327-7921,Chrislene Petit,Owner,NO,,Standalone,251E00000X,Home Health,2026-06-27,83,Yes
1376469916,REVA DIAGNOSTICS LLC,4099 MCEWEN RD STE 132,DALLAS,TX,75244,813-928-7939,Sue Kincer,BILLING MANAGER,NO,,Group — 2 locations (shared phone),291U00000X,Clinical Medical Laboratory,2026-06-27,86,Yes
1467378091,DIAMOND CHOICE HOME HEALTH CARE INC,17070 COLLINS AVE STE 260,SUNNY ISLES BEACH,FL,33160,310-402-3454,Faina Neveleva,President,NO,,Group — 2 locations (shared phone),251E00000X,Home Health,2026-06-27,83,Yes
1558287185,DIAMOND CHOICE HOME CARE INC,17070 COLLINS AVE STE 260,SUNNY ISLES BEACH,FL,33160,310-402-3454,Faina Neveleva,President,NO,,Group — 2 locations (shared phone),251E00000X,Home Health,2026-06-27,83,Yes
1780500249,AMBIENCE HOME HEALTH CARE,1600 SACRAMENTO INN WAY STE 217,SACRAMENTO,CA,95815,916-414-8833,Harmanpreet Singh,CEO/Administrator,NO,,Standalone,251E00000X,Home Health,2026-06-27,83,Yes
1023934593,FAITHFUL HAVEN HOMECARE LLC,20800 SOUTHFIELD RD STE 330120,SOUTHFIELD,MI,48075,586-588-4290,Rachel Degreef,CEO,NO,,Standalone,251E00000X,Home Health,2026-06-27,83,Yes
1851217327,LILY OF THE VALLEY LLC,8934 GRENADIER AVE S,COTTAGE GROVE,MN,55016,952-846-7885,Ifeoma Amaikwu-Cley,Owner,NO,,Standalone,314000000X,Skilled Nursing Facility,2026-06-27,81,Yes
1437075082,EVERGRACE HOME CARE LLC,10450 SW WATERWAY LN,PORT ST LUCIE,FL,34987,772-249-1634,Elizabeth Joseph Ortega,Administrator,NO,,Standalone,251E00000X,Home Health,2026-06-27,83,Yes
1134045750,TOMOKA RIVER HOLDINGS LLC,4445 PINE FOREST DR,GREENACRES,FL,33463,858-798-5700,Jeffrey Dana,CFO,NO,,Group — 4 locations (shared phone),314000000X,Skilled Nursing Facility,2026-06-26,82,Yes
1528984267,GOOD SHEPHERD ALF LLC,2290 WRIGHT ST,BLAIR,NE,68008,402-426-3586,David Insel,Manager,NO,,Group — 4 locations (same owner),310400000X,Assisted Living Facility,2026-06-26,84,Yes
1053237701,NHP SERVICES INC,45 FRIENDLY RD,HICKSVILLE,NY,11801,878-285-0244,Warda Abbasi,Owner,NO,,Group — 2 locations (shared phone),291U00000X,Clinical Medical Laboratory,2026-06-26,87,Yes
1336065952,ELEVATE RESIDENTIAL LIVING,5206 BELLEVILLE AVE,BALTIMORE,MD,21207,443-955-1081,Natasha Jacobs,Owner,NO,,Standalone,310400000X,Assisted Living Facility,2026-06-26,84,Yes
1598681231,"SAFE HANDS SKILLED SERVICES, INC",18340 VENTURA BLVD STE 225,TARZANA,CA,91356,818-745-5128,Artur Kocharyan,CEO,NO,,Standalone,251E00000X,Home Health,2026-06-26,84,Yes
1326964941,WEKIVA RIVER HOLDINGS LLC,440 PHIPPEN WAITERS RD,DANIA,FL,33004,858-798-5700,Jeffrey Dana,CFO,NO,,Group — 4 locations (shared phone),314000000X,Skilled Nursing Facility,2026-06-26,82,Yes
1538085139,SKIPPERS CARE SERVICES,3106 LUMAR DR,FORT WASHINGTON,MD,20744,301-661-9231,James Skipper,House Manager/CEO,NO,,Standalone,310400000X,Assisted Living Facility,2026-06-26,84,Yes
1518883222,AWONDERFUL HOMECARE AGENCY LLC,605 HOWELL ST STE 1A,GREENVILLE,NC,27834,252-341-1115,Tijaquania Gardner,Director,NO,,Standalone,251E00000X,Home Health,2026-06-26,84,Yes
1023934759,CONTINENTAL CARE ALF LLC,3200 G ST,SOUTH SIOUX CITY,NE,68776,402-494-3043,David Insel,Medicare Authorized Official,NO,,Group — 2 locations (shared phone),310400000X,Assisted Living Facility,2026-06-26,84,Yes
1427974286,"GOLDEN HOUR HOME CARE, LLC",1115 LAWTON PL SW,ATLANTA,GA,30310,404-960-1478,Dylan Mccrary,Owner,NO,,Standalone,251E00000X,Home Health,2026-06-26,84,Yes
1588580161,ABQ SENIOR CARE LLC,2626 SAN PEDRO DR NE,ALBUQUERQUE,NM,87110,505-456-6060,Ana Molina,Office Manager,NO,,Standalone,251E00000X,Home Health,2026-06-26,85,Yes
1861318537,LEV & LIFE LLC,4539 N 22ND ST STE 29715,PHOENIX,AZ,85016,470-982-8071,Ali Bahadur,Owner,NO,,Standalone,291U00000X,Clinical Medical Laboratory,2026-06-26,86,Yes
1790601318,LAKE CATHERINE HOLDINGS LLC,190 NE 191ST ST,MIAMI,FL,33179,858-798-5700,Jeffrey Dana,CFO,NO,,Group — 4 locations (shared phone),314000000X,Skilled Nursing Facility,2026-06-26,82,Yes
1043136716,AGAPECARE SERVICES LLC,6112 LEE AVE N,BROOKLYN CENTER,MN,55429,610-202-6770,Penninah Obwaya,RN/BSN LALD,NO,,Standalone,310400000X,Assisted Living Facility,2026-06-26,84,Yes
1255257929,"PEARL HOUSE ALF, LLC",2083 S FLORIDA MANGO RD,WEST PALM BEACH,FL,33406,561-469-9479,Rhoenna Campbell-Robinson,CEO / Founder,NO,,Standalone,310400000X,Assisted Living Facility,2026-06-26,84,Yes
1992621577,SEVEN HAVEN LL LLC,6456 E ORION ST,MESA,AZ,85215,480-985-4821,Katelyn Aiello,Owner,NO,,Standalone,310400000X,Assisted Living Facility,2026-06-26,83,Yes
1255257952,LINDA HOME HELP LLC,45658 UTICA GRN W,SHELBY TWP,MI,48317,586-488-7816,Linda Zahrah,member,NO,,Standalone,251E00000X,Home Health,2026-06-26,84,Yes
1730005463,GOOD SHEPHERD OPCO LLC,2242 WRIGHT ST,BLAIR,NE,68008,402-426-4663,David Insel,Medicare Authorized Official,NO,,Group — 4 locations (same owner),314000000X,Skilled Nursing Facility,2026-06-26,82,Yes
1437075181,NHP SERVICES INC,45 FRIENDLY RD,HICKSVILLE,NY,11801,878-285-0244,Warda Abbasi,Owner,NO,,Group — 2 locations (shared phone),261QU0200X,Urgent Care Center,2026-06-26,87,Yes
1871419507,CONTINENTAL CARE OPCO LLC,3200 G ST,SOUTH SIOUX CITY,NE,68776,402-494-3043,David Insel,Medicare Authorized Official,NO,,Group — 2 locations (shared phone),314000000X,Skilled Nursing Facility,2026-06-26,82,Yes
1194641969,ELITE HOME HELP AGENCY LLC,32118 CLAEYS DR,WARREN,MI,48093,347-744-4705,Mohammad Ruhel,OWNER,NO,,Standalone,251E00000X,Home Health,2026-06-26,84,Yes
1043136740,RESTORATIVE ROOTS HOME HEALTH SERVICES,7477 N 86TH ST,MILWAUKEE,WI,53224,414-334-9452,Amber Willis,Administrator,NO,,Standalone,251E00000X,Home Health,2026-06-26,85,Yes
1609792332,SP SUNRISE SEVERNA PARK OPCO LLC,134 RITCHIE HWY,PASADENA,MD,21122,667-644-2500,Melissa Priest,Executive Director,NO,,Standalone,310400000X,Assisted Living Facility,2026-06-26,84,Yes
1417873274,GOLDEN AGE COMPANIONS HOME CARE LLC,3412 VAN BUREN ST,INDIANAPOLIS,IN,46203,317-345-8362,Janae Robinson,Owner,NO,,Standalone,251E00000X,Home Health,2026-06-26,84,Yes
1386560985,GENEROUS LOVE HOME CARE LLC,3302 N DREXEL AVE,INDIANAPOLIS,IN,46218,463-230-5457,Crystal Jackson,owner,NO,,Standalone,251E00000X,Home Health,2026-06-26,84,Yes
1730005513,DISTINCTIVE HOME CARE SERVICES LLC,533 RIDGELAND CIR APT 533,SAINT CHARLES,MO,63304,636-275-4239,Canaan Coakley,Owner,NO,,Standalone,251E00000X,Home Health,2026-06-26,84,Yes
1043136724,YOU FIRST CARE LLC,7381 114TH AVE,LARGO,FL,33773,229-421-1882,Katye Wheeler,Administrator,NO,,Standalone,251E00000X,Home Health,2026-06-26,84,Yes
1982520938,CHARMING RESIDENCE CARE,772 S ACACIA AVE,RIALTO,CA,92376,909-681-8838,Mohammad Awad,CEO,NO,,Standalone,310400000X,Assisted Living Facility,2026-06-25,84,Yes
1477479269,PRN NURSE AT YOUR SERVICE,16 THOMAS PATTEN DR UNIT 927,RANDOLPH,MA,02368,339-215-9991,Lourdine Lambre,Owner,NO,,Standalone,251E00000X,Home Health,2026-06-25,85,Yes
1558287466,OPEN ARMS SERVICES LLC,4425 W ROME BLVD UNIT 104,NORTH LAS VEGAS,NV,89084,424-222-3754,Diane Johnson,Owner,NO,,Standalone,251E00000X,Home Health,2026-06-25,86,Yes
1790601649,CHERISHED MOMENTS LIVING,28125 BAKERTON AVE,CANYON COUNTRY,CA,91351,818-445-9195,Marina Acobiance,CEO,NO,,Standalone,310400000X,Assisted Living Facility,2026-06-25,84,Yes
1356267140,"FAMILY LIFE HOME AND HEALTH CARE SERVICES, LLC",1901 FULTON RD NW,CANTON,OH,44709,330-936-8338,Angelina Moody,CEO/Owner,NO,,Standalone,251E00000X,Home Health,2026-06-25,86,Yes
1437075272,DEVOTED CARE LIVING LLC,2833 BRAKLEY DR STE A,BATON ROUGE,LA,70816,225-444-5638,Naquial Tolliver,Owner,NO,,Standalone,251E00000X,Home Health,2026-06-25,85,Yes
1588580468,"BAYADA HOME HEALTH CARE, INC.",1016 COLLIER CENTER WAY STE 206,NAPLES,FL,34110,239-438-4400,Bryony Winn,CEO,YES,"Bayada Home Health Care, Inc.",Part of group,251E00000X,Home Health,2026-06-25,85,Yes
1689590572,HARMONICS CARE CONSULTANTS LLC,1112 4TH AVE N,BESSEMER,AL,35020,205-756-1697,Deangela Brown,Owner,NO,,Standalone,251E00000X,Home Health,2026-06-25,85,Yes
1053237891,PRESTIGE MEDICAL CLINIC AND URGENT CARE INC,2219 S MOUNTAIN AVE,ONTARIO,CA,91762,833-755-2273,Emy Oduro-Burton,CEO,NO,,Group — 2 locations (shared phone),261QU0200X,Urgent Care Center,2026-06-25,88,Yes
1942126768,GOLDEN SWAN BY THE LAKE,17331 SPRING TREE LN,BOCA RATON,FL,33487,954-867-8080,Katya Vuscan,Administrator,NO,,Standalone,310400000X,Assisted Living Facility,2026-06-25,84,Yes
1629994439,"SOUTH CAROLINA INTERVENTIONAL PAIN - E, LLC",341 W EVANS ST STE 102,FLORENCE,SC,29501,770-962-3642,Amit Patel,CEO,NO,,Group — 2 locations (shared phone),261QA1903X,Ambulatory Surgery Center,2026-06-25,87,Yes
1699691691,COMMUNITY SURGERY CENTER WESTFIELD LLC,19900 EAST ST STE 2200,WESTFIELD,IN,46074,463-622-5350,Terri Wealing,"Executive Director, Revenue Cycle",NO,,Standalone,261QA1903X,Ambulatory Surgery Center,2026-06-25,87,Yes
1275459166,TRIBALIGHTS TT LLC,4001 OFFICE COURT DR STE 1007,SANTA FE,NM,87507,310-721-4398,Phoenix Germano,Owner,NO,,Standalone,291U00000X,Clinical Medical Laboratory,2026-06-25,88,Yes
1922924745,APEX CLINICAL LABORATORY INC,7100 EUCLID AVE STE 142,CLEVELAND,OH,44103,425-499-8375,Mahad Shakil,Owner,NO,,Group — 2 locations (shared phone),291U00000X,Clinical Medical Laboratory,2026-06-25,88,Yes
1568388403,T.E.E FAMILY AFFAIR MINISTRY INC,7323 GREENLY DR,OAKLAND,CA,94605,510-992-9660,Trena Burton,President,NO,,Standalone,310400000X,Assisted Living Facility,2026-06-25,84,Yes
1710803770,EXODUS SURGICAL CENTER LLC,41990 COOK ST STE F1003,PALM DESERT,CA,92211,760-565-5545,Sophia Hase,Director of Operations,NO,,Standalone,261QA1903X,Ambulatory Surgery Center,2026-06-25,86,Yes
1194641043,VALLEY MANOR BOARD AND CARE INC,19238 ARMINTA ST,RESEDA,CA,91335,747-210-9070,Levon Torosyan,Co-Owner,NO,,Standalone,310400000X,Assisted Living Facility,2026-06-25,84,Yes
1881510741,LANDMARK URGENT CARE MINOR EMERGENCY,6500 NORTH FWY STE 118,HOUSTON,TX,77076,832-683-0566,Bruce Rassoli,Authorized Agent,NO,,Standalone,261QU0200X,Urgent Care Center,2026-06-25,88,Yes
1336065333,ASPEN HEART HEALTHCARE INC.,8321 E ARIZONA PL,DENVER,CO,80247,720-338-3729,Zebiniso Mirsolieva,Administrator,NO,,Standalone,251E00000X,Home Health,2026-06-25,85,Yes
1487570347,POCAHONTAS OPERATING SNF LLC,105 COUNTRY CLUB RD,POCAHONTAS,AR,72455,732-646-7200,Esti Pruzansky,AR Director,NO,,Group — 2 locations (shared phone),314000000X,Skilled Nursing Facility,2026-06-25,83,Yes
1497671374,INTEGRATED GASTROENTEROLOGY CONSULTANTS SEACOAST PLLC,325 LAFAYETTE RD,SEABROOK,NH,03874,978-459-6737,Richard Tilson,OWNER,NO,,Standalone,261QA1903X,Ambulatory Surgery Center,2026-06-25,87,Yes
1437075371,"MILLENNIUM HEALTHCARE SERVICES, INC.",1800 30TH ST STE 105,BAKERSFIELD,CA,93301,818-493-9999,Arthur Tarlanian,CEO,YES,"Millennium Healthcare Services, Inc.",Part of group,251E00000X,Home Health,2026-06-25,85,Yes
1316863277,BRYANT OPERATING SNF LLC,22515 INTERSTATE 30,BRYANT,AR,72022,732-646-7200,Esti Pruzansky,AR Director,NO,,Group — 2 locations (shared phone),314000000X,Skilled Nursing Facility,2026-06-25,83,Yes
1972429009,SERENITY PATH LIVING LLC,1520 CONGRESS AVE,SAGINAW,MI,48602,616-309-3008,Daveshia Hibbler,Owner,NO,,Standalone,251E00000X,Home Health,2026-06-24,86,Yes
1487570669,GENTLE BREEZE AT RED CEDAR,11001 RED CEDAR DR,FRISCO,TX,75035,929-500-4954,Adaobi Nworka,Director,YES,Gentle Breeze Care Home Llc,Part of group: Gentle Breeze Care Home Llc,310400000X,Assisted Living Facility,2026-06-24,86,Yes
1629994645,WISE NEST HOME CARE LLC,3017 BOLLING WAY NE # UNITE259,ATLANTA,GA,30305,612-481-3963,Khadija Jama,Owner,NO,,Standalone,251E00000X,Home Health,2026-06-24,86,Yes
1780500876,AGAPE OHIO LLC,2762 HERMAN RD,HAMILTON,OH,45013,513-262-7383,Alacea Bullock,Owner,NO,,Standalone,251E00000X,Home Health,2026-06-24,87,Yes
1649196858,EMERGING PROFESSIONAL SOLUTIONS LLC,10333 HARWIN DR STE 480,HOUSTON,TX,77036,832-840-3793,Kimberly Whitfield,Director,NO,,Standalone,291U00000X,Clinical Medical Laboratory,2026-06-24,89,Yes
1881510071,TOLEDO SNF OPCO LLC,1011 N BYRNE RD,TOLEDO,OH,43607,419-536-7600,Nathan Steinmetz,CEO,NO,,Standalone,314000000X,Skilled Nursing Facility,2026-06-24,85,Yes
1336065416,CORNERSTONE CAREGIVERS LLC,275 INTERSTATE NORTH CIR SE STE 200,ATLANTA,GA,30339,917-318-5635,Candace Koerber,Managing Member,NO,,Standalone,251E00000X,Home Health,2026-06-24,86,Yes
1770409807,QUALITY LIFE SERVICES MERCER LLC,8221 LAMOR RD,MERCER,PA,16137,724-662-5860,Bonnie Lopiccolo,Director of revenue Cycle,YES,"Quality Life Services - Mercer, Llc","Part of group: Quality Life Services - Mercer, Llc",310400000X,Assisted Living Facility,2026-06-24,86,Yes
1801712849,SOUTH LIMESTONE HOSPITAL DISTRICT,300 HAPPY LN,HILLSBORO,TX,76645,254-582-8482,Larry Price,CEO,NO,,Standalone,314000000X,Skilled Nursing Facility,2026-06-24,85,Yes
1063338150,LABORATORY CORPORATION OF AMERICA,4592 LINDEN RD,ROCKFORD,IL,61109,815-873-6031,Evan Smith,VP,NO,,Group — 4 locations (same owner),291U00000X,Clinical Medical Laboratory,2026-06-24,88,Partial
1063338077,LEVITICUS HEALTH GROUP LLC,116 N BELLEVUE AVE STE 214,LANGHORNE,PA,19047,215-377-1089,Princess Sepoe,DIRECTOR,NO,,Standalone,251E00000X,Home Health,2026-06-24,87,Yes
1023934064,SARIEL STAFFING AGENCY,76 SUNNYSIDE ST,BOSTON,MA,02136,978-328-9309,Victor Ejigah,Manager,YES,Sariel Group Llc,Part of group: Sariel Group Llc,251E00000X,Home Health,2026-06-24,86,Yes
1275459224,VEMERA LAB LLC,1322 SPACE PARK DR STE A215,HOUSTON,TX,77058,832-919-2652,Sandya Maloth,President,NO,,Standalone,291U00000X,Clinical Medical Laboratory,2026-06-24,89,Yes
1740106939,BETZ HOMECARE,5444 CHARLES ST,PHILADELPHIA,PA,19124,267-690-8902,Betzada Jimenez Polonio,Owner,NO,,Standalone,251E00000X,Home Health,2026-06-24,87,Partial
1235055336,ASK JOY HEALTHCARE CONCIERGE LLC,333 W 41ST ST # 606,MIAMI BEACH,FL,33140,305-615-6133,Joy Meyerowitz,Owner,NO,,Standalone,251E00000X,Home Health,2026-06-24,86,Yes
1447176490,A SUITELIFE FOR ELDERS INC,2069 GILL PORT LN,WALNUT CREEK,CA,94598,925-895-4507,Rogue Marydith Castro,CEO,NO,,Standalone,310400000X,Assisted Living Facility,2026-06-24,85,Yes
1467378661,HIDDEN LAKE AL OPCO LLC,11728 HIDDEN LAKE DR,SAINT LOUIS,MO,63138,314-355-8833,Nicholas Destefane,President,NO,,Group — 2 locations (shared phone),310400000X,Assisted Living Facility,2026-06-24,86,Yes
1477479517,BAEZ CLINICAL LABORATORY INC.,27 CALLE MUNOZ RIVERA,YAUCO,PR,00698,787-856-0215,Silvia Baez,DIRECTOR,NO,,Standalone,291U00000X,Clinical Medical Laboratory,2026-06-24,89,Yes
1730005943,CEDARGATE AL OPCO LLC,2350 KANELL BLVD,POPLAR BLUFF,MO,63901,573-785-0188,Nicholas Destefane,President,NO,,Group — 2 locations (shared phone),310400000X,Assisted Living Facility,2026-06-24,86,Yes
1013833292,BARRETT VILLA,1601 GARRETSON AVE,CORONA,CA,92879,951-266-6299,Steven Barrett,Licensee Representative,NO,,Standalone,310400000X,Assisted Living Facility,2026-06-24,85,Yes
1093631251,RECEPTOR LABS,9539 HUFFMEISTER ROAD,HOUSTON,TX,77095,832-593-8100,Rakesh Patel,President-Owner,NO,,Standalone,291U00000X,Clinical Medical Laboratory,2026-06-24,89,Yes
1295651438,SAFE HAVEN HOME CARE SERVICES LLC,1930 BUTTERMILK RD,COTTONDALE,AL,35453,205-535-0933,Tifphnie Matthews,MANAGING MEMBER,NO,,Standalone,251E00000X,Home Health,2026-06-24,86,Yes
1285550210,CAR & MAR HOLDINGS LLC,15811 VIRGINIA AVE,BELLFLOWER,CA,90706,562-535-7649,Carlo Santa Ana,Owner & Operator,NO,,Standalone,310400000X,Assisted Living Facility,2026-06-24,85,Yes
1689590846,BRIGHTWAY CARE SERVICES LLC,1407 1/2 CHICAGO STREET,VALPARAISO,IN,46383,321-877-5659,Henry Uchekwe,Owner,NO,,Standalone,251E00000X,Home Health,2026-06-24,86,Yes
1902722952,SINCERE ANGELS HOME CARE SERVICES LLC,764 OLD YORK RD REAR,JENKINTOWN,PA,19046,215-978-9506,Angelique Marshall,Admin/ Co-Owner,NO,,Standalone,251E00000X,Home Health,2026-06-24,87,Yes
1679409023,"WALLOWA LIVING OPERATION, LLC",605 MEDICAL PKWY,ENTERPRISE,OR,97828,541-426-5311,Carl Mason,President & CEO,NO,,Standalone,310400000X,Assisted Living Facility,2026-06-23,87,Yes
1437085883,OCEAN HEALTH CARE CORP,12985 SW 130TH CT STE 107-3,MIAMI,FL,33186,786-329-2219,Jose Diaz Rodriguez,Owner,NO,,Standalone,251E00000X,Home Health,2026-06-23,87,Partial
1942136296,CARING COMPANIONS HEALTHCARE INC,315 W PARIS AVE,WEST TERRE HAUTE,IN,47885,812-877-1020,Michelle Edmondson,President,NO,,Standalone,251E00000X,Home Health,2026-06-23,87,Yes
1548196975,LEGACY CARE SOLUTIONS HOME HEALTH LLC,12919 E 51ST ST S,INDEPENDENCE,MO,64055,816-585-9118,Tonishia Boston,owner,NO,,Standalone,251E00000X,Home Health,2026-06-23,87,Yes
1063348258,"IHELP YOUR HEALTH SERVICES, LLC",1444 UNION STATION CT,LAWRENCEVILLE,GA,30045,404-913-2077,Tauntanisha Glenn,Owner/Managing Member,NO,,Standalone,251E00000X,Home Health,2026-06-23,87,Yes
1174459374,COMPLETE HOMECARE ILLINOIS LLC,21212 NORTHERN BLVD FL 3,BAYSIDE,NY,11361,917-847-0810,Vikram Kaul,President,NO,,Standalone,251E00000X,Home Health,2026-06-23,88,Yes
1902732308,ROBVAIS ENTERPRISES,3251 WALL BLVD,GRETNA,LA,70056,702-268-4285,Tanya Johnson,CEO,NO,,Group — 2 locations (same owner),251E00000X,Home Health,2026-06-23,87,Yes
1689500878,HELIX DIAGNOSTICS LLC,5020 IBC CIR,BROWNSVILLE,TX,78526,713-893-6214,Eder Hernandez,Owner,NO,,Standalone,291U00000X,Clinical Medical Laboratory,2026-06-23,90,Yes
1003742347,MED AND HEALTH SOLUTIONS LLC,5957 CLEVELAND AVE STE B,COLUMBUS,OH,43231,614-779-6697,Mirza Amin,CEO,NO,,Standalone,261QU0200X,Urgent Care Center,2026-06-23,90,Yes
1255267480,THE IMPERIAL ELITE LLC,1938 BURDETTE ST STE 3031,FERNDALE,MI,48220,517-512-4384,Tiffany Wimberly,Ceo,NO,,Standalone,251E00000X,Home Health,2026-06-23,87,Yes
1629904800,ST MATTHEWS TRANSITIONAL CARE LLC,227 BROWNS LN,LOUISVILLE,KY,40207,463-278-0868,Bernard Mcguinness,Manager,NO,,Standalone,314000000X,Skilled Nursing Facility,2026-06-23,85,Yes
1700712114,"ALMA CARE MOBILE, LLC",8895 SPRING GRV N,MOBILE,AL,36695,251-622-3810,Ailin Garcia Roman,OWNER,NO,,Standalone,251E00000X,Home Health,2026-06-23,87,Yes
1760318901,COMPLIANCE360 LLC,845 BESS PL,STOCKTON,CA,95206,270-492-8811,Syed Rizvi,OWNER,NO,,Standalone,291U00000X,Clinical Medical Laboratory,2026-06-23,89,Yes
1992631261,1LAB INC.,6069 N 1ST ST STE 103,FRESNO,CA,93710,559-431-8900,Gurmej Dhillon,President,NO,,Standalone,291U00000X,Clinical Medical Laboratory,2026-06-23,89,Yes
1669308011,RELIANT HOME HELP LLC,8042 HARPER AVE,DETROIT,MI,48213,313-955-8000,Raylawn Copeland,Owner,NO,,Standalone,251E00000X,Home Health,2026-06-23,87,Yes
1679409890,INDEPENDENCE SUPPORT SERVICES LLC,22313 GREGORY ST APT 2,DEARBORN,MI,48124,617-688-7761,Joshua Mendes-Yesufu,CEO,NO,,Standalone,251E00000X,Home Health,2026-06-23,87,Yes
1114853496,"SABRA INDIANA OPERATIONS I, LLC",4411 PARK PLACE DR,FORT WAYNE,IN,46845,260-480-2500,Kris Peters,Director of Business Office,NO,,Standalone,310400000X,Assisted Living Facility,2026-06-23,87,Yes
1063348381,A-1 SPARKLE CLEANING FROM A TO Z,107 BATAVIA ST LOWR UNIT,RIVER ROUGE,MI,48218,313-424-2059,Esten Harris-Barrett,Owner,NO,,Standalone,251E00000X,Home Health,2026-06-23,87,Yes
1013843457,"1ST TEAM HOMECARE, LLC",16250 NORTHLAND DR STE 227,SOUTHFIELD,MI,48075,248-291-7605,Jessie Ruckes,President,NO,,Standalone,251E00000X,Home Health,2026-06-23,87,Yes
1447186861,SERENITY LOVING HANDS,1302 4TH AVE STE 2,CONWAY,SC,29526,843-742-5252,Rajene Rowe,CEO,NO,,Standalone,251E00000X,Home Health,2026-06-23,88,Yes
1407782626,"FROSTCHILD,LLC",7216 S HOOVER ST UNIT A-1,LOS ANGELES,CA,90044,310-659-9502,Danielle Frost,CEO,NO,,Standalone,310400000X,Assisted Living Facility,2026-06-23,86,Yes
1073449377,AT MAJESTIC CARE LLC,2001 BRADDISH AVE,BALTIMORE,MD,21216,443-766-5951,Barbara Poindexter,Owner,NO,,Standalone,310400000X,Assisted Living Facility,2026-06-23,87,Yes
1861328064,SAZ HOME CARE LLC,1540 HIGHWAY 138 SE STE 2N,CONYERS,GA,30013,347-833-0428,Sima Mujenyi,Founder,NO,,Standalone,251E00000X,Home Health,2026-06-23,87,Yes
1326974726,HARMONY CARE RESIDENCE LLC,715 ALAMO LN,ESCONDIDO,CA,92025,760-504-3660,Arceli Nanquil,Managing Member,NO,,Standalone,310400000X,Assisted Living Facility,2026-06-23,86,Yes
1659207058,7 HANDS OF CARE LLC,2004 HIMALAYA WAY,APEX,NC,27502,781-534-4248,Gbodi Fadipe,OWNER,NO,,Standalone,251E00000X,Home Health,2026-06-23,87,Yes
1568398816,"FRESENIUS MEDICAL CARE GRETNA, LLC",959 BEHRMAN HWY,GRETNA,LA,70056,504-391-1041,Barry Blanton,Vice President,YES,"Fresenius Medical Care Holdings, Inc.","Part of group: Fresenius Medical Care Holdings, Inc.",261QE0700X,Dialysis / ESRD Treatment Facility,2026-06-23,89,Yes
1669308904,"ASTRO CARE HOME HEALTH, INC.",879 W 190TH ST STE 400,GARDENA,CA,90248,424-431-7496,Similoluwa Talabi,CEO,NO,,Standalone,251E00000X,Home Health,2026-06-23,87,Yes
1306772751,CONNECTED COMMUNITY LIVING LLC,100 MACTANLY PL STE C,STAUNTON,VA,24401,540-447-0031,Margaret Roth,Owner,NO,,Standalone,251E00000X,Home Health,2026-06-23,88,Yes
1578499166,A TOUCH OF LOVE HOMECARE,5335 ADELAIDE ST,INDIANAPOLIS,IN,46203,317-496-9877,Deanna Stokes,owner,NO,,Standalone,251E00000X,Home Health,2026-06-22,88,Yes
1376479824,WHEELOCK RESIDENTIAL CARE LLC,102 WHEELOCK RD,WATSONVILLE,CA,95076,831-768-0941,Steven Atlas,Manager,NO,,Group — 6 locations (same owner),310400000X,Assisted Living Facility,2026-06-22,87,Yes
1033045570,"WESTBROOK PARK SENIOR LIVING, LLC",15302 BROOKHURST ST,WESTMINSTER,CA,92683,714-775-6775,Steven Atlas,Manager,NO,,Group — 6 locations (same owner),310400000X,Assisted Living Facility,2026-06-22,87,Yes
1487580130,SCHOLASTICA COTTAGES LLC,8618 PARK AVE S,BLOOMINGTON,MN,55420,651-398-1035,Onyekachi Akwarandu,Owner,NO,,Standalone,310400000X,Assisted Living Facility,2026-06-22,88,Yes
1477489003,MERIDIAN CLINICAL LABS LLC,2470 WINDY HILL RD SE STE 300,MARIETTA,GA,30067,470-456-2849,Rachel Cheung,Owner,NO,,Standalone,291U00000X,Clinical Medical Laboratory,2026-06-22,90,Yes
1720914443,GATEWAY URGENT CARE,10767 16TH AVE SW,SEATTLE,WA,98146,206-981-1035,Mohamud Hassan,DNP,NO,,Standalone,261QU0200X,Urgent Care Center,2026-06-22,92,Yes
1558297093,HIGHLINE SENIOR ASSISTED LIVING,7991 W 71ST AVE,ARVADA,CO,80004,303-283-0400,Steven Atlas,Manager,NO,,Group — 6 locations (same owner),310400000X,Assisted Living Facility,2026-06-22,87,Yes
1457287997,"GREENLEAF COURT SENIOR LIVING, LLC",8101 PAINTER AVE,WHITTIER,CA,90602,562-698-0596,Steven Atlas,Manager,NO,,Group — 6 locations (same owner),310400000X,Assisted Living Facility,2026-06-22,87,Yes
1427984970,"FRONT ST RESIDENTIAL CARE, LLC",126 SANTA CRUZ ST # CA95060,SANTA CRUZ,CA,95060,831-427-3387,Steven Atlas,Manager,NO,,Group — 6 locations (same owner),310400000X,Assisted Living Facility,2026-06-22,87,Yes
1942136411,EASTON SNF OPCO LLC,515 DAWSON ST,EASTON,KS,66020,913-773-5517,Nicholas Destefane,President,NO,,Group — 47 locations (same owner),314000000X,Skilled Nursing Facility,2026-06-22,86,Yes
1346176849,HOLTON SNF OPCO LLC,1121 W 7TH ST,HOLTON,KS,66436,785-328-4636,Nicholas Destefane,President,NO,,Group — 47 locations (same owner),314000000X,Skilled Nursing Facility,2026-06-22,86,Yes
1063348589,NORTONVILLE SNF OPCO LLC,412 E WALNUT ST,NORTONVILLE,KS,66060,913-886-6400,Nicholas Destefane,President,NO,,Group — 2 locations (shared phone),314000000X,Skilled Nursing Facility,2026-06-22,86,Yes
1174459697,"TRUE NORTH HOME HEALTH, LLC",6402 82ND AVE S,HORACE,ND,58047,701-793-8670,Tuongvi Vo,Owner,NO,,Standalone,251E00000X,Home Health,2026-06-22,88,Yes
1811823321,NORTONVILLE AL OPCO LLC,415 E WALNUT ST,NORTONVILLE,KS,66060,913-886-6400,Nicholas Destefane,President,NO,,Group — 2 locations (shared phone),310400000X,Assisted Living Facility,2026-06-22,88,Yes
1437085008,DEHEART HOME CARE SERVICES LLC,74 GLEN AVE,ROSELAND,NJ,07068,973-998-1377,Tanya Delouis,owner,NO,,Standalone,251E00000X,Home Health,2026-06-22,89,Yes
1609702075,PREMIUM SECURITY PORTAMEDIC LAB LC,3480 PRESTON RIDGE RD # 578,ALPHARETTA,GA,30005,229-603-8563,Patrice Neale,Owner,NO,,Group — 2 locations (same owner),291U00000X,Clinical Medical Laboratory,2026-06-22,90,Yes
1992631535,WILLOWBROOK BIOSCIENCES LLC,6605 CYPRESSWOOD DR STE 225,SPRING,TX,77379,281-212-3129,Billy Weitz,OWNER,NO,,Standalone,261QU0200X,Urgent Care Center,2026-06-22,91,Yes
1871429316,"COVINA COURT SENIOR LIVING, LLC",825 W SAN BERNARDINO RD,COVINA,CA,91722,626-967-9621,Steven Atlas,Manager,NO,,Group — 6 locations (same owner),310400000X,Assisted Living Facility,2026-06-22,87,Yes
1306772884,PRIMEAXIS URGENT CARE CENTER,11901 SHADOW CREEK PKWY STE 111,PEARLAND,TX,77584,954-669-0401,Jesse Uduma,MEDICAL DIRECTOR,NO,,Standalone,261QU0200X,Urgent Care Center,2026-06-22,91,Yes
1841126414,"OAK HILLS MANOR, LLC",9928 DESMOND DR,OAK HILLS,CA,92344,909-838-1400,James Erwin,Member / Administrator,YES,"Ep Congregate Living, Llc","Part of group: Ep Congregate Living, Llc",314000000X,Skilled Nursing Facility,2026-06-22,86,Yes
1790611457,SWEETZER SENIOR GARDEN,8309 W 3RD ST,LOS ANGELES,CA,90048,818-726-4871,Diana Tekeian,CEO,NO,,Standalone,310400000X,Assisted Living Facility,2026-06-22,87,Yes
1548196108,BRUNSWICK SNF OPCO LLC,721 W HARRISON ST,BRUNSWICK,MO,65236,660-548-3182,Nicholas Destefane,President,NO,,Group — 47 locations (same owner),314000000X,Skilled Nursing Facility,2026-06-22,86,Yes
1073449799,HALA HOME HEALTH CARE LLC,1500 1ST AVE NE STE 225B,ROCHESTER,MN,55906,507-701-6535,Radwa Abdallah,Registered Nurse,NO,,Standalone,251E00000X,Home Health,2026-06-22,88,Yes
1194651687,GRAND MANOR SNF OPCO LLC,3645 COOK AVE,SAINT LOUIS,MO,63113,314-531-2352,Nicholas Destefane,President,NO,,Group — 47 locations (same owner),314000000X,Skilled Nursing Facility,2026-06-22,86,Yes
1326974817,GREGORY RIDGE SNF OPCO LLC,7001 CLEVELAND AVE,KANSAS CITY,MO,64132,816-333-0700,Nicholas Destefane,President,NO,,Group — 47 locations (same owner),314000000X,Skilled Nursing Facility,2026-06-22,86,Yes
1518893007,HERITAGE SNF OPCO LLC,4401 N HANLEY RD,SAINT LOUIS,MO,63134,314-521-7471,Nicholas Destefane,President,NO,,Group — 47 locations (same owner),314000000X,Skilled Nursing Facility,2026-06-22,86,Yes
1669308169,HIDDEN LAKE OPCO LLC,11728 HIDDEN LAKE DR,SAINT LOUIS,MO,63138,314-355-8833,Nicholas Destefane,President,NO,,Group — 2 locations (shared phone),314000000X,Skilled Nursing Facility,2026-06-22,86,Yes
1902732407,HILLSIDE SNF OPCO LLC,1265 MCLARAN AVE,SAINT LOUIS,MO,63147,314-388-4121,Nicholas Destefane,President,NO,,Group — 47 locations (same owner),314000000X,Skilled Nursing Facility,2026-06-22,86,Yes
1336075993,"JEFFERSON MO HEALTHCARE, LLC",1720 VIETH DR,JEFFERSON CITY,MO,65109,573-635-6193,Judah Bienstock,"CEO, Managing Member",NO,,Group — 2 locations (same owner),314000000X,Skilled Nursing Facility,2026-06-22,86,Yes
1174459671,LEGENDARY SNF OPCO LLC,809 E GORDON ST,MARSHALL,MO,65340,660-886-2247,Nicholas Destefane,President,NO,,Group — 47 locations (same owner),314000000X,Skilled Nursing Facility,2026-06-22,86,Yes
1508792011,NATHAN RICHARD SNF OPCO LLC,700 E HIGHLAND AVE,NEVADA,MO,64772,417-667-8889,Nicholas Destefane,President,NO,,Group — 47 locations (same owner),314000000X,Skilled Nursing Facility,2026-06-22,86,Yes
1497681902,NICK'S SNF OPCO LLC,253 E HIGHWAY 116,PLATTSBURG,MO,64477,816-539-2376,Nicholas Destefane,President,NO,,Group — 47 locations (same owner),314000000X,Skilled Nursing Facility,2026-06-22,86,Yes
1295661700,NORTH VILLAGE PARK SNF OPCO LLC,2041 SILVA LN,MOBERLY,MO,65270,660-269-7300,Nicholas Destefane,President,NO,,Group — 47 locations (same owner),314000000X,Skilled Nursing Facility,2026-06-22,86,Yes
1326974841,ODESSA SNF OPCO LLC,609 GOLF ST,ODESSA,MO,64076,816-230-7530,Nicholas Destefane,President,NO,,Group — 47 locations (same owner),314000000X,Skilled Nursing Facility,2026-06-22,86,Yes
1841126364,PARKWAY SNF OPCO LLC,2323 DR MARTIN LUTHER KING JR BLVD,KANSAS CITY,MO,64130,816-924-1122,Nicholas Destefane,President,NO,,Group — 47 locations (same owner),314000000X,Skilled Nursing Facility,2026-06-22,86,Yes
1821924341,PORTAGEVILLE SNF OPCO LLC,290 W STATE HIGHWAY 162,PORTAGEVILLE,MO,63873,573-379-2017,Nicholas Destefane,President,NO,,Group — 47 locations (same owner),314000000X,Skilled Nursing Facility,2026-06-22,86,Yes
1689500290,"ENTYRE CARE FLORIDA, LLC",1200 S PINE ISLAND RD,PLANTATION,FL,33324,617-784-7643,Benedikt Reiger,COO,NO,,Standalone,251E00000X,Home Health,2026-06-22,88,Yes
1114853843,PROTECTING ANGELS LLC,901 NW 8TH AVE STE B5-1,GAINESVILLE,FL,32601,352-219-1661,Amanda Maxwell,Administrator,NO,,Standalone,251E00000X,Home Health,2026-06-22,88,Yes
1134055866,I'M COMING LLC,6501 SORBY CT,NORFOLK,VA,23513,757-553-2332,Fred Asbell,CEO,NO,,Standalone,310400000X,Assisted Living Facility,2026-06-22,88,Yes
1285560797,AMERICAN CURRENT CARE P.A.,2200 W INTERNATIONAL SPEEDWAY BLVD STE 2,DAYTONA BEACH,FL,32114,386-323-7048,Robert Hassett,VP,NO,,Group — 3 locations (same owner),261QU0200X,Urgent Care Center,2026-06-22,91,Yes
1538095054,REST HAVEN SNF OPCO LLC,1800 S INGRAM AVE,SEDALIA,MO,65301,660-827-0845,Nicholas Destefane,President,NO,,Group — 47 locations (same owner),314000000X,Skilled Nursing Facility,2026-06-22,86,Yes
1356277883,SARCOXIE SNF OPCO LLC,1505 MINER ST,SARCOXIE,MO,64862,417-548-3434,Nicholas Destefane,President,NO,,Group — 47 locations (same owner),314000000X,Skilled Nursing Facility,2026-06-22,86,Yes
1881520310,SOUTH COUNTY SNF OPCO LLC,1101 W OUTER 21 RD,ARNOLD,MO,63010,636-296-5455,Nicholas Destefane,President,NO,,Group — 47 locations (same owner),314000000X,Skilled Nursing Facility,2026-06-22,86,Yes
1497681928,ST. ELIZABETH SNF OPCO LLC,649 S WALNUT ST,ST ELIZABETH,MO,65075,573-493-2215,Nicholas Destefane,President,NO,,Group — 47 locations (same owner),314000000X,Skilled Nursing Facility,2026-06-22,86,Yes
1992631550,STEELVILLE HEALTHCARE LLC,311 N SPRING ST,STEELVILLE,MO,65565,573-260-8850,Judah Bienstock,"CEO, Managing Member",NO,,Group — 2 locations (same owner),314000000X,Skilled Nursing Facility,2026-06-22,86,Yes
1225964752,STONECREST SNF OPCO LLC,2 HIGHWAY Y,VIBURNUM,MO,65566,573-244-3171,Nicholas Destefane,President,NO,,Group — 47 locations (same owner),314000000X,Skilled Nursing Facility,2026-06-22,86,Yes
1932035466,WESTVIEW SNF OPCO LLC,301 W DUNLOP ST,CENTER,MO,63436,573-267-3920,Nicholas Destefane,President,NO,,Group — 47 locations (same owner),314000000X,Skilled Nursing Facility,2026-06-22,86,Yes
1114853645,WELLSVILLE SNF OPCO LLC,250 E LOCUST ST,WELLSVILLE,MO,63384,573-684-2002,Nicholas Destefane,President,NO,,Group — 47 locations (same owner),314000000X,Skilled Nursing Facility,2026-06-22,86,Yes
1629904222,HELIXBIODX LABORATORIES LLC,4730 NW 2ND AVE STE 101,BOCA RATON,FL,33431,561-612-8811,Sophia Walker,Director of Laboratory Operations,NO,,Standalone,291U00000X,Clinical Medical Laboratory,2026-06-22,90,Yes
1093641730,LINEAR HEALTH LLC,3068 E WILD DR,SAN TAN VALLEY,AZ,85143,832-755-6029,Chantal Murebwayire,Owner,NO,,Standalone,251E00000X,Home Health,2026-06-22,88,Yes
1669308177,VETERANS LEGACY HOME SUPPORT SERVICES LLC,1513 GEORGE DOUTHIT DR SW,JACKSONVILLE,AL,36265,256-458-0850,Lisa Foney,Operation Director,NO,,Standalone,291U00000X,Clinical Medical Laboratory,2026-06-22,90,Yes
1285560771,GREENVILLE SNF OPCO LLC,117 SYCAMORE ST,GREENVILLE,MO,63944,573-224-3298,Nicholas Destefane,President,NO,,Group — 47 locations (same owner),314000000X,Skilled Nursing Facility,2026-06-22,86,Yes
1881520393,MILAN SNF OPCO LLC,52435 INFIRMARY RD,MILAN,MO,63556,660-265-4032,Nicholas Destefane,President,NO,,Group — 47 locations (same owner),314000000X,Skilled Nursing Facility,2026-06-22,86,Yes
1427984087,CASSVILLE SNF OPCO LLC,1300 COUNTY FARM RD,CASSVILLE,MO,65625,417-847-3386,Nicholas Destefane,President,NO,,Group — 47 locations (same owner),314000000X,Skilled Nursing Facility,2026-06-22,86,Yes
1033045588,CONSIDERATION HEALTH CARE LLC,330 CROSSING BLVD STE 129,ORANGE PARK,FL,32073,904-444-7892,Monette Martinez,Administrator,NO,,Standalone,251E00000X,Home Health,2026-06-22,88,Yes
1932035409,CEG SNF OPCO LLC,5000 S BROADWAY,SAINT LOUIS,MO,63111,314-752-0000,Nicholas Destefane,President,NO,,Group — 47 locations (same owner),314000000X,Skilled Nursing Facility,2026-06-22,86,Yes
1649106113,CHARITON PARK SNF OPCO LLC,902 MANOR DR,SALISBURY,MO,65281,660-388-6486,Nicholas Destefane,President,NO,,Group — 47 locations (same owner),314000000X,Skilled Nursing Facility,2026-06-22,86,Yes
1699601161,CRESTWOOD SNF OPCO LLC,11400 MEHL AVE,FLORISSANT,MO,63033,314-741-3525,Nicholas Destefane,President,NO,,Group — 47 locations (same owner),314000000X,Skilled Nursing Facility,2026-06-22,86,Yes
1447186184,COVENTRY ROYAL CARE LLC,17717 N 69TH AVE,GLENDALE,AZ,85308,602-900-6868,Stefan Striblea,Owner,NO,,Standalone,310400000X,Assisted Living Facility,2026-06-22,87,Yes
1447186838,BEVERLY HILLS SURGERY CENTER GROUP,2080 CENTURY PARK E STE 500,LOS ANGELES,CA,90067,661-388-4143,Elliot Lander,MEDICAL DIRECTOR,NO,,Group — 2 locations (shared phone),261QA1903X,Ambulatory Surgery Center,2026-06-22,89,Yes
1164358677,TRUSTED PATH HOME CARE LLC,4100 CORPORATE SQ STE 153C,NAPLES,FL,34104,239-258-5310,Carmesuze Philistin,ADMINISTRATOR,NO,,Standalone,251E00000X,Home Health,2026-06-22,88,Yes
1851227334,EASTVIEW SNF OPCO LLC,1622 E 28TH ST,TRENTON,MO,64683,660-359-2251,Nicholas Destefane,President,NO,,Group — 47 locations (same owner),314000000X,Skilled Nursing Facility,2026-06-22,86,Yes
1598691073,EDGEWOOD SNF OPCO LLC,11900 JESSICA LN,RAYTOWN,MO,64138,816-358-7858,Nicholas Destefane,President,NO,,Group — 47 locations (same owner),314000000X,Skilled Nursing Facility,2026-06-22,86,Yes
1306772959,BROOKFIELD SNF OPCO LLC,215 E PRATT ST,BROOKFIELD,MO,64628,660-675-0600,Nicholas Destefane,President,NO,,Group — 47 locations (same owner),314000000X,Skilled Nursing Facility,2026-06-22,86,Yes
1902732381,PRIME HEALTHCARE AMERICA LLC,11466 LEATHERBACK CT,JACKSONVILLE,FL,32256,800-813-3251,Brittany Darby,Managing Member,NO,,Standalone,251E00000X,Home Health,2026-06-22,88,Yes
1487580023,BRIDGEWOOD SNF OPCO LLC,11515 TROOST AVE,KANSAS CITY,MO,64131,816-943-0101,Nicholas Destefane,President,NO,,Group — 47 locations (same owner),314000000X,Skilled Nursing Facility,2026-06-22,86,Yes
1588590236,MONTANA BILLING & HOLDINGS LLC,5634 N PERSHING AVE STE B7,STOCKTON,CA,95207,350-203-5292,Ventura Enriquez,CEO,NO,,Group — 2 locations (shared phone),291U00000X,Clinical Medical Laboratory,2026-06-22,90,Yes
1598691081,FAIR VIEW SNF OPCO LLC,1714 W 16TH ST,SEDALIA,MO,65301,660-827-1594,Nicholas Destefane,President,NO,,Group — 47 locations (same owner),314000000X,Skilled Nursing Facility,2026-06-22,86,Yes
1922934413,FOUR SEASONS SNF OPCO LLC,2800 HIGHWAY TT,SEDALIA,MO,65301,660-826-8803,Nicholas Destefane,President,NO,,Group — 47 locations (same owner),314000000X,Skilled Nursing Facility,2026-06-22,86,Yes
1093641482,TARACARE SUPPORTIVE SERVICES LLC,844 W COBBS CREEK PKWY,YEADON,PA,19050,610-500-4222,Tara Hardy,Administrator,NO,,Standalone,251E00000X,Home Health,2026-06-22,89,Yes
1053247627,CEDARGATE OPCO LLC,2350 KANELL BLVD,POPLAR BLUFF,MO,63901,573-785-0188,Nicholas Destefane,President,NO,,Group — 2 locations (shared phone),314000000X,Skilled Nursing Facility,2026-06-22,86,Yes
1124954839,NORTHWEST KIDNEY CENTERS OREGON LLC,3514 NE SANDY BLVD,PORTLAND,OR,97232,206-292-2771,Jennifer Eslava,CFO,YES,Northwest Kidney Centers,Part of group: Northwest Kidney Centers,261QE0700X,Dialysis / ESRD Treatment Facility,2026-06-20,92,Yes
1811823602,BIEN-AISE LLC,365 HILLVIEW DR,MOUNT WOLF,PA,17347,223-221-8190,Jean Bienaise,Administrator,NO,,Standalone,251E00000X,Home Health,2026-06-20,91,Yes
1326974015,FORTUNE PREMIER SERVICES LLC,512 MUNSTER AVE,GREENSBORO,NC,27406,336-579-7529,Kamira Fortune,Owner,NO,,Standalone,251E00000X,Home Health,2026-06-20,90,Yes
1992631683,CAREHAVEN HEALTHCARE LLC,1757 MIRAMONTE WAY,LAWRENCEVILLE,GA,30045,770-852-5510,Maureen Legemah,Administrator,NO,,Standalone,251E00000X,Home Health,2026-06-20,90,Yes
1336075118,QUANTIX LABS,146 NORWALK AVE,MEDFORD,NY,11763,702-727-6256,Mazie Perry,Owner,NO,,Group — 5 locations (shared phone),291U00000X,Clinical Medical Laboratory,2026-06-20,93,Yes
1992631600,SHALOVE SENIOR LIVING COMMUNITY,5901 ELMORE AVE APT F12,DAVENPORT,IA,52807,563-676-7043,Marshano Richardson,CEO,NO,,Standalone,310400000X,Assisted Living Facility,2026-06-20,90,Yes
1245166024,MEDIVAULT LABS,146 NORWALK AVE,MEDFORD,NY,11763,702-727-6256,Mazie Perry,owner,NO,,Group — 5 locations (shared phone),291U00000X,Clinical Medical Laboratory,2026-06-20,93,Yes
1881520583,COVENANT CARE WISCONSIN LLC,4216 N TERRAVIEW DR,APPLETON,WI,54913,262-212-2368,Oladimeji Tomori,CEO,NO,,Standalone,251E00000X,Home Health,2026-06-20,91,Yes
1922934611,PROMDIX LLC,3701 ROCKAWAY ST,FORT COLLINS,CO,80526,267-809-7555,Sadaf Chaudhry,Owner,NO,,Standalone,291U00000X,Clinical Medical Laboratory,2026-06-20,92,Yes
1730015504,BLUEPEAK HEALTH SOLUTIONS,146 NORWALK AVE,MEDFORD,NY,11763,702-727-6256,Mazie Perry,owner,NO,,Group — 5 locations (shared phone),291U00000X,Clinical Medical Laboratory,2026-06-20,93,Yes
1972439750,VERTEX SOLUTIONS,146 NORWALK AVE,MEDFORD,NY,11763,702-727-6256,Mazie Perry,owner,NO,,Group — 5 locations (shared phone),291U00000X,Clinical Medical Laboratory,2026-06-20,93,Yes
1063348845,NEXGEN SOLUTIONS,146 NORWALK AVE,MEDFORD,NY,11763,702-727-6256,Mazie Perry,owner,NO,,Group — 5 locations (shared phone),291U00000X,Clinical Medical Laboratory,2026-06-20,93,Yes
1144156902,LJ & MARGARITA HOME CARE LLC,817 HOUR GLASS RD,LAKELAND,FL,33801,570-867-3363,Margarita Fernandez Torres,Owner/Administrator,NO,,Standalone,251E00000X,Home Health,2026-06-19,91,Yes
1245166099,"CAROLINE CREEK HEALTHCARE, INC.",5888 BLANDING BLVD,JACKSONVILLE,FL,32244,904-772-1220,Soon Burnam,Secretary,NO,,Group — 25 locations (same owner),314000000X,Skilled Nursing Facility,2026-06-19,89,Yes
1790611523,"SIESTA SPRING HEALTHCARE, INC.",206 W ORANGE ST,DAVENPORT,FL,33837,863-422-4961,Soon Burnam,Secretary,NO,,Group — 25 locations (same owner),314000000X,Skilled Nursing Facility,2026-06-19,89,Yes
1326974171,"LA PASCUA PEAK HEALTHCARE, INC.",1780 N JEFFERSON HWY,MONTICELLO,FL,32344,850-997-2313,Soon Burnam,Secretary,NO,,Group — 25 locations (same owner),314000000X,Skilled Nursing Facility,2026-06-19,89,Yes
1144156985,"GILLESPIE GROVE HEALTHCARE, INC.",1755 18TH ST,SARASOTA,FL,34234,941-955-4915,Soon Burnam,Secretary,NO,,Group — 25 locations (same owner),314000000X,Skilled Nursing Facility,2026-06-19,89,Yes
1306772108,PEACE ON EARTH LIVING LLC,15008 STEVENS AVE,BURNSVILLE,MN,55306,952-451-2356,Moira Duverneau-Salifu,Director / President,NO,,Standalone,251E00000X,Home Health,2026-06-19,91,Yes
1033045885,"FRANKLIN CANYON HEALTHCARE, INC.",239 CROOKED RIVER RD,CARRABELLE,FL,32322,850-697-2020,Soon Burnam,Secretary,NO,,Group — 25 locations (same owner),314000000X,Skilled Nursing Facility,2026-06-19,89,Yes
1093641946,SACRED SIX SOLUTIONS,5260 FULLERTON AVE APT A,BAKER,LA,70714,225-220-0437,Rose Anthony,Owner,NO,,Standalone,291U00000X,Clinical Medical Laboratory,2026-06-19,94,Yes
1437085263,"CHARLOTTE GLEN HEALTHCARE, INC.",1351 SAN CHRISTOPHER DR,DUNEDIN,FL,34698,727-736-1421,Soon Burnam,Secretary,NO,,Group — 25 locations (same owner),314000000X,Skilled Nursing Facility,2026-06-19,89,Yes
1558297309,"BERMUDA BOG HEALTHCARE, INC.",5377 MONCRIEF RD,JACKSONVILLE,FL,32209,904-768-1506,Soon Burnam,Secretary,NO,,Group — 25 locations (same owner),314000000X,Skilled Nursing Facility,2026-06-19,89,Yes
1639005531,LOUISIANA HEART OUTPATIENT SURGERY CENTER LLC,71070 HIGHWAY 21,COVINGTON,LA,70433,985-777-7000,Farhad Aduli,CEO,NO,,Standalone,261QA1903X,Ambulatory Surgery Center,2026-06-19,93,Yes
1194651935,EVERLY CARE HOME LLC,215 CASTILLON WAY,SAN JOSE,CA,95119,408-316-3016,Nazila Fereydoon,Licensee/Adminstrator,NO,,Standalone,310400000X,Assisted Living Facility,2026-06-19,90,Yes
1427984319,OCEAN PEARL CARE GROUP LLC,2019 LAFAYETTE ST,FORT MYERS,FL,33901,334-468-8417,Crystal Tucker,Administrative,NO,,Standalone,251E00000X,Home Health,2026-06-19,91,Yes
1649106543,KAWEAH DELTA HEALTH CARE DISTRICT,1633 S COURT ST,VISALIA,CA,93277,559-624-2000,Malinda Tupper,Chief Financial Officer,NO,,Group — 2 locations (same owner),314000000X,Skilled Nursing Facility,2026-06-19,89,Yes
1578499463,KAWEAH DELTA HEALTH CARE DISTRICT,840 S AKERS ST,VISALIA,CA,93277,559-624-3700,Malinda Tupper,Chief Financial Officer,NO,,Group — 2 locations (same owner),314000000X,Skilled Nursing Facility,2026-06-19,89,Yes
1497681233,DIRECT 2 U LAB LLC,2950 S RAINBOW BLVD STE 260,LAS VEGAS,NV,89146,702-760-8390,Natasha Smith,Manager,NO,,Standalone,291U00000X,Clinical Medical Laboratory,2026-06-19,94,Yes
1184550907,RAPID URGENT CARE,2151 HERNDON AVE STE 102,CLOVIS,CA,93611,661-303-8828,Navdeep Kaur,CFO,NO,,Standalone,261QU0200X,Urgent Care Center,2026-06-19,94,Yes
1306772157,"MARIANNA MEADOW HEALTHCARE, INC.",13455 W US 90,GREENVILLE,FL,32331,850-948-4601,Soon Burnam,Secretary,NO,,Group — 25 locations (same owner),314000000X,Skilled Nursing Facility,2026-06-19,89,Yes
1124954011,"WALLA WALLA AL, LLC",1018 WHITMAN ST,WALLA WALLA,WA,99362,509-781-9022,Chris Spencer,Sr VP of Operations,NO,,Group — 5 locations (same owner),310400000X,Assisted Living Facility,2026-06-19,91,Yes
1912833815,"BLUE IRIS ASSISTED LIVING, INC",7105 N WILLIAMSON VALLEY RD,PRESCOTT,AZ,86305,928-778-0002,Catherine Excell,Owner/Manager,NO,,Standalone,310400000X,Assisted Living Facility,2026-06-19,90,Yes
1295661049,PREMIUM SECURITY PORTAMEDIC,3480 PRESTON RIDGE RD STE 578,ALPHARETTA,GA,30005,470-628-1069,Patrice Neale,Owner,NO,,Group — 2 locations (same owner),291U00000X,Clinical Medical Laboratory,2026-06-19,93,Yes
1184550071,CLASS A MSO LLC,1950 DODGE RD NE STE 106,CEDAR RAPIDS,IA,52402,319-768-7000,Stephanie Johnson,Owner,NO,,Standalone,291U00000X,Clinical Medical Laboratory,2026-06-19,93,Yes
1508792375,"GOLDENWAY CLUB, LLC",6714 HIGHWAY 85,RIVERDALE,GA,30274,877-723-2490,Tenisha Campbell,Owner/CEO,NO,,Standalone,251E00000X,Home Health,2026-06-19,91,Yes
1447186200,FARSYAR FOUNDATION,1750 SOUTHPARK CT,CONCORD,CA,94519,925-265-6886,Mahdokht Dorie Ofogh,Administrator,NO,,Standalone,310400000X,Assisted Living Facility,2026-06-19,90,Yes
1205762101,"CAMAS AL, LLC",2647 NW KENT ST,CAMAS,WA,98607,360-967-0940,Chris Spencer,Sr. VP of Operations,NO,,Group — 5 locations (same owner),310400000X,Assisted Living Facility,2026-06-19,91,Yes
1154257053,"SEQUIM AL, LLC",680 W PRAIRIE ST,SEQUIM,WA,98382,360-934-1311,Chris Spencer,Sr VP of Operations,NO,,Group — 5 locations (same owner),310400000X,Assisted Living Facility,2026-06-19,91,Yes
1174459002,FLATBUSH RESIDENCES LLC,6700 WHITE AVE,LONG BEACH,CA,90805,562-470-6077,Reyolito Maniwang,Ceo,NO,,Standalone,310400000X,Assisted Living Facility,2026-06-19,90,Yes
1174459937,PROMED PREFERRED IL 4 PLLC,1449 W IRVING PARK RD,CHICAGO,IL,60613,872-315-3375,Lauren Buckingham,Manager,NO,,Standalone,261QU0200X,Urgent Care Center,2026-06-19,94,Yes
1386570281,"SPOKANE VALLEY AL, LLC",12903 E MISSION AVE,SPOKANE VALLEY,WA,99216,509-584-4518,Chris Spencer,Sr. VP Operations,NO,,Group — 5 locations (same owner),310400000X,Assisted Living Facility,2026-06-19,91,Yes
1528994423,"VANCOUVER AL, LLC",2610 SE 164TH AVE,VANCOUVER,WA,98683,360-502-2953,Chris Spencer,Sr VP of Operations,NO,,Group — 5 locations (same owner),310400000X,Assisted Living Facility,2026-06-19,91,Yes
1336075159,NOVATOX LLC,210 W 1ST ST STE 209,SANTA ANA,CA,92701,252-607-5696,Saed Rahmat Sadeghi,Owner,NO,,Standalone,291U00000X,Clinical Medical Laboratory,2026-06-19,93,Yes
1497681365,LESTER E COX MEDICAL CENTERS,3203 E OLD STONE AVE STE 101,BROOKLINE,MO,65619,417-269-1960,Jacob Mcway,Exec. VP & CFO,NO,,Standalone,261QU0200X,Urgent Care Center,2026-06-19,94,Yes
1700712635,AAA HOME CARE SERVICES,1925 EUCLID AVE STE 109A,SAN DIEGO,CA,92105,619-995-0811,Sadiya Ali,Owner,NO,,Standalone,251E00000X,Home Health,2026-06-19,91,Yes
1235065160,A QUEEN EMPOWERING QUEENZ INC,5432 W CENTRAL AVE STE 4,TOLEDO,OH,43615,567-312-2260,Moneq Swilling,Founder,NO,,Standalone,251E00000X,Home Health,2026-06-19,92,Yes
1689500415,HEALING HANZ PARAMEDICAL SRVCS LLC,5455 ARLINGTON ST,PHILADELPHIA,PA,19131,267-916-6090,Felicia Harris,Phlebotomist,NO,,Standalone,291U00000X,Clinical Medical Laboratory,2026-06-19,94,Yes
1053247924,FALLS VILLAGE SNF OPCO LLC,330 BROADWAY ST E,CUYAHOGA FALLS,OH,44221,330-945-9797,Yechezkel Serebrowski,COO of the Opco,NO,,Group — 5 locations (same owner),314000000X,Skilled Nursing Facility,2026-06-19,89,Yes
1083540967,NORTHFIELD SNF OPCO LLC,10267 NORTHFIELD RD,NORTHFIELD,OH,44067,330-468-1800,Yechezkel Serebrowski,COO of the OPCO,NO,,Group — 5 locations (same owner),314000000X,Skilled Nursing Facility,2026-06-19,89,Yes
1114853959,BITTERROOT HAVEN LLC,196 PROVIDENCE WAY,HAMILTON,MT,59840,406-330-0395,Aubrey Davis,Administrator,NO,,Standalone,310400000X,Assisted Living Facility,2026-06-19,91,Yes
1851227698,EAGLE RIDGE NURSING AND REHABILITATION LLC,204 N KEOKUK WASHINGTON RD,KEOTA,IA,52248,641-636-3400,Rachel Silver,CFO,NO,,Group — 2 locations (same owner),314000000X,Skilled Nursing Facility,2026-06-19,89,Yes
1477489342,GREEN VILLAGE SNF OPCO LLC,708 MOORE RD,AKRON,OH,44319,330-409-0345,Yechezkel Serebrowski,COO of the OPCO,NO,,Group — 5 locations (same owner),314000000X,Skilled Nursing Facility,2026-06-19,89,Yes
1235065079,AVIRA CARE CENTER LLC,6131 PARK RIDGE RD,LOVES PARK,IL,61111,815-633-6810,Bert Heinemann,Manager,NO,,Standalone,314000000X,Skilled Nursing Facility,2026-06-19,89,Yes
1083540959,CONCORD SNF OPCO LLC,10955 CAPITAL PKWY,CONCORD TOWNSHIP,OH,44077,440-709-1111,Yechezkel Serebrowski,COO of the OPCO,NO,,Group — 5 locations (same owner),314000000X,Skilled Nursing Facility,2026-06-19,89,Yes
1164358222,SOUTH HILLS REHABILITATION & NURSING LLC,201 VILLAGE DR,CANONSBURG,PA,15317,412-824-3397,Jonathan Strauss,Managing Manager,NO,,Group — 4 locations (same owner),314000000X,Skilled Nursing Facility,2026-06-18,91,Yes
1629904701,"OMAPIX, INC.",5107 PEGASUS CT STE G,FREDERICK,MD,21704,301-615-8284,Shawn Clairmont,CEO,NO,,Standalone,291U00000X,Clinical Medical Laboratory,2026-06-18,95,Yes
1215863352,CRESTWOOD LEGACY HOMES LLC,942 STUDER AVE,COLUMBUS,OH,43206,937-543-2738,Paul Shenjere Mutiswa,Owner,NO,,Standalone,310400000X,Assisted Living Facility,2026-06-18,92,Yes
1003742115,JC FAMILY TESTING INC,11555 MEDLOCK BRIDGE RD,JOHNS CREEK,GA,30097,678-360-0873,Haricharan Teja Madduri,Preseident,NO,,Standalone,291U00000X,Clinical Medical Laboratory,2026-06-18,94,Yes
1700712817,THE HOMESTEAD OF COSHOCTON,48241 GENESIS DRIVE,COSHOCTON,OH,43812,740-295-8880,Tana Fischer,Executive Director,NO,,Standalone,310400000X,Assisted Living Facility,2026-06-18,92,Yes
1669308730,"STARLING PHYSICIANS, PLLC",1210 SILAS DEANE HWY,WETHERSFIELD,CT,06109,860-827-4664,Susan Matthews,Manager Delegated Cred/PE,NO,,Standalone,291U00000X,Clinical Medical Laboratory,2026-06-18,94,Yes
1376479436,MONROEVILLE REHABILITATION & NURSING LLC,4142 MONROEVILLE BLVD,MONROEVILLE,PA,15146,412-856-7570,Jonathan Strauss,Managing Member,NO,,Group — 4 locations (same owner),314000000X,Skilled Nursing Facility,2026-06-18,91,Yes
1538095690,MURRYSVILLE REHABILITATION & NURSING LLC,3300 LOGAN FERRY RD,MURRYSVILLE,PA,15668,724-325-1500,Jonathan Strauss,Managing Member,NO,,Group — 4 locations (same owner),314000000X,Skilled Nursing Facility,2026-06-18,91,Yes
1134055205,RELYON LABS INC,950 DIXIE DR,JONESBORO,GA,30236,866-983-9736,Valesia Everson,COO,NO,,Standalone,291U00000X,Clinical Medical Laboratory,2026-06-18,94,Yes
1275469330,MT. LEBANON REHABILITATION & NURSING LLC,350 OLD GILKESON RD,PITTSBURGH,PA,15228,724-746-1300,Jonathan Strauss,Managing Member,NO,,Group — 4 locations (same owner),314000000X,Skilled Nursing Facility,2026-06-18,91,Yes
1669308771,TYH AIKEN OPCO LLC,123 DUPONT DR NW,AIKEN,SC,29801,803-648-0434,Jonathan Pelman,ceo,NO,,Group — 4 locations (same owner),314000000X,Skilled Nursing Facility,2026-06-18,91,Yes
1033045109,ELSA LLC,6047 NE 203RD ST,KENMORE,WA,98028,206-816-5252,Elizabeth Tafesse,owner,NO,,Standalone,251E00000X,Home Health,2026-06-18,93,Yes
1033044169,PRIMECARE AT HOME SERVICES LLC,11300 PARKMONT DR,SAINT LOUIS,MO,63138,314-546-0217,Tommie Chestang,Administrator/Owner,NO,,Standalone,251E00000X,Home Health,2026-06-18,92,Partial
1356277313,NORTHERN ILLINOIS MEDICAL SUPPLY LLC,119 E PALATINE RD STE 108,PALATINE,IL,60067,847-847-6129,Muhammad Salman Afzal,Owner,NO,,Group — 2 locations (same owner),291U00000X,Clinical Medical Laboratory,2026-06-18,94,Yes
1598691693,PASSION AND CARE LLC,2346 DORA ST,FORT MYERS,FL,33901,239-222-9850,Myriam Colas,Managing Member,NO,,Standalone,251E00000X,Home Health,2026-06-18,92,Yes
1154257186,TYH BLACKVILLE OPCO LLC,1612 JONES BRIDGE RD,BLACKVILLE,SC,29817,803-284-4313,Jonathan Pelman,ceo,NO,,Group — 4 locations (same owner),314000000X,Skilled Nursing Facility,2026-06-18,91,Yes
1710813712,"FRONTLINE HEALTHCARE 3, PROFESSIONAL CORPORATION",225 W HILLCREST DR # 111,THOUSAND OAKS,CA,91360,626-321-5755,Fungwah Ruiz,Administrator,NO,,Standalone,261QU0200X,Urgent Care Center,2026-06-18,95,Yes
1629904719,ESSENTIAL C.A.R.E. AT HOME LLC,17515 W 9 MILE RD STE 525,SOUTHFIELD,MI,48075,313-220-1385,Rasheda Edgar,Owner,NO,,Standalone,251E00000X,Home Health,2026-06-18,92,Yes
1710813787,PECOS SURGERY CENTER LLC,3235 E WARM SPRINGS RD STE 110,LAS VEGAS,NV,89120,702-255-5900,Adedayo Mokuolu,president,NO,,Standalone,261QA1903X,Ambulatory Surgery Center,2026-06-18,94,Yes
1386570349,NORTHERN ILLINOIS MEDICAL SUPPLY LLC,119 E PALATINE RD STE 108,PALATINE,IL,60067,551-294-3193,Muhammad Salman Afzal,Owner,NO,,Group — 2 locations (same owner),261QU0200X,Urgent Care Center,2026-06-18,95,Yes
1811822943,TENDER HEART HOMECARE SERVICES LLC,1584 HEBRON LN,RIVERDALE,GA,30296,470-331-5143,Bukola Person,Director,NO,,Standalone,310400000X,Assisted Living Facility,2026-06-18,92,Yes
1275468308,AMITY HOME CARE LLC,1226 TROPHY CLUB AVE,DACULA,GA,30019,404-477-8775,Shahida Dulay,owner,NO,,Standalone,251E00000X,Home Health,2026-06-18,92,Yes
1063348167,ANDOVER SNF OPCO LLC,486 S MAIN ST,ANDOVER,OH,44003,440-293-5416,Yechezkel Serebrowski,COO of the OpCo,NO,,Group — 5 locations (same owner),314000000X,Skilled Nursing Facility,2026-06-18,90,Yes
1972439941,"FHS AMELIA, INC.",100 POND VIEW DR,AMELIA,OH,45102,440-793-2245,Sandy Muir,CORPORATE SECRETARY,NO,,Standalone,314000000X,Skilled Nursing Facility,2026-06-18,91,Yes
1588590525,TYH WILLISTON OPCO LLC,5721 SPRINGFIELD RD,WILLISTON,SC,29853,803-266-3229,Jonathan Pelman,ceo,NO,,Group — 4 locations (same owner),314000000X,Skilled Nursing Facility,2026-06-18,91,Yes
1952237984,TYH FLORENCE OPCO LLC,133 W CLARKE RD,FLORENCE,SC,29501,843-669-4374,Jonathan Pelman,ceo,NO,,Group — 4 locations (same owner),314000000X,Skilled Nursing Facility,2026-06-18,91,Yes
1558297507,NOVION DIAGNOSTICS,1101 ARROW POINT DR STE 205,CEDAR PARK,TX,78613,805-637-4957,Thibault Keppi,Owner,NO,,Standalone,291U00000X,Clinical Medical Laboratory,2026-06-18,95,Yes
